country,iso,region,score,time
Albania,ALB,ECA,25,2004
Algeria,DZA,MENA,27,2004
Angola,AGO,SSA,20,2004
Argentina,ARG,AME,25,2004
Armenia,ARM,ECA,31,2004
Australia,AUS,AP,88,2004
Austria,AUT,WE/EU,84,2004
Azerbaijan,AZE,ECA,19,2004
Bahrain,BHR,MENA,58,2004
Bangladesh,BGD,AP,15,2004
Barbados,BRB,AME,73,2004
Belarus,BLR,ECA,33,2004
Belgium,BEL,WE/EU,75,2004
Belize,BEN,SSA,38,2004
Benin,BOL,AME,32,2004
Bolivia,BOL,AME,22,2004
Bosnia and Herzegovina,BIH,ECA,31,2004
Botswana,BWA,SSA,60,2004
Brazil,BRA,AME,39,2004
Bulgaria,BGR,WE/EU,41,2004
Cameroon,CMR,SSA,21,2004
Canada,CAN,AME,85,2004
Chad,TCD,SSA,17,2004
Chile,CHL,AME,74,2004
China,CHN,AP,34,2004
Colombia,COL,AME,38,2004
Congo. Democratic Republic,COD,SSA,20,2004
Congo. Republic of,COG,SSA,23,2004
Costa Rica,CRI,AME,49,2004
Cote d´Ivoire,CIV,SSA,20,2004
Croatia,HRV,WE/EU,35,2004
Cuba,CUB,AME,37,2004
Cyprus,CYP,WE/EU,54,2004
Czech Republic,CZE,WE/EU,42,2004
Denmark,DNK,WE/EU,95,2004
Dominican Republic,DOM,AME,29,2004
Ecuador,ECU,AME,24,2004
Egypt,EGY,MENA,32,2004
El Salvador,SLV,AME,42,2004
Eritrea,ERI,SSA,26,2004
Estonia,EST,WE/EU,60,2004
Ethiopia,ETH,SSA,23,2004
Finland,FIN,WE/EU,97,2004
France,FRA,WE/EU,71,2004
Gabon,GAB,SSA,33,2004
Gambia,GMB,SSA,28,2004
Georgia,GEO,ECA,20,2004
Germany,DEU,WE/EU,82,2004
Ghana,GHA,SSA,36,2004
Greece,GRC,WE/EU,43,2004
Guatemala,GTM,AME,22,2004
Haiti,HTI,AME,15,2004
Honduras,HND,AME,23,2004
Hong Kong,HKG,AP,80,2004
Hungary,HUN,WE/EU,48,2004
Iceland,ISL,WE/EU,95,2004
India,IND,AP,28,2004
Indonesia,IDN,AP,20,2004
Iran,IRN,MENA,29,2004
Iraq,IRQ,MENA,21,2004
Ireland,IRL,WE/EU,75,2004
Israel,ISR,MENA,64,2004
Italy,ITA,WE/EU,48,2004
Jamaica,JAM,AME,33,2004
Japan,JPN,AP,69,2004
Jordan,JOR,MENA,53,2004
Kazakhstan,KAZ,ECA,22,2004
Kenya,KEN,SSA,21,2004
Kuwait,KWT,MENA,46,2004
Kyrgyzstan,KGZ,ECA,22,2004
Latvia,LVA,WE/EU,40,2004
Lebanon,LBN,MENA,27,2004
Libya,LBY,MENA,25,2004
Lithuania,LTU,WE/EU,46,2004
Luxembourg,LUX,WE/EU,84,2004
Macedonia,MKD,ECA,27,2004
Madagascar,MDG,SSA,31,2004
Malawi,MWI,SSA,28,2004
Malaysia,MYS,AP,50,2004
Mali,MLI,SSA,32,2004
Malta,MLT,WE/EU,68,2004
Mauritius,MUS,SSA,41,2004
Mexico,MEX,AME,36,2004
Moldova,MDA,ECA,23,2004
Mongolia,MNG,AP,30,2004
Morocco,MAR,MENA,32,2004
Mozambique,MOZ,SSA,28,2004
Myanmar,MMR,AP,17,2004
Namibia,NAM,SSA,41,2004
Nepal,NPL,AP,28,2004
Netherlands,NLD,WE/EU,87,2004
New Zealand,NZL,AP,96,2004
Nicaragua,NIC,AME,27,2004
Niger,NER,SSA,22,2004
Nigeria,NGA,SSA,16,2004
Norway,NOR,WE/EU,89,2004
Oman,OMN,MENA,61,2004
Pakistan,PAK,AP,21,2004
Palestinian Authority,PSE,MENA,25,2004
Panama,PAN,AME,37,2004
Papua New Guinea,PNG,AP,26,2004
Paraguay,PRY,AME,19,2004
Peru,PER,AME,35,2004
Philippines,PHL,AP,26,2004
Poland,POL,WE/EU,35,2004
Portugal,PRT,WE/EU,63,2004
Qatar,QAT,MENA,52,2004
Romania,ROU,WE/EU,29,2004
Russia,RUS,ECA,28,2004
Saudi Arabia,SAU,MENA,34,2004
Senegal,SEN,SSA,30,2004
Serbia and Montenegro,SRB,ECA,27,2004
Seychelles,SYC,SSA,44,2004
Sierra Leone,SLE,SSA,23,2004
Singapore,SGP,AP,93,2004
Slovakia,SVK,WE/EU,40,2004
Slovenia,SVN,WE/EU,60,2004
South Africa,ZAF,SSA,46,2004
South Korea,KOR,AP,45,2004
Spain,ESP,WE/EU,71,2004
Sri Lanka,LKA,AP,35,2004
Sudan,SDN,SSA,22,2004
Suriname,SUR,AME,43,2004
Sweden,SWE,WE/EU,92,2004
Switzerland,CHE,WE/EU,91,2004
Syria,SYR,MENA,34,2004
Taiwan,TWN,AP,56,2004
Tajikistan,TJK,ECA,20,2004
Tanzania,TZA,SSA,28,2004
Thailand,THA,AP,36,2004
Trinidad and Tobago,TTO,AME,42,2004
Tunisia,TUN,MENA,50,2004
Turkey,TUR,ECA,32,2004
Turkmenistan,TKM,ECA,20,2004
Uganda,UGA,SSA,26,2004
Ukraine,UKR,ECA,22,2004
United Arab Emirates,ARE,MENA,61,2004
United Kingdom,GBR,WE/EU,86,2004
Uruguay,USA,AME,62,2004
USA,URY,AME,75,2004
Uzbekistan,UZB,ECA,23,2004
Venezuela,VEN,AME,23,2004
Vietnam,VNM,AP,26,2004
Yemen,YEM,MENA,24,2004
Zambia,ZMB,SSA,26,2004
Zimbabwe,ZWE,SSA,23,2004
Iceland,ISL,WE/EU,97,2005
Finland,FIN,WE/EU,96,2005
New Zealand,NZL,AP,96,2005
Denmark,DNK,WE/EU,95,2005
Singapore,SGP,AP,94,2005
Sweden,SWE,WE/EU,92,2005
Switzerland,CHE,WE/EU,91,2005
Norway,NOR,WE/EU,89,2005
Australia,AUS,AP,88,2005
Austria,AUT,WE/EU,87,2005
Netherlands,NLD,WE/EU,86,2005
United Kingdom,GBR,WE/EU,86,2005
Luxembourg,LUX,WE/EU,85,2005
Canada,CAN,AME,84,2005
Hong Kong,HKG,AP,83,2005
Germany,DEU,WE/EU,82,2005
USA,USA,AME,76,2005
France,FRA,WE/EU,75,2005
Belgium,BEL,WE/EU,74,2005
Ireland,IRL,WE/EU,74,2005
Chile,CHL,AME,73,2005
Japan,JPN,AP,73,2005
Spain,ESP,WE/EU,70,2005
Barbados,BRB,AME,69,2005
Malta,MLT,WE/EU,66,2005
Portugal,PRT,WE/EU,65,2005
Estonia,EST,WE/EU,64,2005
Israel,ISR,MENA,63,2005
Oman,OMN,MENA,63,2005
United Arab Emirates,ARE,MENA,62,2005
Slovenia,SVN,WE/EU,61,2005
Botswana,BWA,SSA,59,2005
Qatar,QAT,MENA,59,2005
Taiwan,TWN,AP,59,2005
Uruguay,URY,AME,59,2005
Bahrain,BHR,MENA,58,2005
Cyprus,CYP,WE/EU,57,2005
Jordan,JOR,MENA,57,2005
Malaysia,MYS,AP,51,2005
Hungary,HUN,WE/EU,50,2005
Italy,ITA,WE/EU,50,2005
South Korea,KOR,AP,50,2005
Tunisia,TUN,MENA,49,2005
Lithuania,LTU,WE/EU,48,2005
Kuwait,KWT,MENA,47,2005
South Africa,ZAF,SSA,45,2005
Czech Republic,CZE,WE/EU,43,2005
Greece,GRC,WE/EU,43,2005
Namibia,NAM,SSA,43,2005
Slovakia,SVK,WE/EU,43,2005
Costa Rica,CRI,AME,42,2005
El Salvador,SLV,AME,42,2005
Latvia,LVA,WE/EU,42,2005
Mauritius,MUS,SSA,42,2005
Bulgaria,BGR,WE/EU,40,2005
Colombia,COL,AME,40,2005
Fiji,FJI,AP,40,2005
Seychelles,SYC,SSA,40,2005
Cuba,CUB,AME,38,2005
Thailand,THA,AP,#VALUE!,2005
Trinidad and Tobago,TTO,AME,#VALUE!,2005
Belize,BLZ,AME,37,2005
Brazil,BRA,AME,#VALUE!,2005
Jamaica,JAM,AME,36,2005
Ghana,GHA,SSA,35,2005
Mexico,MEX,AME,35,2005
Panama,PAN,AME,35,2005
Peru,PER,AME,35,2005
Turkey,TUR,ECA,35,2005
Burkina Faso,BFA,SSA,34,2005
Croatia,HRV,WE/EU,34,2005
Egypt,EGY,MENA,34,2005
Lesotho,LSO,SSA,34,2005
Poland,POL,WE/EU,34,2005
Saudi Arabia,SAU,MENA,34,2005
Syria,SYR,MENA,34,2005
Laos,LAO,AP,33,2005
China,CHN,AP,32,2005
Morocco,MAR,MENA,32,2005
Senegal,SEN,SSA,32,2005
Sri Lanka,LKA,AP,32,2005
Suriname,SUR,AME,32,2005
Lebanon,LBN,MENA,31,2005
Rwanda,RWA,SSA,31,2005
Dominican Republic,DOM,AME,30,2005
Mongolia,MNG,AP,30,2005
Romania,ROU,WE/EU,30,2005
Armenia,ARM,ECA,29,2005
Benin,BEN,SSA,29,2005
Bosnia and Herzegovina,BIH,ECA,29,2005
Gabon,GAB,SSA,29,2005
India,IND,AP,29,2005
Iran,IRN,MENA,29,2005
Mali,MLI,SSA,29,2005
Moldova,MDA,ECA,29,2005
Tanzania,TZA,SSA,29,2005
Algeria,DZA,MENA,28,2005
Argentina,ARG,AME,28,2005
Madagascar,MDG,SSA,28,2005
Malawi,MWI,SSA,28,2005
Mozambique,MOZ,SSA,28,2005
Serbia and Montenegro,SRB,ECA,28,2005
Gambia,GMB,SSA,27,2005
Macedonia,MKD,ECA,27,2005
Swaziland,SWZ,AME,27,2005
Yemen,YEM,MENA,27,2005
Belarus,BLR,ECA,26,2005
Eritrea,ERI,SSA,26,2005
Honduras,HND,AME,26,2005
Kazakhstan,KAZ,ECA,26,2005
Nicaragua,NIC,AME,26,2005
Palestine,PSE,MENA,26,2005
Ukraine,UKR,ECA,26,2005
Vietnam,VNM,AP,26,2005
Zambia,ZMB,SSA,26,2005
Zimbabwe,ZWE,SSA,26,2005
Afghanistan,AFG,AP,25,2005
Bolivia,BOL,AME,25,2005
Ecuador,ECU,AME,25,2005
Guatemala,GTM,AME,25,2005
Guyana,GUY,AME,25,2005
Libya,LBY,MENA,25,2005
Nepal,NPL,AP,25,2005
Philippines,PHL,AP,25,2005
Uganda,UGA,SSA,25,2005
Albania,ALB,ECA,24,2005
Niger,NER,SSA,24,2005
Russia,RUS,ECA,24,2005
Sierra Leone,SLE,SSA,24,2005
Burundi,BDI,SSA,23,2005
Cambodia,KHM,AP,23,2005
"Congo, Republic of",COG,SSA,23,2005
Georgia,GEO,ECA,23,2005
Kyrgyzstan,KGZ,ECA,23,2005
Papua New Guinea,PNG,AP,23,2005
Venezuela,VEN,AME,23,2005
Azerbaijan,AZE,ECA,22,2005
Cameroon,CMR,SSA,22,2005
Ethiopia,ETH,SSA,22,2005
Indonesia,IDN,AP,22,2005
Iraq,IRQ,MENA,22,2005
Liberia,LBR,SSA,22,2005
Uzbekistan,UZB,ECA,22,2005
"Congo, Democratic Republic",COD,SSA,21,2005
Kenya,KEN,SSA,21,2005
Pakistan,PAK,AP,21,2005
Paraguay,PRY,AME,21,2005
Somalia,SOM,SSA,21,2005
Sudan,SDN,SSA,21,2005
Tajikistan,TJK,ECA,21,2005
Angola,AGO,SSA,20,2005
Cote d'Ivoire,CIV,SSA,19,2005
Equatorial Guinea,GNQ,SSA,19,2005
Nigeria,NGA,SSA,19,2005
Haiti,HTI,AME,18,2005
Myanmar,MMR,AP,18,2005
Turkmenistan,TKM,ECA,18,2005
Bangladesh,BGD,AP,17,2005
Chad,TCD,SSA,17,2005
Finland,FIN,WE/EU,96,2006
Iceland,ISL,WE/EU,96,2006
New Zealand,NZL,AP,96,2006
Denmark,DNK,WE/EU,95,2006
Singapore,SGP,AP,94,2006
Sweden,SWE,WE/EU,92,2006
Switzerland,CHE,WE/EU,91,2006
Norway,NOR,WE/EU,88,2006
Australia,AUS,AP,87,2006
Netherlands,NLD,WE/EU,87,2006
Austria,AUT,WE/EU,86,2006
Luxembourg,LUX,WE/EU,86,2006
United Kingdom,GBR,WE/EU,86,2006
Canada,CAN,AME,85,2006
Hong Kong,HKG,AP,83,2006
Germany,DEU,WE/EU,80,2006
Japan,JPN,AP,76,2006
France,FRA,WE/EU,74,2006
Ireland,IRL,WE/EU,74,2006
Belgium,BEL,WE/EU,73,2006
Chile,CHL,AME,73,2006
USA,USA,AME,73,2006
Spain,ESP,WE/EU,68,2006
Barbados,BRB,AME,67,2006
Estonia,EST,WE/EU,67,2006
Macau,MAC,MO,66,2006
Portugal,PRT,WE/EU,66,2006
Malta,MLT,WE/EU,64,2006
Slovenia,SVN,WE/EU,64,2006
Uruguay,URY,AME,64,2006
United Arab Emirates,ARE,MENA,62,2006
Bhutan,BTN,AP,60,2006
Qatar,QAT,MENA,60,2006
Israel,ISR,MENA,59,2006
Taiwan,TWN,AP,59,2006
Bahrain,BHR,MENA,57,2006
Botswana,BWA,SSA,56,2006
Cyprus,CYP,WE/EU,56,2006
Oman,OMN,MENA,54,2006
Jordan,JOR,MENA,53,2006
Hungary,HUN,WE/EU,52,2006
Mauritius,MUS,SSA,51,2006
South Korea,KOR,AP,51,2006
Malaysia,MYS,AP,50,2006
Italy,ITA,WE/EU,49,2006
Czech Republic,CZE,WE/EU,48,2006
Kuwait,KWT,MENA,48,2006
Lithuania,LTU,WE/EU,48,2006
Latvia,LVA,WE/EU,47,2006
Slovakia,SVK,WE/EU,47,2006
South Africa,ZAF,SSA,46,2006
Tunisia,TUN,MENA,46,2006
Dominica,DMA,AME,45,2006
Greece,GRC,WE/EU,44,2006
Costa Rica,CRI,AME,41,2006
Namibia,NAM,SSA,41,2006
Bulgaria,BGR,WE/EU,40,2006
El Salvador,SLV,AME,40,2006
Colombia,COL,AME,39,2006
Turkey,TUR,ECA,38,2006
Jamaica,JAM,AME,37,2006
Poland,POL,WE/EU,37,2006
Lebanon,LBN,MENA,36,2006
Seychelles,SYC,SSA,36,2006
Thailand,THA,AP,36,2006
Belize,BLZ,AME,35,2006
Cuba,CUB,AME,35,2006
Grenada,GRD,AME,35,2006
Croatia,HRV,WE/EU,34,2006
Brazil,BRA,AME,33,2006
China,CHN,AP,33,2006
Egypt,EGY,MENA,33,2006
Ghana,GHA,SSA,33,2006
India,IND,AP,33,2006
Mexico,MEX,AME,33,2006
Peru,PER,AME,33,2006
Saudi Arabia,SAU,MENA,33,2006
Senegal,SEN,SSA,33,2006
Burkina Faso,BFA,SSA,32,2006
Lesotho,LSO,SSA,32,2006
Moldova,MDA,ECA,32,2006
Morocco,MAR,MENA,32,2006
Trinidad and Tobago,TTO,AME,32,2006
Algeria,DZA,MENA,31,2006
Madagascar,MDG,SSA,31,2006
Mauritania,MRT,SSA,31,2006
Panama,PAN,AME,31,2006
Romania,ROU,WE/EU,31,2006
Sri Lanka,LKA,AP,31,2006
Gabon,GAB,SSA,30,2006
Serbia,SRB,ECA,30,2006
Suriname,SUR,AME,30,2006
Argentina,ARG,AME,29,2006
Armenia,ARM,ECA,29,2006
Bosnia and Herzegovina,BIH,ECA,29,2006
Eritrea,ERI,SSA,29,2006
Syria,SYR,MENA,29,2006
Tanzania,TZA,SSA,29,2006
Dominican Republic,DOM,AME,28,2006
Georgia,GEO,ECA,28,2006
Mali,MLI,SSA,28,2006
Mongolia,MNG,AP,28,2006
Mozambique,MOZ,SSA,28,2006
Ukraine,UKR,ECA,28,2006
Bolivia,BOL,AME,27,2006
Iran,IRN,MENA,27,2006
Libya,LBY,MENA,27,2006
Macedonia,MKD,ECA,27,2006
Malawi,MWI,SSA,27,2006
Uganda,UGA,SSA,27,2006
Albania,ALB,ECA,26,2006
Guatemala,GTM,AME,26,2006
Kazakhstan,KAZ,ECA,26,2006
Laos,LAO,AP,26,2006
Nicaragua,NIC,AME,26,2006
Paraguay,PRY,AME,26,2006
Timor-Leste,TLS,AP,26,2006
Viet Nam,VNM,AP,26,2006
Yemen,YEM,MENA,26,2006
Zambia,ZMB,SSA,26,2006
Benin,BEN,SSA,25,2006
Gambia,GMB,SSA,25,2006
Guyana,GUY,AME,25,2006
Honduras,HND,AME,25,2006
Nepal,NAM,SSA,25,2006
Philippines,PHL,AP,25,2006
Russia,RUS,ECA,25,2006
Rwanda,RWA,SSA,25,2006
Swaziland,SWZ,AME,25,2006
Azerbaijan,AZE,ECA,24,2006
Burundi,BDI,SSA,24,2006
Central African Republic,CAF,SSA,24,2006
Ethiopia,ETH,SSA,24,2006
Indonesia,IDN,AP,24,2006
Papua New Guinea,PNG,AP,24,2006
Togo,TGO,SSA,24,2006
Zimbabwe,ZWE,SSA,24,2006
Cameroon,CMR,SSA,23,2006
Ecuador,ECU,AME,23,2006
Niger,NER,SSA,23,2006
Venezuela,VEN,AME,23,2006
Angola,AGO,SSA,22,2006
"Congo, Republic",COG,SSA,22,2006
Kenya,KEN,SSA,22,2006
Kyrgyzstan,KGZ,ECA,22,2006
Nigeria,NER,SSA,22,2006
Pakistan,PAK,AP,22,2006
Sierra Leone,SLE,SSA,22,2006
Tajikistan,TJK,ECA,22,2006
Turkmenistan,TKM,ECA,22,2006
Belarus,BLR,ECA,21,2006
Cambodia,KHM,AP,21,2006
Côte d´Ivoire,CIV,SSA,21,2006
Equatorial Guinea,GNQ,SSA,21,2006
Uzbekistan,UZB,ECA,21,2006
Bangladesh,BGD,AP,20,2006
Chad,TCD,SSA,20,2006
"Congo, Democratic Republic",COD,SSA,20,2006
Sudan,SDN,SSA,20,2006
Guinea,GIN,SSA,19,2006
Iraq,IRQ,MENA,19,2006
Myanmar,MMR,AP,19,2006
Haiti,HTI,AME,18,2006
Denmark,DNK,WE/EU,94,2007
Finland,FIN,WE/EU,94,2007
New Zealand,NZL,AP,94,2007
Singapore,SGP,AP,93,2007
Sweden,SWE,WE/EU,93,2007
Iceland,ISL,WE/EU,92,2007
Netherlands,NLD,WE/EU,90,2007
Switzerland,CHE,WE/EU,90,2007
Canada,CAN,AME,87,2007
Norway,NOR,WE/EU,87,2007
Australia,AUS,AP,86,2007
Luxembourg,LUX,WE/EU,84,2007
United Kingdom,GBR,WE/EU,84,2007
Hong Kong,HKG,AP,83,2007
Austria,AUT,WE/EU,81,2007
Germany,DEU,WE/EU,78,2007
Ireland,IRL,WE/EU,75,2007
Japan,JPN,AP,75,2007
France,FRA,WE/EU,73,2007
USA,USA,AME,72,2007
Belgium,BEL,WE/EU,71,2007
Chile,CHL,AME,70,2007
Barbados,BRB,AME,69,2007
Saint Lucia,LCA,AME,68,2007
Spain,ESP,WE/EU,67,2007
Uruguay,URY,AME,67,2007
Slovenia,SVN,WE/EU,66,2007
Estonia,EST,WE/EU,65,2007
Portugal,PRT,WE/EU,65,2007
Israel,ISR,MENA,61,2007
Saint Vincent and the Grenadines,VCT,AME,61,2007
Qatar,QAT,MENA,60,2007
Malta,MLT,WE/EU,58,2007
Macau,MAC,MO,57,2007
Taiwan,TWN,AP,57,2007
United Arab Emirates,ARE,MENA,57,2007
Dominica,DMA,AME,56,2007
Botswana,BWA,SSA,54,2007
Cyprus,CYP,WE/EU,53,2007
Hungary,HUN,WE/EU,53,2007
Czech Republik,CZE,WE/EU,52,2007
Italy,ITA,WE/EU,52,2007
Malaysia,MYS,AP,51,2007
South Africa,ZAF,SSA,51,2007
South Korea,KOR,AP,51,2007
Bahrain,BHR,MENA,50,2007
Bhutan,BTN,AP,50,2007
Costa Rica,CRI,AME,50,2007
Cape Verde,CPV,SSA,49,2007
Slovakia,SVK,WE/EU,49,2007
Latvia,LVA,WE/EU,48,2007
Lithuania,LTU,WE/EU,48,2007
Jordan,JOR,MENA,47,2007
Mauritius,MUS,SSA,47,2007
Oman,OMN,MENA,47,2007
Greece,GRC,WE/EU,46,2007
Namibia,NAM,SSA,45,2007
Samoa,WSM,AS,45,2007
Seychelles,SYC,SSA,45,2007
Kuweit,KWT,MENA,43,2007
Cuba,CUB,AME,42,2007
Poland,POL,WE/EU,42,2007
Tunisia,TUN,MENA,42,2007
Bulgaria,BGR,WE/EU,41,2007
Croatia,HRV,WE/EU,41,2007
Turkey,TUR,ECA,41,2007
El Salvador,SLV,AME,40,2007
Colombia,COL,AME,38,2007
Ghana,GHA,SSA,37,2007
Romania,ROU,WE/EU,37,2007
Senegal,SEN,SSA,36,2007
Brazil,BRA,AME,35,2007
China,CHN,AP,35,2007
India,IND,AP,35,2007
Mexico,MEX,AME,35,2007
Morocco,MAR,MENA,35,2007
Peru,PER,AME,35,2007
Suriname,SUR,AME,35,2007
Georgia,GEO,ECA,34,2007
Grenada,GRD,AME,34,2007
Saudi Arabia,SAU,MENA,34,2007
Serbia,SRB,ECA,34,2007
Trinidad and Tobago,TTO,AME,34,2007
Bosnia and Herzegovina,BIH,ECA,33,2007
Gabon,GAB,SSA,33,2007
Jamaica,JAM,AME,33,2007
Kiribati,KIR,AP,33,2007
Lesotho,LSO,SSA,33,2007
FYR Macedonia,MKD,ECA,33,2007
Maldives,MDV,AP,33,2007
Montenegro,MNE,ECA,33,2007
Swaziland,SWZ,AME,33,2007
Thailand,THA,AP,33,2007
Madagascar,MDG,SSA,32,2007
Panama,PAN,AME,32,2007
Sri Lanka,LKA,AP,32,2007
Tanzania,TZA,SSA,32,2007
Vanuatu,VUT,AP,31,2007
Algeria,DZA,MENA,30,2007
Armenia,ARM,ECA,30,2007
Belize,BLZ,AME,30,2007
Dominican Republic,DOM,AME,30,2007
Lebanon,LBN,MENA,30,2007
Mongolia,MNG,AP,30,2007
Albania,ALB,ECA,29,2007
Argentina,ARG,AME,29,2007
Bolivia,BOL,AME,29,2007
Burkina Faso,BFA,SSA,29,2007
Djibouti,DJI,SSA,29,2007
Egypt,EGY,MENA,29,2007
Eritrea,ERI,SSA,28,2007
Guatemala,GTM,AME,28,2007
Moldovaa,MDA,ECA,28,2007
Mozambique,MOZ,SSA,28,2007
Rwanda,RWA,SSA,28,2007
Solomon Islands,SLB,AP,28,2007
Uganda,UGA,SSA,28,2007
Benin,BEN,SSA,27,2007
Malawi,MWI,SSA,27,2007
Mali,MLI,SSA,27,2007
Sao Tome and Principe,STP,SSA,27,2007
Ukraine,UKR,ECA,27,2007
Comoros,COM,SSA,26,2007
Guyana,GUY,AME,26,2007
Mauritania,MRT,SSA,26,2007
Nicaragua,NIC,AME,26,2007
Niger,NER,SSA,26,2007
Timor-Leste,TLS,AP,26,2007
Viet Nam,VNM,AP,26,2007
Zambia,ZMB,SSA,26,2007
Burundi,BDI,SSA,25,2007
Honduras,HND,AME,25,2007
Iran,IRN,MENA,25,2007
Libya,LBY,MENA,25,2007
Nepal,NPL,AP,25,2007
Philippines,PHL,AP,25,2007
Yemen,YEM,MENA,25,2007
Cameroon,CMR,SSA,24,2007
Ethiopia,ETH,SSA,24,2007
Pakistan,PAK,AP,24,2007
Paraguay,PRY,AME,24,2007
Syria,SYR,MENA,24,2007
Gambia,GMB,SSA,23,2007
Indonesia,IDN,AP,23,2007
Russia,RUS,ECA,23,2007
Togo,TGO,SSA,23,2007
Angola,AGO,SSA,22,2007
Guinea-Bissau,GNB,SSA,22,2007
Nigeria,NGA,SSA,22,2007
Azerbaijan,AZE,ECA,21,2007
Belarus,BLR,ECA,21,2007
"Congo, Republic",COG,SSA,21,2007
Cote d'Ivoire,CIV,SSA,21,2007
Ecuador,ECU,AME,21,2007
Kazakhstan,KAZ,ECA,21,2007
Kenya,KEN,SSA,21,2007
Kyrgyzstan,KGZ,ECA,21,2007
Liberia,LBR,SSA,21,2007
Sierra Leone,SLE,SSA,21,2007
Tajikistan,TJK,ECA,21,2007
Zimbabwe,ZWE,SSA,21,2007
Bangladesh,BGD,AP,20,2007
Cambodia,KHM,AP,20,2007
Central African Republic,CAF,SSA,20,2007
Papua New Guinea,PNG,AP,20,2007
Turkmenistan,TKM,ECA,20,2007
Venezuela,VEN,AME,20,2007
"Congo, Democratic Republic",COD,SSA,19,2007
Equatorial Guinea,GNQ,SSA,19,2007
Guinea,GIN,SSA,19,2007
Laos,LAO,AP,19,2007
Afghanistan,AFG,AP,18,2007
Chad,TCD,SSA,18,2007
Sudan,SDN,SSA,18,2007
Tonga,TON,AP,17,2007
Uzbekistan,UZB,ECA,17,2007
Haiti,HTI,AME,16,2007
Iraq,IRQ,MENA,15,2007
Myanmar,MMR,AP,14,2007
Somalia,SOM,SSA,14,2007
Afghanistan,AFG,AP,15,2008
Albania,ALB,ECA,34,2008
Algeria,DZA,MENA,32,2008
Angola,AGO,SSA,19,2008
Argentina,ARG,AME,29,2008
Armenia,ARM,ECA,29,2008
Australia,AUS,AP,87,2008
Austria,AUT,WE/EU,81,2008
Azerbaijan,AZE,ECA,19,2008
Bahrain,BHR,MENA,54,2008
Bangladesh,BGD,AP,21,2008
Barbados,BRB,AME,70,2008
Belarus,BLR,ECA,20,2008
Belgium,BEL,WE/EU,73,2008
Belize,BLZ,AME,29,2008
Benin,BEN,SSA,31,2008
Bhutan,BTN,AP,52,2008
Bolivia,BOL,AME,30,2008
Bosnia and Herzegovina,BIH,ECA,32,2008
Botswana,BWA,SSA,58,2008
Brazil,BRA,AME,35,2008
Bulgaria,BGR,WE/EU,36,2008
Burkina Faso,BFA,SSA,35,2008
Burundi,BDI,SSA,19,2008
Cabo Verde,CPV,SSA,51,2008
Cambodia,KHM,AP,18,2008
Cameroon,CMR,SSA,23,2008
Canada,CAN,AME,87,2008
Central African Republic,CAF,SSA,20,2008
Chad,TCD,SSA,16,2008
Chile,CHL,AME,69,2008
China,CHN,AP,36,2008
Colombia,COL,AME,38,2008
Comoros,COM,SSA,25,2008
Congo,COG,SSA,19,2008
Costa Rica,CRI,AME,51,2008
Cote d'Ivoire,CIV,SSA,20,2008
Croatia,HRV,WE/EU,44,2008
Cuba,CUB,AME,43,2008
Cyprus,CYP,WE/EU,64,2008
Czech Republic,CZE,WE/EU,52,2008
Democratic Republic of the Congo,COD,SSA,17,2008
Denmark,DNK,WE/EU,93,2008
Djibouti,DJI,SSA,30,2008
Dominica,DMA,AME,60,2008
Dominican Republic,DOM,AME,30,2008
Ecuador,ECU,AME,20,2008
Egypt,EGY,MENA,28,2008
El Salvador,SLV,AME,39,2008
Equatorial Guinea,GNQ,SSA,17,2008
Eritrea,ERI,SSA,26,2008
Estonia,EST,WE/EU,66,2008
Ethiopia,ETH,SSA,26,2008
Finland,FIN,WE/EU,90,2008
France,FRA,WE/EU,69,2008
Gabon,GAB,SSA,31,2008
Gambia,GMB,SSA,19,2008
Georgia,GEO,ECA,39,2008
Germany,DEU,WE/EU,79,2008
Ghana,GHA,SSA,39,2008
Greece,GRC,WE/EU,47,2008
Guatemala,GTM,AME,31,2008
Guinea,GIN,SSA,16,2008
Guinea Bissau,GNB,SSA,19,2008
Guyana,GUY,AME,26,2008
Haiti,HTI,AME,14,2008
Honduras,HND,AME,26,2008
Hong Kong,HKG,AP,81,2008
Hungary,HUN,WE/EU,51,2008
Iceland,ISL,WE/EU,89,2008
India,IND,AP,34,2008
Indonesia,IDN,AP,26,2008
Iran,IRN,MENA,23,2008
Iraq,IRQ,MENA,13,2008
Ireland,IRL,WE/EU,77,2008
Israel,ISR,MENA,60,2008
Italy,ITA,WE/EU,48,2008
Jamaica,JAM,AME,31,2008
Japan,JPN,AP,73,2008
Jordan,JOR,MENA,51,2008
Kazakhstan,KAZ,ECA,22,2008
Kenya,KEN,SSA,21,2008
"Korea, South",KOR,AP,56,2008
Kribati,KIR,AP,31,2008
Kuwait,KWT,MENA,43,2008
Kyrgyzstan,KGZ,ECA,18,2008
Laos,LAO,AP,20,2008
Latvia,LVA,WE/EU,50,2008
Lebanon,LBN,MENA,30,2008
Lesotho,LSO,SSA,32,2008
Liberia,LBR,SSA,24,2008
Libya,LBY,MENA,26,2008
Lithuania,LTU,WE/EU,46,2008
Luxembourg,LUX,WE/EU,83,2008
Macao,MAC,MO,54,2008
Madagascar,MDG,SSA,34,2008
Malawi,MWI,SSA,28,2008
Malaysia,MYS,AP,51,2008
Maldives,MDV,AP,28,2008
Mali,MLI,SSA,31,2008
Malta,MLT,WE/EU,58,2008
Mauritania,MRT,SSA,28,2008
Mauritius,MUS,SSA,55,2008
Mexico,MEX,AME,36,2008
Moldova,MDA,ECA,29,2008
Mongolia,MNG,AP,30,2008
Montenegro,MNE,ECA,34,2008
Morocco,MAR,MENA,35,2008
Mozambique,MOZ,SSA,26,2008
Myanmar,MMR,AP,13,2008
Namibia,NAM,SSA,45,2008
Nepal,NPL,AP,27,2008
Netherlands,NLD,WE/EU,89,2008
New Zealand,NZL,AP,93,2008
Nicaragua,NIC,AME,25,2008
Niger,NER,SSA,28,2008
Nigeria,NGA,SSA,27,2008
North Macedonia,MKD,ECA,36,2008
Norway,NOR,WE/EU,79,2008
Oman,OMN,MENA,55,2008
Pakistan,PAK,AP,25,2008
Panama,PAN,AME,34,2008
Papua New Guinea,PNG,AP,20,2008
Paraguay,PRY,AME,24,2008
Peru,PER,AME,36,2008
Philippines,PHL,AP,23,2008
Poland,POL,WE/EU,46,2008
Portugal,PRT,WE/EU,61,2008
Puerto Rico,PRI,AM,58,2008
Qatar,QAT,MENA,65,2008
Romania,ROU,WE/EU,38,2008
Russia,RUS,ECA,21,2008
Rwanda,RWA,SSA,30,2008
Saint Lucia,LCA,AME,71,2008
Saint Vincent and the Grenadines,VCT,AME,65,2008
Samoa,WSM,AS,44,2008
Sao Tome and Principe,STP,SSA,27,2008
Saudi Arabia,SAU,MENA,35,2008
Senegal,SEN,SSA,34,2008
Serbia,SRB,ECA,34,2008
Seychelles,SYC,SSA,48,2008
Sierra Leone,SLE,SSA,19,2008
Singapore,SGP,AP,92,2008
Slovakia,SVK,WE/EU,50,2008
Slovenia,SVN,WE/EU,67,2008
Solomon Islands,SLB,AP,29,2008
Somalia,SOM,SSA,10,2008
South Africa,ZAF,SSA,49,2008
Spain,ESP,WE/EU,65,2008
Sri Lanka,LKA,AP,32,2008
Sudan,SDN,SSA,16,2008
Suriname,SUR,AME,36,2008
Swaziland,SWZ,AME,36,2008
Sweden,SWE,WE/EU,93,2008
Switzerland,CHE,WE/EU,90,2008
Syria,SYR,MENA,21,2008
Taiwan,TWN,AP,57,2008
Tajikistan,TJK,ECA,20,2008
Tanzania,TZA,SSA,30,2008
Thailand,THA,AP,35,2008
Timor-Leste,TLS,AP,22,2008
Togo,TGO,SSA,27,2008
Tonga,TON,AP,24,2008
Trinidad and Tobago,TTO,AME,36,2008
Tunisia,TUN,MENA,44,2008
Turkey,TUR,ECA,46,2008
Turkmenistan,TKM,ECA,18,2008
Uganda,UGA,SSA,26,2008
Ukraine,UKR,ECA,25,2008
United Arab Emirates,ARE,MENA,59,2008
United Kingdom,GBR,WE/EU,77,2008
United States of America,USA,AME,73,2008
Uruguay,URY,AME,69,2008
Uzbekistan,UZB,ECA,18,2008
Vanuatu,VUT,AP,29,2008
Venezuela,VEN,AME,19,2008
Vietnam,VNM,AP,27,2008
Yemen,YEM,MENA,23,2008
Zambia,ZMB,SSA,28,2008
Zimbabwe,ZWE,SSA,18,2008
New Zealand,NZL,AP,94,2009
Denmark,DNK,WE/EU,93,2009
Singapore,SGP,AP,92,2009
Sweden,SWE,WE/EU,92,2009
Switzerland,CHE,WE/EU,90,2009
Finland,FIN,WE/EU,89,2009
Netherlands,NLD,WE/EU,89,2009
Australia,AUS,AP,87,2009
Canada,CAN,AME,87,2009
Iceland,ISL,WE/EU,87,2009
Norway,NOR,WE/EU,86,2009
Hong Kong,HKG,AP,82,2009
Luxembourg,LUX,WE/EU,82,2009
Germany,DEU,WE/EU,80,2009
Ireland,ISL,WE/EU,80,2009
Austria,AUT,WE/EU,79,2009
Japan,JPN,AP,77,2009
United Kingdom,GBR,WE/EU,77,2009
United States,USA,AME,75,2009
Barbados,BRB,AME,74,2009
Belgium,BEL,WE/EU,71,2009
Qatar,QAT,MENA,70,2009
Saint Lucia,LCA,AME,70,2009
France,FRA,WE/EU,69,2009
Chile,CHL,AME,67,2009
Uruguay,URY,AME,67,2009
Cyprus,CYP,WE/EU,66,2009
Estonia,EST,WE/EU,66,2009
Slovenia,SLV,AME,66,2009
United Arab Emirates,ARE,MENA,65,2009
Saint Vincent and the Grenadines,SVN,WE/EU,64,2009
Israel,ISR,MENA,61,2009
Spain,ESP,WE/EU,61,2009
Dominica,DMA,AME,59,2009
Portugal,PRT,WE/EU,58,2009
Puerto Rico,PRI,AME,58,2009
Botswana,BWA,SSA,56,2009
Taiwan,TWN,AP,56,2009
Brunei Darussalam,BRN,AP,55,2009
Oman,OMN,MENA,55,2009
South Korea,KOR,AP,55,2009
Mauritius,MUS,SSA,54,2009
Costa Rica,CRI,AME,53,2009
Macao,MAC,AP,53,2009
Malta,MLT,WE/EU,52,2009
Bahrain,BHR,MENA,51,2009
Cape Verde,CPV,SSA,51,2009
Hungary,HUN,WE/EU,51,2009
Bhutan,BTN,AP,50,2009
Jordan,JOR,MENA,50,2009
Poland,POL,WE/EU,50,2009
Czech Republic,CZE,WE/EU,49,2009
Lithuania,LTU,WE/EU,49,2009
Seychelles,SYC,SSA,48,2009
South Africa,ZAF,SSA,47,2009
Latvia,LVA,WE/EU,45,2009
Malaysia,MYS,AP,45,2009
Namibia,NAM,SSA,45,2009
Samoa,WSM,AP,45,2009
Slovakia,SVK,WE/EU,45,2009
Cuba,CUB,AME,44,2009
Turkey,TUR,ECA,44,2009
Italy,ITA,WE/EU,43,2009
Saudi Arabia,SAU,MENA,43,2009
Tunisia,TUN,MENA,42,2009
Croatia,HRV,WE/EU,41,2009
Georgia,GEO,ECA,41,2009
Kuwait,KWT,MENA,41,2009
Ghana,GHA,SSA,39,2009
Montenegro,MNE,ECA,39,2009
Bulgaria,BGR,WE/EU,38,2009
FYR Macedonia,MKD,ECA,38,2009
Greece,GRC,WE/EU,38,2009
Romania,ROU,WE/EU,38,2009
Brazil,BRA,AME,37,2009
Colombia,COL,AME,37,2009
Peru,PER,AME,37,2009
Suriname,SUR,AME,37,2009
Burkina Faso,BFA,SSA,36,2009
China,CHN,AP,36,2009
Swaziland,SWZ,AP,36,2009
Trinidad and Tobago,TTO,AME,36,2009
Serbia,SRB,ECA,35,2009
El Salvador,SLV,AME,34,2009
Guatemala,GTM,AME,34,2009
India,IND,AP,34,2009
Panama,PAN,AME,34,2009
Thailand,THA,AP,34,2009
Lesotho,LSO,SSA,33,2009
Malawi,MWI,SSA,33,2009
Mexico,MEX,AME,33,2009
Moldova,MDA,ECA,33,2009
Morocco,MAR,MENA,33,2009
Rwanda,RWA,SSA,33,2009
Albania,ALB,ECA,32,2009
Vanuatu,VUT,AP,32,2009
Liberia,LBR,SSA,31,2009
Sri Lanka,LKA,AP,31,2009
Bosnia and Herzegovina,BIH,ECA,30,2009
Dominican Republic,DOM,AME,30,2009
Jamaica,JAM,AME,30,2009
Madagascar,MDG,SSA,30,2009
Senegal,SEN,SSA,30,2009
Tonga,TON,AP,30,2009
Zambia,ZMB,SSA,30,2009
Argentina,ARG,AME,29,2009
Benin,BEN,SSA,29,2009
Gabon,GAB,SSA,29,2009
Gambia,GMB,SSA,29,2009
Niger,NER,SSA,29,2009
Algeria,DZA,MENA,28,2009
Djibouti,DJI,SSA,28,2009
Egypt,EGY,MENA,28,2009
Indonesia,IDN,AP,28,2009
Kiribati,KIR,AP,28,2009
Mali,MLI,SSA,28,2009
Sao Tome and Principe,STP,SSA,28,2009
Solomon Islands,SLB,AP,28,2009
Togo,TGO,SSA,28,2009
Armenia,ARM,ECA,27,2009
Bolivia,BOL,AME,27,2009
Ethiopia,ETH,SSA,27,2009
Kazakhstan,KAZ,ECA,27,2009
Mongolia,MNG,AP,27,2009
Viet Nam,VNM,AP,27,2009
Eritrea,ERI,SSA,26,2009
Guyana,GUY,AME,26,2009
Syria,SYR,MENA,26,2009
Tanzania,TZA,SSA,26,2009
Honduras,HND,AME,25,2009
Lebanon,LBN,MENA,25,2009
Libya,LBY,MENA,25,2009
Maldives,MDV,AP,25,2009
Mauritania,MRT,SSA,25,2009
Mozambique,MOZ,SSA,25,2009
Nicaragua,NIC,AME,25,2009
Nigeria,NGA,SSA,25,2009
Uganda,UGA,SSA,25,2009
Bangladesh,BGD,AP,24,2009
Belarus,BLR,ECA,24,2009
Pakistan,PAK,AP,24,2009
Philippines,PHL,AP,24,2009
Azerbaijan,AZE,ECA,23,2009
Comoros,COM,SSA,23,2009
Nepal,NPL,AP,23,2009
Cameroon,CMR,SSA,22,2009
Ecuador,ECU,AME,22,2009
Kenya,KEN,SSA,22,2009
Russia,RUS,ECA,22,2009
Sierra Leone,SLE,SSA,22,2009
Timor-Leste,TLS,AP,22,2009
Ukraine,UKR,ECA,22,2009
Zimbabwe,ZWE,SSA,22,2009
Côte d´Ivoire,CIV,SSA,21,2009
Papua New Guinea,PNG,AP,21,2009
Paraguay,PRY,AME,21,2009
Yemen,YEM,MENA,21,2009
Cambodia,KHM,AP,20,2009
Central African Republic,CAF,SSA,20,2009
Laos,LAO,AP,20,2009
Tajikistan,TJK,ECA,20,2009
Angola,AGO,SSA,19,2009
Congo Republic,COG,SSA,19,2009
Congo Democratic Republic,COD,SSA,19,2009
Guinea-Bissau,GNB,SSA,19,2009
Kyrgyzstan,KGZ,ECA,19,2009
Venezuela,VEN,AME,19,2009
Burundi,BDI,SSA,18,2009
Equatorial Guinea,GNQ,SSA,18,2009
Guinea,GIN,SSA,18,2009
Haiti,HTI,AME,18,2009
Iran,IRN,MENA,18,2009
Turkmenistan,TKM,ECA,18,2009
Uzbekistan,UZB,ECA,17,2009
Chad,TCD,SSA,16,2009
Iraq,IRQ,MENA,15,2009
Sudan,SDN,SSA,15,2009
Myanmar,MMR,AP,14,2009
Afghanistan,AFG,AP,13,2009
Somalia,SOM,SSA,11,2009
Denmark,DNK,WE/EU,93,2010
New Zealand,NZL,AP,93,2010
Singapore,SGP,AP,93,2010
Finland,FIN,WE/EU,92,2010
Sweden,SWE,WE/EU,92,2010
Canada,CAN,AME,89,2010
Netherlands,NLD,WE/EU,88,2010
Australia,AUS,AP,87,2010
Switzerland,CHE,WE/EU,87,2010
Norway,NOR,WE/EU,86,2010
Iceland,ISL,WE/EU,85,2010
Luxembourg,LUX,WE/EU,85,2010
Hong Kong,HKG,AP,84,2010
Ireland,IRL,WE/EU,80,2010
Austria,AUT,WE/EU,79,2010
Germany,DEU,WE/EU,79,2010
Barbados,BRB,AME,78,2010
Japan,JPN,AP,78,2010
Qatar,QAT,MENA,77,2010
United Kingdom,GBR,WE/EU,76,2010
Chile,CHL,AME,72,2010
Belgium,BEL,WE/EU,71,2010
United States,USA,AME,71,2010
Uruguay,URY,AME,69,2010
France,FRA,WE/EU,68,2010
Estonia,EST,WE/EU,65,2010
Slovenia,SVN,WE/EU,64,2010
Cyprus,CYP,WE/EU,63,2010
United Arab Emirates,ARE,MENA,63,2010
Israel,ISR,MENA,61,2010
Spain,ESP,WE/EU,61,2010
Portugal,PRT,WE/EU,60,2010
Botswana,BWA,SSA,58,2010
Puerto Rico,PRI,AME,58,2010
Taiwan,TWN,AP,58,2010
Bhutan,BTN,AP,57,2010
Brunei,BRN,AP,55,2010
Malta,MLT,WE/EU,56,2010
Korea (South),KOR,AP,54,2010
Mauritius,MUS,SSA,54,2010
Costa Rica,CRI,AME,53,2010
Oman,OMN,MENA,53,2010
Poland,POL,WE/EU,53,2010
Dominica,DMA,AME,52,2010
Cape Verde,CPV,SSA,51,2010
Lithuania,LTU,WE/EU,50,2010
Macau,MAC,AP,50,2010
Bahrain,BHR,MENA,49,2010
Seychelles,SYC,SSA,48,2010
Hungary,HUN,WE/EU,47,2010
Jordan,JOR,MENA,47,2010
Saudi Arabia,SAU,MENA,47,2010
Czech Republic,CZE,WE/EU,46,2010
Kuwait,KWT,MENA,45,2010
South Africa,ZAF,SSA,45,2010
Malaysia,MYS,AP,44,2010
Namibia,NAM,SSA,44,2010
Turkey,TUR,ECA,44,2010
Latvia,LVA,WE/EU,43,2010
Slovakia,SVK,WE/EU,43,2010
Tunisia,TUN,MENA,43,2010
FYR Macedonia,MKD,ECA,41,2010
Ghana,GHA,SSA,41,2010
Samoa,WSM,AP,41,2010
Croatia,HRV,WE/EU,41,2010
Rwanda,RWA,SSA,40,2010
Italy,ITA,WE/EU,39,2010
Brazil,BRA,AME,37,2010
Georgia,GEO,ECA,38,2010
Cuba,CUB,AME,37,2010
Montenegro,MNE,ECA,37,2010
Romania,ROU,WE/EU,37,2010
Bulgaria,BGR,WE/EU,36,2010
El Salvador,SLV,AME,36,2010
Panama,PAN,AME,36,2010
Trinidad and Tobago,TTO,AME,36,2010
Vanuatu,VUT,AP,36,2010
China,CHN,AP,35,2010
Colombia,COL,AME,35,2010
Greece,GRC,WE/EU,35,2010
Lesotho,LSO,SSA,35,2010
Peru,PER,AME,35,2010
Serbia,SRB,ECA,35,2010
Thailand,THA,AP,35,2010
Malawi,MWI,SSA,34,2010
Morocco,MAR,MENA,34,2010
Albania,ALB,ECA,33,2010
India,IND,AP,33,2010
Jamaica,JAM,AME,33,2010
Liberia,LBR,SSA,33,2010
Bosnia and Herzegovina,BIH,ECA,32,2010
Djibouti,DJI,SSA,32,2010
Gambia,GMB,SSA,32,2010
Guatemala,GTM,AME,32,2010
Kiribati,KIR,AP,32,2010
Sri Lanka,LKA,AP,32,2010
Swaziland,SWZ,AP,32,2010
Burkina Faso,BFA,SSA,31,2010
Egypt,EGY,MENA,31,2010
Mexico,MEX,AME,31,2010
Dominican Republic,DOM,AME,30,2010
Sao Tome and Principe,STP,SSA,30,2010
Tonga,TON,AP,30,2010
Zambia,ZMB,SSA,30,2010
Algeria,DZA,MENA,29,2010
Argentina,ARG,AME,29,2010
Kazakhstan,KAZ,ECA,29,2010
Moldova,MDA,ECA,29,2010
Senegal,SEN,SSA,29,2010
Benin,BEN,SSA,28,2010
Bolivia,BOL,AME,28,2010
Gabon,GAB,SSA,28,2010
Indonesia,IDN,AP,28,2010
Kosovo,KSV,ECA,28,2010
Solomon Islands,SLB,AP,28,2010
Ethiopia,ETH,SSA,27,2010
Guyana,GUY,AME,27,2010
Mali,MLI,SSA,27,2010
Mongolia,MNG,AP,27,2010
Mozambique,MOZ,SSA,27,2010
Tanzania,TZA,SSA,27,2010
Vietnam,VNM,AP,27,2010
Armenia,ARM,ECA,26,2010
Eritrea,ERI,SSA,26,2010
Madagascar,MDG,SSA,26,2010
Niger,NER,SSA,26,2010
Belarus,BLR,ECA,25,2010
Ecuador,ECU,AME,25,2010
Lebanon,LBN,MENA,25,2010
Nicaragua,NIC,AME,25,2010
Syria,SYR,MENA,25,2010
Timor-Leste,TLS,AP,25,2010
Uganda,UGA,SSA,25,2010
Azerbaijan,AZE,ECA,24,2010
Bangladesh,BGD,AP,24,2010
Honduras,HND,AME,24,2010
Nigeria,NGA,SSA,24,2010
Philippines,PHL,AP,24,2010
Togo,TGO,SSA,24,2010
Ukraine,UKR,ECA,24,2010
Zimbabwe,ZWE,SSA,24,2010
Sierra Leone,SLE,SSA,24,2010
Maldives,MDV,AP,23,2010
Mauritania,MRT,SSA,23,2010
Pakistan,PAK,AP,23,2010
Cameroon,CMR,SSA,22,2010
Côte d ́Ivoire,CIV,SSA,22,2010
Haiti,HTI,AME,22,2010
Iran,IRN,MENA,22,2010
Libya,LBY,MENA,22,2010
Nepal,NPL,AP,22,2010
Paraguay,PRY,AME,22,2010
Yemen,YEM,MENA,22,2010
Russia,RUS,ECA,21,2010
Cambodia,KHM,AP,21,2010
Tajikistan,TJK,ECA,21,2010
Papua New Guinea,PNG,AP,21,2010
Central African Republic,CAF,SSA,21,2010
Comoros,COM,SSA,21,2010
Congo-Brazzaville,COG,SSA,21,2010
Guinea-Bissau,GNB,SSA,21,2010
Kenya,KEN,SSA,21,2010
Laos,LAO,AP,21,2010
Guinea,GIN,SSA,20,2010
Democratic Republic of Congo,COD,SSA,20,2010
Kyrgyzstan,KGZ,ECA,20,2010
Angola,AGO,SSA,19,2010
Equatorial Guinea,GNQ,SSA,19,2010
Burundi,BDI,SSA,18,2010
Chad,TCD,SSA,17,2010
Sudan,SDN,SSA,16,2010
Turkmenistan,TKM,ECA,16,2010
Uzbekistan,UZB,ECA,16,2010
Venezuela,VEN,AME,15,2010
Iraq,IRQ,MENA,15,2010
Afghanistan,AFG,AP,14,2010
Myanmar,MMR,AP,14,2010
Somalia,SOM,SSA,11,2010
Afghanistan,AFG,AP,15,2011
Albania,ALB,ECA,31,2011
Algeria,DZA,MENA,29,2011
Angola,AGO,SSA,20,2011
Argentina,ARG,AME,30,2011
Armenia,ARM,ECA,26,2011
Australia,AUS,AP,88,2011
Austria,AUT,WE/EU,78,2011
Azerbaijan,AZE,ECA,24,2011
Bahamas,BHS,AME,73,2011
Bahrain,BHR,MENA,51,2011
Bangladesh,BGD,AP,27,2011
Barbados,BRB,AME,78,2011
Belarus,BLR,ECA,24,2011
Belgium,BEL,WE/EU,75,2011
Benin,BEN,SSA,30,2011
Bhutan,BTN,AP,57,2011
Bolivia,BOL,AME,28,2011
Bosnia and Herzegovina,BIH,ECA,32,2011
Botswana,BWA,SSA,61,2011
Brazil,BRA,AME,38,2011
Brunei,BRN,AP,52,2011
Bulgaria,BGR,WE/EU,33,2011
Burkina Faso,BFA,SSA,30,2011
Burundi,BDI,SSA,19,2011
Cambodia,KHM,AP,21,2011
Cameroon,CMR,SSA,25,2011
Canada,CAN,AME,87,2011
Cape Verde,CPV,SSA,55,2011
Central African Republic,CAF,SSA,22,2011
Chad,TCD,SSA,20,2011
Chile,CHL,AME,72,2011
China,CHN,AP,36,2011
Colombia,COL,AME,34,2011
Comoros,COM,SSA,24,2011
Congo Republic,COG,SSA,22,2011
Costa Rica,CRI,AME,48,2011
Côte d´Ivoire,CIV,SSA,22,2011
Croatia,HRV,WE/EU,40,2011
Cuba,CUB,AME,42,2011
Cyprus,CYP,WE/EU,63,2011
Czech Republic,CZE,WE/EU,44,2011
Democratic Republic of the Congo,COD,SSA,20,2011
Denmark,DNK,WE/EU,94,2011
Djibouti,DJI,SSA,30,2011
Dominica,DMA,AME,52,2011
Dominican Republic,DOM,AME,26,2011
Ecuador,ECU,AME,27,2011
Egypt,EGY,MENA,29,2011
El Salvador,SLV,AME,34,2011
Equatorial Guinea,GNQ,SSA,19,2011
Eritrea,ERI,SSA,25,2011
Estonia,EST,WE/EU,64,2011
Ethiopia,ETH,SSA,27,2011
Finland,FIN,WE/EU,94,2011
France,FRA,WE/EU,70,2011
FYR Macedonia,MKD,ECA,39,2011
Gabon,GAB,SSA,30,2011
Gambia,GMB,SSA,35,2011
Georgia,GEO,ECA,41,2011
Germany,DEU,WE/EU,80,2011
Ghana,GHA,SSA,39,2011
Greece,GRC,WE/EU,34,2011
Guatemala,GTM,AME,27,2011
Guinea,GIN,SSA,21,2011
Guinea-Bissau,GNB,SSA,22,2011
Guyana,GUY,AME,25,2011
Haiti,HTI,AME,18,2011
Honduras,HND,AME,26,2011
Hong Kong,HKG,AP,84,2011
Hungary,HUN,WE/EU,46,2011
Iceland,ISL,WE/EU,83,2011
India,IND,AP,31,2011
Indonesia,IDN,AP,30,2011
Iran,IRN,MENA,27,2011
Iraq,IRQ,MENA,18,2011
Ireland,IRL,WE/EU,75,2011
Israel,ISR,MENA,58,2011
Italy,ITA,WE/EU,39,2011
Jamaica,JAM,AME,33,2011
Japan,JPN,AP,80,2011
Jordan,JOR,MENA,45,2011
Kazakhstan,KAZ,ECA,27,2011
Kenya,KEN,SSA,22,2011
Kiribati,KIR,AP,31,2011
Korea (North),PRK,AP,10,2011
Korea (South),KOR,AP,54,2011
Kosovo,KSV,ECA,29,2011
Kuwait,KWT,MENA,46,2011
Kyrgyzstan,KGZ,ECA,21,2011
Laos,LAO,AP,22,2011
Latvia,LVA,WE/EU,42,2011
Lebanon,LBN,MENA,25,2011
Lesotho,LSO,SSA,35,2011
Liberia,LBR,SSA,32,2011
Libya,LBY,MENA,20,2011
Lithuania,LTU,WE/EU,48,2011
Luxembourg,LUX,WE/EU,85,2011
Macau,MAC,AP,51,2011
Madagascar,MDG,SSA,30,2011
Malawi,MWI,SSA,30,2011
Malaysia,MYS,AP,43,2011
Maldives,MDV,AP,25,2011
Mali,MLI,SSA,28,2011
Malta,MLT,WE/EU,56,2011
Mauritania,MRT,SSA,24,2011
Mauritius,MUS,SSA,51,2011
Mexico,MEX,AME,30,2011
Moldova,MDA,ECA,29,2011
Mongolia,MNG,AP,27,2011
Montenegro,MNE,ECA,40,2011
Morocco,MAR,MENA,34,2011
Mozambique,MOZ,SSA,27,2011
Myanmar,MMR,AP,15,2011
Namibia,NAM,SSA,44,2011
Nepal,NPL,AP,22,2011
Netherlands,NLD,WE/EU,89,2011
New Zealand,NZL,AP,95,2011
Nicaragua,NIC,AME,25,2011
Niger,NER,SSA,25,2011
Nigeria,NGA,SSA,24,2011
Norway,NOR,WE/EU,90,2011
Oman,OMN,MENA,48,2011
Pakistan,PAK,AP,25,2011
Panama,PAN,AME,33,2011
Papua New Guinea,PNG,AP,22,2011
Paraguay,PRY,AME,22,2011
Peru,PER,AME,34,2011
Philippines,PHL,AP,26,2011
Poland,POL,WE/EU,55,2011
Portugal,PRT,WE/EU,61,2011
Puerto Rico,PRI,AME,56,2011
Qatar,QAT,MENA,72,2011
Romania,ROU,WE/EU,36,2011
Russia,RUS,ECA,24,2011
Rwanda,RWA,SSA,50,2011
Saint Lucia,LCA,AME,70,2011
Saint Vincent and the Grenadines,VCT,AME,58,2011
Samoa,WSM,AP,39,2011
Sao Tome & Principe,STP,SSA,30,2011
Saudi Arabia,SAU,MENA,44,2011
Senegal,SEN,SSA,29,2011
Serbia,SRB,ECA,33,2011
Seychelles,SYC,SSA,48,2011
Sierra Leone,SLE,SSA,25,2011
Singapore,SGP,AP,92,2011
Slovakia,SVK,WE/EU,40,2011
Slovenia,SVN,WE/EU,59,2011
Solomon Islands,SLB,AP,27,2011
Somalia,SOM,SSA,10,2011
South Africa,ZAF,SSA,41,2011
Spain,ESP,WE/EU,62,2011
Sri Lanka,LKA,AP,33,2011
Sudan,SDN,SSA,16,2011
Suriname,SUR,AME,30,2011
Swaziland,SWZ,AP,31,2011
Sweden,SWE,WE/EU,93,2011
Switzerland,CHE,WE/EU,88,2011
Syria,SYR,MENA,26,2011
Taiwan,TWN,AP,61,2011
Tajikistan,TJK,ECA,23,2011
Tanzania,TZA,SSA,30,2011
Thailand,THA,AP,34,2011
Timor-Leste,TLS,AP,24,2011
Togo,TGO,SSA,24,2011
Tonga,TON,AP,31,2011
Trinidad and Tobago,TTO,AME,32,2011
Tunisia,TUN,MENA,38,2011
Turkey,TUR,ECA,42,2011
Turkmenistan,TKM,ECA,16,2011
Uganda,UGA,SSA,24,2011
Ukraine,UKR,ECA,23,2011
United Arab Emirates,ARE,MENA,68,2011
United Kingdom,GBR,WE/EU,78,2011
United States,USA,AME,71,2011
Uruguay,URY,AME,70,2011
Uzbekistan,UZB,ECA,16,2011
Vanuatu,VUT,AP,35,2011
Venezuela,VEN,AME,19,2011
Vietnam,VNM,AP,29,2011
Yemen,YEM,MENA,21,2011
Zambia,ZMB,SSA,32,2011
Zimbabwe,ZWE,SSA,22,2011
Denmark,DNK,WE/EU,90,2012
New Zealand,NZL,AP,90,2012
Finland,FIN,WE/EU,90,2012
Singapore,SGP,AP,87,2012
Sweden,SWE,WE/EU,88,2012
Norway,NOR,WE/EU,85,2012
Switzerland,CHE,WE/EU,86,2012
Netherlands,NLD,WE/EU,84,2012
Luxembourg,LUX,WE/EU,80,2012
Germany,DEU,WE/EU,79,2012
United Kingdom,GBR,WE/EU,74,2012
Hong Kong,HKG,AP,77,2012
Canada,CAN,AME,84,2012
Austria,AUT,WE/EU,69,2012
Estonia,EST,WE/EU,64,2012
Iceland,ISL,WE/EU,82,2012
Ireland,IRL,WE/EU,69,2012
Australia,AUS,AP,85,2012
Belgium,BEL,WE/EU,75,2012
Japan,JPN,AP,74,2012
Uruguay,URY,AME,72,2012
France,FRA,WE/EU,71,2012
Seychelles,SYC,SSA,52,2012
United Arab Emirates,ARE,MENA,68,2012
Bhutan,BTN,AP,63,2012
Taiwan,TWN,AP,61,2012
Chile,CHL,AME,72,2012
United States of America,USA,AME,73,2012
Barbados,BRB,AME,76,2012
Bahamas,BHS,AME,71,2012
Qatar,QAT,MENA,68,2012
"Korea, South",KOR,AP,56,2012
Portugal,PRT,WE/EU,63,2012
Spain,ESP,WE/EU,65,2012
Lithuania,LTU,WE/EU,54,2012
Israel,ISR,MENA,60,2012
Saint Vincent and the Grenadines,VCT,AME,62,2012
Latvia,LVA,WE/EU,49,2012
Cabo Verde,CPV,SSA,60,2012
Costa Rica,CRI,AME,54,2012
Slovenia,SVN,WE/EU,61,2012
Poland,POL,WE/EU,58,2012
Saint Lucia,LCA,AME,71,2012
Italy,ITA,WE/EU,42,2012
Fiji,FJI,AP,,2012
Botswana,BWA,SSA,65,2012
Georgia,GEO,ECA,52,2012
Dominica,DMA,AME,58,2012
Czechia,CZE,WE/EU,49,2012
Malta,MLT,WE/EU,57,2012
Mauritius,MUS,SSA,57,2012
Cyprus,CYP,WE/EU,66,2012
Rwanda,RWA,SSA,53,2012
Grenada,GRD,AME,,2012
Saudi Arabia,SAU,MENA,44,2012
Oman,OMN,MENA,47,2012
Slovakia,SVK,WE/EU,46,2012
Namibia,NAM,SSA,48,2012
Greece,GRC,WE/EU,36,2012
Armenia,ARM,ECA,34,2012
Jordan,JOR,MENA,48,2012
Malaysia,MYS,AP,49,2012
Croatia,HRV,WE/EU,46,2012
Cuba,CUB,AME,48,2012
Montenegro,MNE,ECA,41,2012
Sao Tome and Principe,STP,SSA,42,2012
Romania,ROU,WE/EU,44,2012
Vanuatu,VUT,AP,,2012
China,CHN,AP,39,2012
Jamaica,JAM,AME,38,2012
South Africa,ZAF,SSA,43,2012
Tunisia,TUN,MENA,41,2012
Senegal,SEN,SSA,36,2012
Hungary,HUN,WE/EU,55,2012
Ghana,GHA,SSA,45,2012
Kuwait,KWT,MENA,44,2012
Solomon Islands,SLB,AP,,2012
Bulgaria,BGR,WE/EU,41,2012
Bahrain,BHR,MENA,51,2012
Benin,BEN,SSA,36,2012
Burkina Faso,BFA,SSA,38,2012
Belarus,BLR,ECA,31,2012
Timor-Leste,TLS,AP,33,2012
Trinidad and Tobago,TTO,AME,39,2012
Maldives,MDV,AP,,2012
India,IND,AP,36,2012
Guyana,GUY,AME,28,2012
Morocco,MAR,MENA,37,2012
Colombia,COL,AME,36,2012
Ethiopia,ETH,SSA,33,2012
Suriname,SUR,AME,37,2012
Tanzania,TZA,SSA,35,2012
Kosovo,KSV,ECA,34,2012
Vietnam,VNM,AP,31,2012
North Macedonia,MKD,ECA,43,2012
Argentina,ARG,AME,35,2012
Lesotho,LSO,SSA,45,2012
Turkey,TUR,ECA,49,2012
Brazil,BRA,AME,43,2012
Serbia,SRB,ECA,39,2012
Indonesia,IDN,AP,32,2012
Kazakhstan,KAZ,ECA,28,2012
Sri Lanka,LKA,AP,40,2012
Gambia,GMB,SSA,34,2012
Ecuador,ECU,AME,32,2012
Peru,PER,AME,38,2012
Cote d'Ivoire,CIV,SSA,29,2012
Panama,PAN,AME,38,2012
Moldova,MDA,ECA,36,2012
Albania,ALB,ECA,33,2012
Thailand,THA,AP,37,2012
Bosnia and Herzegovina,BIH,ECA,42,2012
Mongolia,MNG,AP,36,2012
Malawi,MWI,SSA,37,2012
El Salvador,SLV,AME,38,2012
Sierra Leone,SLE,SSA,31,2012
Algeria,DZA,MENA,34,2012
Philippines,PHL,AP,34,2012
Egypt,EGY,MENA,32,2012
Nepal,NPL,AP,27,2012
Zambia,ZMB,SSA,37,2012
Eswatini,SWZ,SSA,37,2012
Ukraine,UKR,ECA,26,2012
Niger,NER,SSA,33,2012
Mexico,MEX,AME,34,2012
Gabon,GAB,SSA,35,2012
Papua New Guinea,PNG,AP,25,2012
Bolivia,BOL,AME,34,2012
Kenya,KEN,SSA,27,2012
Azerbaijan,AZE,ECA,27,2012
Laos,LAO,AP,21,2012
Togo,TGO,SSA,30,2012
Dominican Republic,DOM,AME,32,2012
Paraguay,PRY,AME,25,2012
Djibouti,DJI,SSA,36,2012
Mali,MLI,SSA,34,2012
Russia,RUS,ECA,28,2012
Liberia,LBR,SSA,41,2012
Angola,AGO,SSA,22,2012
Pakistan,PAK,AP,27,2012
Mauritania,MRT,SSA,31,2012
Myanmar,MMR,AP,15,2012
Uzbekistan,UZB,ECA,17,2012
Kyrgyzstan,KGZ,ECA,24,2012
Uganda,UGA,SSA,29,2012
Cameroon,CMR,SSA,26,2012
Bangladesh,BGD,AP,26,2012
Madagascar,MDG,SSA,32,2012
Mozambique,MOZ,SSA,31,2012
Guinea,GIN,SSA,24,2012
Guatemala,GTM,AME,33,2012
Iran,IRN,MENA,28,2012
Tajikistan,TJK,ECA,22,2012
Central African Republic,CAF,SSA,26,2012
Lebanon,LBN,MENA,30,2012
Nigeria,NGA,SSA,27,2012
Honduras,HND,AME,28,2012
Zimbabwe,ZWE,SSA,20,2012
Cambodia,KHM,AP,22,2012
Iraq,IRQ,MENA,18,2012
Eritrea,ERI,SSA,25,2012
Congo,COG,SSA,26,2012
Guinea Bissau,GNB,SSA,25,2012
Nicaragua,NIC,AME,29,2012
Chad,TCD,SSA,19,2012
Comoros,COM,SSA,28,2012
Haiti,HTI,AME,19,2012
Sudan,SDN,SSA,13,2012
Burundi,BDI,SSA,19,2012
Turkmenistan,TKM,ECA,17,2012
Democratic Republic of the Congo,COD,SSA,21,2012
Libya,LBY,MENA,21,2012
Equatorial Guinea,GNQ,SSA,20,2012
Afghanistan,AFG,AP,8,2012
"Korea, North",PRK,AP,8,2012
Yemen,YEM,MENA,23,2012
Venezuela,VEN,AME,19,2012
Syria,SYR,MENA,26,2012
Somalia,SOM,SSA,8,2012
South Sudan,SSD,SSA,,2012
Brunei Darussalam,BRN,AP,55,2012
Denmark,DNK,WE/EU,91,2013
New Zealand,NZL,AP,91,2013
Finland,FIN,WE/EU,89,2013
Singapore,SGP,AP,86,2013
Sweden,SWE,WE/EU,89,2013
Norway,NOR,WE/EU,86,2013
Switzerland,CHE,WE/EU,85,2013
Netherlands,NLD,WE/EU,83,2013
Luxembourg,LUX,WE/EU,80,2013
Germany,DEU,WE/EU,78,2013
United Kingdom,GBR,WE/EU,76,2013
Hong Kong,HKG,AP,75,2013
Canada,CAN,AME,81,2013
Austria,AUT,WE/EU,69,2013
Estonia,EST,WE/EU,68,2013
Iceland,ISL,WE/EU,78,2013
Ireland,IRL,WE/EU,72,2013
Australia,AUS,AP,81,2013
Belgium,BEL,WE/EU,75,2013
Japan,JPN,AP,74,2013
Uruguay,URY,AME,73,2013
France,FRA,WE/EU,71,2013
Seychelles,SYC,SSA,54,2013
United Arab Emirates,ARE,MENA,69,2013
Bhutan,BTN,AP,63,2013
Taiwan,TWN,AP,61,2013
Chile,CHL,AME,71,2013
United States of America,USA,AME,73,2013
Barbados,BRB,AME,75,2013
Bahamas,BHS,AME,71,2013
Qatar,QAT,MENA,68,2013
"Korea, South",KOR,AP,55,2013
Portugal,PRT,WE/EU,62,2013
Spain,ESP,WE/EU,59,2013
Lithuania,LTU,WE/EU,57,2013
Israel,ISR,MENA,61,2013
Saint Vincent and the Grenadines,VCT,AME,62,2013
Latvia,LVA,WE/EU,53,2013
Cabo Verde,CPV,SSA,58,2013
Costa Rica,CRI,AME,53,2013
Slovenia,SVN,WE/EU,57,2013
Poland,POL,WE/EU,60,2013
Saint Lucia,LCA,AME,71,2013
Italy,ITA,WE/EU,43,2013
Fiji,FJI,AP,,2013
Botswana,BWA,SSA,64,2013
Georgia,GEO,ECA,49,2013
Dominica,DMA,AME,58,2013
Czechia,CZE,WE/EU,48,2013
Malta,MLT,WE/EU,56,2013
Mauritius,MUS,SSA,52,2013
Cyprus,CYP,WE/EU,63,2013
Rwanda,RWA,SSA,53,2013
Grenada,GRD,AME,,2013
Saudi Arabia,SAU,MENA,46,2013
Oman,OMN,MENA,47,2013
Slovakia,SVK,WE/EU,47,2013
Namibia,NAM,SSA,48,2013
Greece,GRC,WE/EU,40,2013
Armenia,ARM,ECA,36,2013
Jordan,JOR,MENA,45,2013
Malaysia,MYS,AP,50,2013
Croatia,HRV,WE/EU,48,2013
Cuba,CUB,AME,46,2013
Montenegro,MNE,ECA,44,2013
Sao Tome and Principe,STP,SSA,42,2013
Romania,ROU,WE/EU,43,2013
Vanuatu,VUT,AP,,2013
China,CHN,AP,40,2013
Jamaica,JAM,AME,38,2013
South Africa,ZAF,SSA,42,2013
Tunisia,TUN,MENA,41,2013
Senegal,SEN,SSA,41,2013
Hungary,HUN,WE/EU,54,2013
Ghana,GHA,SSA,46,2013
Kuwait,KWT,MENA,43,2013
Solomon Islands,SLB,AP,,2013
Bulgaria,BGR,WE/EU,41,2013
Bahrain,BHR,MENA,48,2013
Benin,BEN,SSA,36,2013
Burkina Faso,BFA,SSA,38,2013
Belarus,BLR,ECA,29,2013
Timor-Leste,TLS,AP,30,2013
Trinidad and Tobago,TTO,AME,38,2013
Maldives,MDV,AP,,2013
India,IND,AP,36,2013
Guyana,GUY,AME,27,2013
Morocco,MAR,MENA,37,2013
Colombia,COL,AME,36,2013
Ethiopia,ETH,SSA,33,2013
Suriname,SUR,AME,36,2013
Tanzania,TZA,SSA,33,2013
Kosovo,KSV,ECA,33,2013
Vietnam,VNM,AP,31,2013
North Macedonia,MKD,ECA,44,2013
Argentina,ARG,AME,34,2013
Lesotho,LSO,SSA,49,2013
Turkey,TUR,ECA,50,2013
Brazil,BRA,AME,42,2013
Serbia,SRB,ECA,42,2013
Indonesia,IDN,AP,32,2013
Kazakhstan,KAZ,ECA,26,2013
Sri Lanka,LKA,AP,37,2013
Gambia,GMB,SSA,28,2013
Ecuador,ECU,AME,35,2013
Peru,PER,AME,38,2013
Cote d'Ivoire,CIV,SSA,27,2013
Panama,PAN,AME,35,2013
Moldova,MDA,ECA,35,2013
Albania,ALB,ECA,31,2013
Thailand,THA,AP,35,2013
Bosnia and Herzegovina,BIH,ECA,42,2013
Mongolia,MNG,AP,38,2013
Malawi,MWI,SSA,37,2013
El Salvador,SLV,AME,38,2013
Sierra Leone,SLE,SSA,30,2013
Algeria,DZA,MENA,36,2013
Philippines,PHL,AP,36,2013
Egypt,EGY,MENA,32,2013
Nepal,NPL,AP,31,2013
Zambia,ZMB,SSA,38,2013
Eswatini,SWZ,SSA,39,2013
Ukraine,UKR,ECA,25,2013
Niger,NER,SSA,34,2013
Mexico,MEX,AME,34,2013
Gabon,GAB,SSA,34,2013
Papua New Guinea,PNG,AP,25,2013
Bolivia,BOL,AME,34,2013
Kenya,KEN,SSA,27,2013
Azerbaijan,AZE,ECA,28,2013
Laos,LAO,AP,26,2013
Togo,TGO,SSA,29,2013
Dominican Republic,DOM,AME,29,2013
Paraguay,PRY,AME,24,2013
Djibouti,DJI,SSA,36,2013
Mali,MLI,SSA,28,2013
Russia,RUS,ECA,28,2013
Liberia,LBR,SSA,38,2013
Angola,AGO,SSA,23,2013
Pakistan,PAK,AP,28,2013
Mauritania,MRT,SSA,30,2013
Myanmar,MMR,AP,21,2013
Uzbekistan,UZB,ECA,17,2013
Kyrgyzstan,KGZ,ECA,24,2013
Uganda,UGA,SSA,26,2013
Cameroon,CMR,SSA,25,2013
Bangladesh,BGD,AP,27,2013
Madagascar,MDG,SSA,28,2013
Mozambique,MOZ,SSA,30,2013
Guinea,GIN,SSA,24,2013
Guatemala,GTM,AME,29,2013
Iran,IRN,MENA,25,2013
Tajikistan,TJK,ECA,22,2013
Central African Republic,CAF,SSA,25,2013
Lebanon,LBN,MENA,28,2013
Nigeria,NGA,SSA,25,2013
Honduras,HND,AME,26,2013
Zimbabwe,ZWE,SSA,21,2013
Cambodia,KHM,AP,20,2013
Iraq,IRQ,MENA,16,2013
Eritrea,ERI,SSA,20,2013
Congo,COG,SSA,22,2013
Guinea Bissau,GNB,SSA,19,2013
Nicaragua,NIC,AME,28,2013
Chad,TCD,SSA,19,2013
Comoros,COM,SSA,28,2013
Haiti,HTI,AME,19,2013
Sudan,SDN,SSA,11,2013
Burundi,BDI,SSA,21,2013
Turkmenistan,TKM,ECA,17,2013
Democratic Republic of the Congo,COD,SSA,22,2013
Libya,LBY,MENA,15,2013
Equatorial Guinea,GNQ,SSA,19,2013
Afghanistan,AFG,AP,8,2013
"Korea, North",PRK,AP,8,2013
Yemen,YEM,MENA,18,2013
Venezuela,VEN,AME,20,2013
Syria,SYR,MENA,17,2013
Somalia,SOM,SSA,8,2013
South Sudan,SSD,SSA,14,2013
Brunei Darussalam,BRN,AP,60,2013
Denmark,DNK,WE/EU,92,2014
New Zealand,NZL,AP,91,2014
Finland,FIN,WE/EU,89,2014
Singapore,SGP,AP,84,2014
Sweden,SWE,WE/EU,87,2014
Norway,NOR,WE/EU,86,2014
Switzerland,CHE,WE/EU,86,2014
Netherlands,NLD,WE/EU,83,2014
Luxembourg,LUX,WE/EU,82,2014
Germany,DEU,WE/EU,79,2014
United Kingdom,GBR,WE/EU,78,2014
Hong Kong,HKG,AP,74,2014
Canada,CAN,AME,81,2014
Austria,AUT,WE/EU,72,2014
Estonia,EST,WE/EU,69,2014
Iceland,ISL,WE/EU,79,2014
Ireland,IRL,WE/EU,74,2014
Australia,AUS,AP,80,2014
Belgium,BEL,WE/EU,76,2014
Japan,JPN,AP,76,2014
Uruguay,URY,AME,73,2014
France,FRA,WE/EU,69,2014
Seychelles,SYC,SSA,55,2014
United Arab Emirates,ARE,MENA,70,2014
Bhutan,BTN,AP,65,2014
Taiwan,TWN,AP,61,2014
Chile,CHL,AME,73,2014
United States of America,USA,AME,74,2014
Barbados,BRB,AME,74,2014
Bahamas,BHS,AME,71,2014
Qatar,QAT,MENA,69,2014
"Korea, South",KOR,AP,55,2014
Portugal,PRT,WE/EU,63,2014
Spain,ESP,WE/EU,60,2014
Lithuania,LTU,WE/EU,58,2014
Israel,ISR,MENA,60,2014
Saint Vincent and the Grenadines,VCT,AME,62,2014
Latvia,LVA,WE/EU,55,2014
Cabo Verde,CPV,SSA,57,2014
Costa Rica,CRI,AME,54,2014
Slovenia,SVN,WE/EU,58,2014
Poland,POL,WE/EU,61,2014
Saint Lucia,LCA,AME,71,2014
Italy,ITA,WE/EU,43,2014
Fiji,FJI,AP,,2014
Botswana,BWA,SSA,63,2014
Georgia,GEO,ECA,52,2014
Dominica,DMA,AME,58,2014
Czechia,CZE,WE/EU,51,2014
Malta,MLT,WE/EU,55,2014
Mauritius,MUS,SSA,54,2014
Cyprus,CYP,WE/EU,63,2014
Rwanda,RWA,SSA,49,2014
Grenada,GRD,AME,,2014
Saudi Arabia,SAU,MENA,49,2014
Oman,OMN,MENA,45,2014
Slovakia,SVK,WE/EU,50,2014
Namibia,NAM,SSA,49,2014
Greece,GRC,WE/EU,43,2014
Armenia,ARM,ECA,37,2014
Jordan,JOR,MENA,49,2014
Malaysia,MYS,AP,52,2014
Croatia,HRV,WE/EU,48,2014
Cuba,CUB,AME,46,2014
Montenegro,MNE,ECA,42,2014
Sao Tome and Principe,STP,SSA,42,2014
Romania,ROU,WE/EU,43,2014
Vanuatu,VUT,AP,,2014
China,CHN,AP,36,2014
Jamaica,JAM,AME,38,2014
South Africa,ZAF,SSA,44,2014
Tunisia,TUN,MENA,40,2014
Senegal,SEN,SSA,43,2014
Hungary,HUN,WE/EU,54,2014
Ghana,GHA,SSA,48,2014
Kuwait,KWT,MENA,44,2014
Solomon Islands,SLB,AP,,2014
Bulgaria,BGR,WE/EU,43,2014
Bahrain,BHR,MENA,49,2014
Benin,BEN,SSA,39,2014
Burkina Faso,BFA,SSA,38,2014
Belarus,BLR,ECA,31,2014
Timor-Leste,TLS,AP,28,2014
Trinidad and Tobago,TTO,AME,38,2014
Maldives,MDV,AP,,2014
India,IND,AP,38,2014
Guyana,GUY,AME,30,2014
Morocco,MAR,MENA,39,2014
Colombia,COL,AME,37,2014
Ethiopia,ETH,SSA,33,2014
Suriname,SUR,AME,36,2014
Tanzania,TZA,SSA,31,2014
Kosovo,KSV,ECA,33,2014
Vietnam,VNM,AP,31,2014
North Macedonia,MKD,ECA,45,2014
Argentina,ARG,AME,34,2014
Lesotho,LSO,SSA,49,2014
Turkey,TUR,ECA,45,2014
Brazil,BRA,AME,43,2014
Serbia,SRB,ECA,41,2014
Indonesia,IDN,AP,34,2014
Kazakhstan,KAZ,ECA,29,2014
Sri Lanka,LKA,AP,38,2014
Gambia,GMB,SSA,29,2014
Ecuador,ECU,AME,33,2014
Peru,PER,AME,38,2014
Cote d'Ivoire,CIV,SSA,32,2014
Panama,PAN,AME,37,2014
Moldova,MDA,ECA,35,2014
Albania,ALB,ECA,33,2014
Thailand,THA,AP,38,2014
Bosnia and Herzegovina,BIH,ECA,39,2014
Mongolia,MNG,AP,39,2014
Malawi,MWI,SSA,33,2014
El Salvador,SLV,AME,39,2014
Sierra Leone,SLE,SSA,31,2014
Algeria,DZA,MENA,36,2014
Philippines,PHL,AP,38,2014
Egypt,EGY,MENA,37,2014
Nepal,NPL,AP,29,2014
Zambia,ZMB,SSA,38,2014
Eswatini,SWZ,SSA,43,2014
Ukraine,UKR,ECA,26,2014
Niger,NER,SSA,35,2014
Mexico,MEX,AME,35,2014
Gabon,GAB,SSA,37,2014
Papua New Guinea,PNG,AP,25,2014
Bolivia,BOL,AME,35,2014
Kenya,KEN,SSA,25,2014
Azerbaijan,AZE,ECA,29,2014
Laos,LAO,AP,25,2014
Togo,TGO,SSA,29,2014
Dominican Republic,DOM,AME,32,2014
Paraguay,PRY,AME,24,2014
Djibouti,DJI,SSA,34,2014
Mali,MLI,SSA,32,2014
Russia,RUS,ECA,27,2014
Liberia,LBR,SSA,37,2014
Angola,AGO,SSA,19,2014
Pakistan,PAK,AP,29,2014
Mauritania,MRT,SSA,30,2014
Myanmar,MMR,AP,21,2014
Uzbekistan,UZB,ECA,18,2014
Kyrgyzstan,KGZ,ECA,27,2014
Uganda,UGA,SSA,26,2014
Cameroon,CMR,SSA,27,2014
Bangladesh,BGD,AP,25,2014
Madagascar,MDG,SSA,28,2014
Mozambique,MOZ,SSA,31,2014
Guinea,GIN,SSA,25,2014
Guatemala,GTM,AME,32,2014
Iran,IRN,MENA,27,2014
Tajikistan,TJK,ECA,23,2014
Central African Republic,CAF,SSA,24,2014
Lebanon,LBN,MENA,27,2014
Nigeria,NGA,SSA,27,2014
Honduras,HND,AME,29,2014
Zimbabwe,ZWE,SSA,21,2014
Cambodia,KHM,AP,21,2014
Iraq,IRQ,MENA,16,2014
Eritrea,ERI,SSA,18,2014
Congo,COG,SSA,23,2014
Guinea Bissau,GNB,SSA,19,2014
Nicaragua,NIC,AME,28,2014
Chad,TCD,SSA,22,2014
Comoros,COM,SSA,26,2014
Haiti,HTI,AME,19,2014
Sudan,SDN,SSA,11,2014
Burundi,BDI,SSA,20,2014
Turkmenistan,TKM,ECA,17,2014
Democratic Republic of the Congo,COD,SSA,22,2014
Libya,LBY,MENA,18,2014
Equatorial Guinea,GNQ,SSA,,2014
Afghanistan,AFG,AP,12,2014
"Korea, North",PRK,AP,8,2014
Yemen,YEM,MENA,19,2014
Venezuela,VEN,AME,19,2014
Syria,SYR,MENA,20,2014
Somalia,SOM,SSA,8,2014
South Sudan,SSD,SSA,15,2014
Brunei Darussalam,BRN,AP,,2014
Denmark,DNK,WE/EU,91,2015
New Zealand,NZL,AP,91,2015
Finland,FIN,WE/EU,90,2015
Singapore,SGP,AP,85,2015
Sweden,SWE,WE/EU,89,2015
Norway,NOR,WE/EU,88,2015
Switzerland,CHE,WE/EU,86,2015
Netherlands,NLD,WE/EU,84,2015
Luxembourg,LUX,WE/EU,85,2015
Germany,DEU,WE/EU,81,2015
United Kingdom,GBR,WE/EU,81,2015
Hong Kong,HKG,AP,75,2015
Canada,CAN,AME,83,2015
Austria,AUT,WE/EU,76,2015
Estonia,EST,WE/EU,70,2015
Iceland,ISL,WE/EU,79,2015
Ireland,IRL,WE/EU,75,2015
Australia,AUS,AP,79,2015
Belgium,BEL,WE/EU,77,2015
Japan,JPN,AP,75,2015
Uruguay,URY,AME,74,2015
France,FRA,WE/EU,70,2015
Seychelles,SYC,SSA,55,2015
United Arab Emirates,ARE,MENA,70,2015
Bhutan,BTN,AP,65,2015
Taiwan,TWN,AP,62,2015
Chile,CHL,AME,70,2015
United States of America,USA,AME,76,2015
Barbados,BRB,AME,,2015
Bahamas,BHS,AME,,2015
Qatar,QAT,MENA,71,2015
"Korea, South",KOR,AP,54,2015
Portugal,PRT,WE/EU,64,2015
Spain,ESP,WE/EU,58,2015
Lithuania,LTU,WE/EU,59,2015
Israel,ISR,MENA,61,2015
Saint Vincent and the Grenadines,VCT,AME,,2015
Latvia,LVA,WE/EU,56,2015
Cabo Verde,CPV,SSA,55,2015
Costa Rica,CRI,AME,55,2015
Slovenia,SVN,WE/EU,60,2015
Poland,POL,WE/EU,63,2015
Saint Lucia,LCA,AME,,2015
Italy,ITA,WE/EU,44,2015
Fiji,FJI,AP,,2015
Botswana,BWA,SSA,63,2015
Georgia,GEO,ECA,52,2015
Dominica,DMA,AME,,2015
Czechia,CZE,WE/EU,56,2015
Malta,MLT,WE/EU,60,2015
Mauritius,MUS,SSA,53,2015
Cyprus,CYP,WE/EU,61,2015
Rwanda,RWA,SSA,54,2015
Grenada,GRD,AME,,2015
Saudi Arabia,SAU,MENA,52,2015
Oman,OMN,MENA,45,2015
Slovakia,SVK,WE/EU,51,2015
Namibia,NAM,SSA,53,2015
Greece,GRC,WE/EU,46,2015
Armenia,ARM,ECA,35,2015
Jordan,JOR,MENA,53,2015
Malaysia,MYS,AP,50,2015
Croatia,HRV,WE/EU,51,2015
Cuba,CUB,AME,47,2015
Montenegro,MNE,ECA,44,2015
Sao Tome and Principe,STP,SSA,42,2015
Romania,ROU,WE/EU,46,2015
Vanuatu,VUT,AP,,2015
China,CHN,AP,37,2015
Jamaica,JAM,AME,41,2015
South Africa,ZAF,SSA,44,2015
Tunisia,TUN,MENA,38,2015
Senegal,SEN,SSA,44,2015
Hungary,HUN,WE/EU,51,2015
Ghana,GHA,SSA,47,2015
Kuwait,KWT,MENA,49,2015
Solomon Islands,SLB,AP,,2015
Bulgaria,BGR,WE/EU,41,2015
Bahrain,BHR,MENA,51,2015
Benin,BEN,SSA,37,2015
Burkina Faso,BFA,SSA,38,2015
Belarus,BLR,ECA,32,2015
Timor-Leste,TLS,AP,28,2015
Trinidad and Tobago,TTO,AME,39,2015
Maldives,MDV,AP,,2015
India,IND,AP,38,2015
Guyana,GUY,AME,29,2015
Morocco,MAR,MENA,36,2015
Colombia,COL,AME,37,2015
Ethiopia,ETH,SSA,33,2015
Suriname,SUR,AME,36,2015
Tanzania,TZA,SSA,30,2015
Kosovo,KSV,ECA,33,2015
Vietnam,VNM,AP,31,2015
North Macedonia,MKD,ECA,42,2015
Argentina,ARG,AME,32,2015
Lesotho,LSO,SSA,44,2015
Turkey,TUR,ECA,42,2015
Brazil,BRA,AME,38,2015
Serbia,SRB,ECA,40,2015
Indonesia,IDN,AP,36,2015
Kazakhstan,KAZ,ECA,28,2015
Sri Lanka,LKA,AP,37,2015
Gambia,GMB,SSA,28,2015
Ecuador,ECU,AME,32,2015
Peru,PER,AME,36,2015
Cote d'Ivoire,CIV,SSA,32,2015
Panama,PAN,AME,39,2015
Moldova,MDA,ECA,33,2015
Albania,ALB,ECA,36,2015
Thailand,THA,AP,38,2015
Bosnia and Herzegovina,BIH,ECA,38,2015
Mongolia,MNG,AP,39,2015
Malawi,MWI,SSA,31,2015
El Salvador,SLV,AME,39,2015
Sierra Leone,SLE,SSA,29,2015
Algeria,DZA,MENA,36,2015
Philippines,PHL,AP,35,2015
Egypt,EGY,MENA,36,2015
Nepal,NPL,AP,27,2015
Zambia,ZMB,SSA,38,2015
Eswatini,SWZ,SSA,,2015
Ukraine,UKR,ECA,27,2015
Niger,NER,SSA,34,2015
Mexico,MEX,AME,31,2015
Gabon,GAB,SSA,34,2015
Papua New Guinea,PNG,AP,25,2015
Bolivia,BOL,AME,34,2015
Kenya,KEN,SSA,25,2015
Azerbaijan,AZE,ECA,29,2015
Laos,LAO,AP,25,2015
Togo,TGO,SSA,32,2015
Dominican Republic,DOM,AME,33,2015
Paraguay,PRY,AME,27,2015
Djibouti,DJI,SSA,34,2015
Mali,MLI,SSA,35,2015
Russia,RUS,ECA,29,2015
Liberia,LBR,SSA,37,2015
Angola,AGO,SSA,15,2015
Pakistan,PAK,AP,30,2015
Mauritania,MRT,SSA,31,2015
Myanmar,MMR,AP,22,2015
Uzbekistan,UZB,ECA,19,2015
Kyrgyzstan,KGZ,ECA,28,2015
Uganda,UGA,SSA,25,2015
Cameroon,CMR,SSA,27,2015
Bangladesh,BGD,AP,25,2015
Madagascar,MDG,SSA,28,2015
Mozambique,MOZ,SSA,31,2015
Guinea,GIN,SSA,25,2015
Guatemala,GTM,AME,28,2015
Iran,IRN,MENA,27,2015
Tajikistan,TJK,ECA,26,2015
Central African Republic,CAF,SSA,24,2015
Lebanon,LBN,MENA,28,2015
Nigeria,NGA,SSA,26,2015
Honduras,HND,AME,31,2015
Zimbabwe,ZWE,SSA,21,2015
Cambodia,KHM,AP,21,2015
Iraq,IRQ,MENA,16,2015
Eritrea,ERI,SSA,18,2015
Congo,COG,SSA,23,2015
Guinea Bissau,GNB,SSA,17,2015
Nicaragua,NIC,AME,27,2015
Chad,TCD,SSA,22,2015
Comoros,COM,SSA,26,2015
Haiti,HTI,AME,17,2015
Sudan,SDN,SSA,12,2015
Burundi,BDI,SSA,21,2015
Turkmenistan,TKM,ECA,18,2015
Democratic Republic of the Congo,COD,SSA,22,2015
Libya,LBY,MENA,16,2015
Equatorial Guinea,GNQ,SSA,,2015
Afghanistan,AFG,AP,11,2015
"Korea, North",PRK,AP,8,2015
Yemen,YEM,MENA,18,2015
Venezuela,VEN,AME,17,2015
Syria,SYR,MENA,18,2015
Somalia,SOM,SSA,8,2015
South Sudan,SSD,SSA,15,2015
Brunei Darussalam,BRN,AP,,2015
Denmark,DNK,WE/EU,90,2016
New Zealand,NZL,AP,90,2016
Finland,FIN,WE/EU,89,2016
Singapore,SGP,AP,84,2016
Sweden,SWE,WE/EU,88,2016
Norway,NOR,WE/EU,85,2016
Switzerland,CHE,WE/EU,86,2016
Netherlands,NLD,WE/EU,83,2016
Luxembourg,LUX,WE/EU,81,2016
Germany,DEU,WE/EU,81,2016
United Kingdom,GBR,WE/EU,81,2016
Hong Kong,HKG,AP,77,2016
Canada,CAN,AME,82,2016
Austria,AUT,WE/EU,75,2016
Estonia,EST,WE/EU,70,2016
Iceland,ISL,WE/EU,78,2016
Ireland,IRL,WE/EU,73,2016
Australia,AUS,AP,79,2016
Belgium,BEL,WE/EU,77,2016
Japan,JPN,AP,72,2016
Uruguay,URY,AME,71,2016
France,FRA,WE/EU,69,2016
Seychelles,SYC,SSA,,2016
United Arab Emirates,ARE,MENA,66,2016
Bhutan,BTN,AP,65,2016
Taiwan,TWN,AP,61,2016
Chile,CHL,AME,66,2016
United States of America,USA,AME,74,2016
Barbados,BRB,AME,61,2016
Bahamas,BHS,AME,66,2016
Qatar,QAT,MENA,61,2016
"Korea, South",KOR,AP,53,2016
Portugal,PRT,WE/EU,62,2016
Spain,ESP,WE/EU,58,2016
Lithuania,LTU,WE/EU,59,2016
Israel,ISR,MENA,64,2016
Saint Vincent and the Grenadines,VCT,AME,60,2016
Latvia,LVA,WE/EU,57,2016
Cabo Verde,CPV,SSA,59,2016
Costa Rica,CRI,AME,58,2016
Slovenia,SVN,WE/EU,61,2016
Poland,POL,WE/EU,62,2016
Saint Lucia,LCA,AME,60,2016
Italy,ITA,WE/EU,47,2016
Fiji,FJI,AP,,2016
Botswana,BWA,SSA,60,2016
Georgia,GEO,ECA,57,2016
Dominica,DMA,AME,59,2016
Czechia,CZE,WE/EU,55,2016
Malta,MLT,WE/EU,55,2016
Mauritius,MUS,SSA,54,2016
Cyprus,CYP,WE/EU,55,2016
Rwanda,RWA,SSA,54,2016
Grenada,GRD,AME,56,2016
Saudi Arabia,SAU,MENA,46,2016
Oman,OMN,MENA,45,2016
Slovakia,SVK,WE/EU,51,2016
Namibia,NAM,SSA,52,2016
Greece,GRC,WE/EU,44,2016
Armenia,ARM,ECA,33,2016
Jordan,JOR,MENA,48,2016
Malaysia,MYS,AP,49,2016
Croatia,HRV,WE/EU,49,2016
Cuba,CUB,AME,47,2016
Montenegro,MNE,ECA,45,2016
Sao Tome and Principe,STP,SSA,46,2016
Romania,ROU,WE/EU,48,2016
Vanuatu,VUT,AP,,2016
China,CHN,AP,40,2016
Jamaica,JAM,AME,39,2016
South Africa,ZAF,SSA,45,2016
Tunisia,TUN,MENA,41,2016
Senegal,SEN,SSA,45,2016
Hungary,HUN,WE/EU,48,2016
Ghana,GHA,SSA,43,2016
Kuwait,KWT,MENA,41,2016
Solomon Islands,SLB,AP,42,2016
Bulgaria,BGR,WE/EU,41,2016
Bahrain,BHR,MENA,43,2016
Benin,BEN,SSA,36,2016
Burkina Faso,BFA,SSA,42,2016
Belarus,BLR,ECA,40,2016
Timor-Leste,TLS,AP,35,2016
Trinidad and Tobago,TTO,AME,35,2016
Maldives,MDV,AP,36,2016
India,IND,AP,40,2016
Guyana,GUY,AME,34,2016
Morocco,MAR,MENA,37,2016
Colombia,COL,AME,37,2016
Ethiopia,ETH,SSA,34,2016
Suriname,SUR,AME,45,2016
Tanzania,TZA,SSA,32,2016
Kosovo,KSV,ECA,36,2016
Vietnam,VNM,AP,33,2016
North Macedonia,MKD,ECA,37,2016
Argentina,ARG,AME,36,2016
Lesotho,LSO,SSA,39,2016
Turkey,TUR,ECA,41,2016
Brazil,BRA,AME,40,2016
Serbia,SRB,ECA,42,2016
Indonesia,IDN,AP,37,2016
Kazakhstan,KAZ,ECA,29,2016
Sri Lanka,LKA,AP,36,2016
Gambia,GMB,SSA,26,2016
Ecuador,ECU,AME,31,2016
Peru,PER,AME,35,2016
Cote d'Ivoire,CIV,SSA,34,2016
Panama,PAN,AME,38,2016
Moldova,MDA,ECA,30,2016
Albania,ALB,ECA,39,2016
Thailand,THA,AP,35,2016
Bosnia and Herzegovina,BIH,ECA,39,2016
Mongolia,MNG,AP,38,2016
Malawi,MWI,SSA,31,2016
El Salvador,SLV,AME,36,2016
Sierra Leone,SLE,SSA,30,2016
Algeria,DZA,MENA,34,2016
Philippines,PHL,AP,35,2016
Egypt,EGY,MENA,34,2016
Nepal,NPL,AP,29,2016
Zambia,ZMB,SSA,38,2016
Eswatini,SWZ,SSA,,2016
Ukraine,UKR,ECA,29,2016
Niger,NER,SSA,35,2016
Mexico,MEX,AME,30,2016
Gabon,GAB,SSA,35,2016
Papua New Guinea,PNG,AP,28,2016
Bolivia,BOL,AME,33,2016
Kenya,KEN,SSA,26,2016
Azerbaijan,AZE,ECA,30,2016
Laos,LAO,AP,30,2016
Togo,TGO,SSA,32,2016
Dominican Republic,DOM,AME,31,2016
Paraguay,PRY,AME,30,2016
Djibouti,DJI,SSA,30,2016
Mali,MLI,SSA,32,2016
Russia,RUS,ECA,29,2016
Liberia,LBR,SSA,37,2016
Angola,AGO,SSA,18,2016
Pakistan,PAK,AP,32,2016
Mauritania,MRT,SSA,27,2016
Myanmar,MMR,AP,28,2016
Uzbekistan,UZB,ECA,21,2016
Kyrgyzstan,KGZ,ECA,28,2016
Uganda,UGA,SSA,25,2016
Cameroon,CMR,SSA,26,2016
Bangladesh,BGD,AP,26,2016
Madagascar,MDG,SSA,26,2016
Mozambique,MOZ,SSA,27,2016
Guinea,GIN,SSA,27,2016
Guatemala,GTM,AME,28,2016
Iran,IRN,MENA,29,2016
Tajikistan,TJK,ECA,25,2016
Central African Republic,CAF,SSA,20,2016
Lebanon,LBN,MENA,28,2016
Nigeria,NGA,SSA,28,2016
Honduras,HND,AME,30,2016
Zimbabwe,ZWE,SSA,22,2016
Cambodia,KHM,AP,21,2016
Iraq,IRQ,MENA,17,2016
Eritrea,ERI,SSA,18,2016
Congo,COG,SSA,20,2016
Guinea Bissau,GNB,SSA,16,2016
Nicaragua,NIC,AME,26,2016
Chad,TCD,SSA,20,2016
Comoros,COM,SSA,24,2016
Haiti,HTI,AME,20,2016
Sudan,SDN,SSA,14,2016
Burundi,BDI,SSA,20,2016
Turkmenistan,TKM,ECA,22,2016
Democratic Republic of the Congo,COD,SSA,21,2016
Libya,LBY,MENA,14,2016
Equatorial Guinea,GNQ,SSA,,2016
Afghanistan,AFG,AP,15,2016
"Korea, North",PRK,AP,12,2016
Yemen,YEM,MENA,14,2016
Venezuela,VEN,AME,17,2016
Syria,SYR,MENA,13,2016
Somalia,SOM,SSA,10,2016
South Sudan,SSD,SSA,11,2016
Brunei Darussalam,BRN,AP,58,2016
Denmark,DNK,WE/EU,88,2017
New Zealand,NZL,AP,89,2017
Finland,FIN,WE/EU,85,2017
Singapore,SGP,AP,84,2017
Sweden,SWE,WE/EU,84,2017
Norway,NOR,WE/EU,85,2017
Switzerland,CHE,WE/EU,85,2017
Netherlands,NLD,WE/EU,82,2017
Luxembourg,LUX,WE/EU,82,2017
Germany,DEU,WE/EU,81,2017
United Kingdom,GBR,WE/EU,82,2017
Hong Kong,HKG,AP,77,2017
Canada,CAN,AME,82,2017
Austria,AUT,WE/EU,75,2017
Estonia,EST,WE/EU,71,2017
Iceland,ISL,WE/EU,77,2017
Ireland,IRL,WE/EU,74,2017
Australia,AUS,AP,77,2017
Belgium,BEL,WE/EU,75,2017
Japan,JPN,AP,73,2017
Uruguay,URY,AME,70,2017
France,FRA,WE/EU,70,2017
Seychelles,SYC,SSA,60,2017
United Arab Emirates,ARE,MENA,71,2017
Bhutan,BTN,AP,67,2017
Taiwan,TWN,AP,63,2017
Chile,CHL,AME,67,2017
United States of America,USA,AME,75,2017
Barbados,BRB,AME,68,2017
Bahamas,BHS,AME,65,2017
Qatar,QAT,MENA,63,2017
"Korea, South",KOR,AP,54,2017
Portugal,PRT,WE/EU,63,2017
Spain,ESP,WE/EU,57,2017
Lithuania,LTU,WE/EU,59,2017
Israel,ISR,MENA,62,2017
Saint Vincent and the Grenadines,VCT,AME,58,2017
Latvia,LVA,WE/EU,58,2017
Cabo Verde,CPV,SSA,55,2017
Costa Rica,CRI,AME,59,2017
Slovenia,SVN,WE/EU,61,2017
Poland,POL,WE/EU,60,2017
Saint Lucia,LCA,AME,55,2017
Italy,ITA,WE/EU,50,2017
Fiji,FJI,AP,,2017
Botswana,BWA,SSA,61,2017
Georgia,GEO,ECA,56,2017
Dominica,DMA,AME,57,2017
Czechia,CZE,WE/EU,57,2017
Malta,MLT,WE/EU,56,2017
Mauritius,MUS,SSA,50,2017
Cyprus,CYP,WE/EU,57,2017
Rwanda,RWA,SSA,55,2017
Grenada,GRD,AME,52,2017
Saudi Arabia,SAU,MENA,49,2017
Oman,OMN,MENA,44,2017
Slovakia,SVK,WE/EU,50,2017
Namibia,NAM,SSA,51,2017
Greece,GRC,WE/EU,48,2017
Armenia,ARM,ECA,35,2017
Jordan,JOR,MENA,48,2017
Malaysia,MYS,AP,47,2017
Croatia,HRV,WE/EU,49,2017
Cuba,CUB,AME,47,2017
Montenegro,MNE,ECA,46,2017
Sao Tome and Principe,STP,SSA,46,2017
Romania,ROU,WE/EU,48,2017
Vanuatu,VUT,AP,43,2017
China,CHN,AP,41,2017
Jamaica,JAM,AME,44,2017
South Africa,ZAF,SSA,43,2017
Tunisia,TUN,MENA,42,2017
Senegal,SEN,SSA,45,2017
Hungary,HUN,WE/EU,45,2017
Ghana,GHA,SSA,40,2017
Kuwait,KWT,MENA,39,2017
Solomon Islands,SLB,AP,39,2017
Bulgaria,BGR,WE/EU,43,2017
Bahrain,BHR,MENA,36,2017
Benin,BEN,SSA,39,2017
Burkina Faso,BFA,SSA,42,2017
Belarus,BLR,ECA,44,2017
Timor-Leste,TLS,AP,38,2017
Trinidad and Tobago,TTO,AME,41,2017
Maldives,MDV,AP,33,2017
India,IND,AP,40,2017
Guyana,GUY,AME,38,2017
Morocco,MAR,MENA,40,2017
Colombia,COL,AME,37,2017
Ethiopia,ETH,SSA,35,2017
Suriname,SUR,AME,41,2017
Tanzania,TZA,SSA,36,2017
Kosovo,KSV,ECA,39,2017
Vietnam,VNM,AP,35,2017
North Macedonia,MKD,ECA,35,2017
Argentina,ARG,AME,39,2017
Lesotho,LSO,SSA,42,2017
Turkey,TUR,ECA,40,2017
Brazil,BRA,AME,37,2017
Serbia,SRB,ECA,41,2017
Indonesia,IDN,AP,37,2017
Kazakhstan,KAZ,ECA,31,2017
Sri Lanka,LKA,AP,38,2017
Gambia,GMB,SSA,30,2017
Ecuador,ECU,AME,32,2017
Peru,PER,AME,37,2017
Cote d'Ivoire,CIV,SSA,36,2017
Panama,PAN,AME,37,2017
Moldova,MDA,ECA,31,2017
Albania,ALB,ECA,38,2017
Thailand,THA,AP,37,2017
Bosnia and Herzegovina,BIH,ECA,38,2017
Mongolia,MNG,AP,36,2017
Malawi,MWI,SSA,31,2017
El Salvador,SLV,AME,33,2017
Sierra Leone,SLE,SSA,30,2017
Algeria,DZA,MENA,33,2017
Philippines,PHL,AP,34,2017
Egypt,EGY,MENA,32,2017
Nepal,NPL,AP,31,2017
Zambia,ZMB,SSA,37,2017
Eswatini,SWZ,SSA,39,2017
Ukraine,UKR,ECA,30,2017
Niger,NER,SSA,33,2017
Mexico,MEX,AME,29,2017
Gabon,GAB,SSA,32,2017
Papua New Guinea,PNG,AP,29,2017
Bolivia,BOL,AME,33,2017
Kenya,KEN,SSA,28,2017
Azerbaijan,AZE,ECA,31,2017
Laos,LAO,AP,29,2017
Togo,TGO,SSA,32,2017
Dominican Republic,DOM,AME,29,2017
Paraguay,PRY,AME,29,2017
Djibouti,DJI,SSA,31,2017
Mali,MLI,SSA,31,2017
Russia,RUS,ECA,29,2017
Liberia,LBR,SSA,31,2017
Angola,AGO,SSA,19,2017
Pakistan,PAK,AP,32,2017
Mauritania,MRT,SSA,28,2017
Myanmar,MMR,AP,30,2017
Uzbekistan,UZB,ECA,22,2017
Kyrgyzstan,KGZ,ECA,29,2017
Uganda,UGA,SSA,26,2017
Cameroon,CMR,SSA,25,2017
Bangladesh,BGD,AP,28,2017
Madagascar,MDG,SSA,24,2017
Mozambique,MOZ,SSA,25,2017
Guinea,GIN,SSA,27,2017
Guatemala,GTM,AME,28,2017
Iran,IRN,MENA,30,2017
Tajikistan,TJK,ECA,21,2017
Central African Republic,CAF,SSA,23,2017
Lebanon,LBN,MENA,28,2017
Nigeria,NGA,SSA,27,2017
Honduras,HND,AME,29,2017
Zimbabwe,ZWE,SSA,22,2017
Cambodia,KHM,AP,21,2017
Iraq,IRQ,MENA,18,2017
Eritrea,ERI,SSA,20,2017
Congo,COG,SSA,21,2017
Guinea Bissau,GNB,SSA,17,2017
Nicaragua,NIC,AME,26,2017
Chad,TCD,SSA,20,2017
Comoros,COM,SSA,27,2017
Haiti,HTI,AME,22,2017
Sudan,SDN,SSA,16,2017
Burundi,BDI,SSA,22,2017
Turkmenistan,TKM,ECA,19,2017
Democratic Republic of the Congo,COD,SSA,21,2017
Libya,LBY,MENA,17,2017
Equatorial Guinea,GNQ,SSA,17,2017
Afghanistan,AFG,AP,15,2017
"Korea, North",PRK,AP,17,2017
Yemen,YEM,MENA,16,2017
Venezuela,VEN,AME,18,2017
Syria,SYR,MENA,14,2017
Somalia,SOM,SSA,9,2017
South Sudan,SSD,SSA,12,2017
Brunei Darussalam,BRN,AP,62,2017
Denmark,DNK,WE/EU,88,2018
New Zealand,NZL,AP,87,2018
Finland,FIN,WE/EU,85,2018
Singapore,SGP,AP,85,2018
Sweden,SWE,WE/EU,85,2018
Norway,NOR,WE/EU,84,2018
Switzerland,CHE,WE/EU,85,2018
Netherlands,NLD,WE/EU,82,2018
Luxembourg,LUX,WE/EU,81,2018
Germany,DEU,WE/EU,80,2018
United Kingdom,GBR,WE/EU,80,2018
Hong Kong,HKG,AP,76,2018
Canada,CAN,AME,81,2018
Austria,AUT,WE/EU,76,2018
Estonia,EST,WE/EU,73,2018
Iceland,ISL,WE/EU,76,2018
Ireland,IRL,WE/EU,73,2018
Australia,AUS,AP,77,2018
Belgium,BEL,WE/EU,75,2018
Japan,JPN,AP,73,2018
Uruguay,URY,AME,70,2018
France,FRA,WE/EU,72,2018
Seychelles,SYC,SSA,66,2018
United Arab Emirates,ARE,MENA,70,2018
Bhutan,BTN,AP,68,2018
Taiwan,TWN,AP,63,2018
Chile,CHL,AME,67,2018
United States of America,USA,AME,71,2018
Barbados,BRB,AME,68,2018
Bahamas,BHS,AME,65,2018
Qatar,QAT,MENA,62,2018
"Korea, South",KOR,AP,57,2018
Portugal,PRT,WE/EU,64,2018
Spain,ESP,WE/EU,58,2018
Lithuania,LTU,WE/EU,59,2018
Israel,ISR,MENA,61,2018
Saint Vincent and the Grenadines,VCT,AME,58,2018
Latvia,LVA,WE/EU,58,2018
Cabo Verde,CPV,SSA,57,2018
Costa Rica,CRI,AME,56,2018
Slovenia,SVN,WE/EU,60,2018
Poland,POL,WE/EU,60,2018
Saint Lucia,LCA,AME,55,2018
Italy,ITA,WE/EU,52,2018
Fiji,FJI,AP,,2018
Botswana,BWA,SSA,61,2018
Georgia,GEO,ECA,58,2018
Dominica,DMA,AME,57,2018
Czechia,CZE,WE/EU,59,2018
Malta,MLT,WE/EU,54,2018
Mauritius,MUS,SSA,51,2018
Cyprus,CYP,WE/EU,59,2018
Rwanda,RWA,SSA,56,2018
Grenada,GRD,AME,52,2018
Saudi Arabia,SAU,MENA,49,2018
Oman,OMN,MENA,52,2018
Slovakia,SVK,WE/EU,50,2018
Namibia,NAM,SSA,53,2018
Greece,GRC,WE/EU,45,2018
Armenia,ARM,ECA,35,2018
Jordan,JOR,MENA,49,2018
Malaysia,MYS,AP,47,2018
Croatia,HRV,WE/EU,48,2018
Cuba,CUB,AME,47,2018
Montenegro,MNE,ECA,45,2018
Sao Tome and Principe,STP,SSA,46,2018
Romania,ROU,WE/EU,47,2018
Vanuatu,VUT,AP,46,2018
China,CHN,AP,39,2018
Jamaica,JAM,AME,44,2018
South Africa,ZAF,SSA,43,2018
Tunisia,TUN,MENA,43,2018
Senegal,SEN,SSA,45,2018
Hungary,HUN,WE/EU,46,2018
Ghana,GHA,SSA,41,2018
Kuwait,KWT,MENA,41,2018
Solomon Islands,SLB,AP,44,2018
Bulgaria,BGR,WE/EU,42,2018
Bahrain,BHR,MENA,36,2018
Benin,BEN,SSA,40,2018
Burkina Faso,BFA,SSA,41,2018
Belarus,BLR,ECA,44,2018
Timor-Leste,TLS,AP,35,2018
Trinidad and Tobago,TTO,AME,41,2018
Maldives,MDV,AP,31,2018
India,IND,AP,41,2018
Guyana,GUY,AME,37,2018
Morocco,MAR,MENA,43,2018
Colombia,COL,AME,36,2018
Ethiopia,ETH,SSA,34,2018
Suriname,SUR,AME,43,2018
Tanzania,TZA,SSA,36,2018
Kosovo,KSV,ECA,37,2018
Vietnam,VNM,AP,33,2018
North Macedonia,MKD,ECA,37,2018
Argentina,ARG,AME,40,2018
Lesotho,LSO,SSA,41,2018
Turkey,TUR,ECA,41,2018
Brazil,BRA,AME,35,2018
Serbia,SRB,ECA,39,2018
Indonesia,IDN,AP,38,2018
Kazakhstan,KAZ,ECA,31,2018
Sri Lanka,LKA,AP,38,2018
Gambia,GMB,SSA,37,2018
Ecuador,ECU,AME,34,2018
Peru,PER,AME,35,2018
Cote d'Ivoire,CIV,SSA,35,2018
Panama,PAN,AME,37,2018
Moldova,MDA,ECA,33,2018
Albania,ALB,ECA,36,2018
Thailand,THA,AP,36,2018
Bosnia and Herzegovina,BIH,ECA,38,2018
Mongolia,MNG,AP,37,2018
Malawi,MWI,SSA,32,2018
El Salvador,SLV,AME,35,2018
Sierra Leone,SLE,SSA,30,2018
Algeria,DZA,MENA,35,2018
Philippines,PHL,AP,36,2018
Egypt,EGY,MENA,35,2018
Nepal,NPL,AP,31,2018
Zambia,ZMB,SSA,35,2018
Eswatini,SWZ,SSA,38,2018
Ukraine,UKR,ECA,32,2018
Niger,NER,SSA,34,2018
Mexico,MEX,AME,28,2018
Gabon,GAB,SSA,31,2018
Papua New Guinea,PNG,AP,28,2018
Bolivia,BOL,AME,29,2018
Kenya,KEN,SSA,27,2018
Azerbaijan,AZE,ECA,25,2018
Laos,LAO,AP,29,2018
Togo,TGO,SSA,30,2018
Dominican Republic,DOM,AME,30,2018
Paraguay,PRY,AME,29,2018
Djibouti,DJI,SSA,31,2018
Mali,MLI,SSA,32,2018
Russia,RUS,ECA,28,2018
Liberia,LBR,SSA,32,2018
Angola,AGO,SSA,19,2018
Pakistan,PAK,AP,33,2018
Mauritania,MRT,SSA,27,2018
Myanmar,MMR,AP,29,2018
Uzbekistan,UZB,ECA,23,2018
Kyrgyzstan,KGZ,ECA,29,2018
Uganda,UGA,SSA,26,2018
Cameroon,CMR,SSA,25,2018
Bangladesh,BGD,AP,26,2018
Madagascar,MDG,SSA,25,2018
Mozambique,MOZ,SSA,23,2018
Guinea,GIN,SSA,28,2018
Guatemala,GTM,AME,27,2018
Iran,IRN,MENA,28,2018
Tajikistan,TJK,ECA,25,2018
Central African Republic,CAF,SSA,26,2018
Lebanon,LBN,MENA,28,2018
Nigeria,NGA,SSA,27,2018
Honduras,HND,AME,29,2018
Zimbabwe,ZWE,SSA,22,2018
Cambodia,KHM,AP,20,2018
Iraq,IRQ,MENA,18,2018
Eritrea,ERI,SSA,24,2018
Congo,COG,SSA,19,2018
Guinea Bissau,GNB,SSA,16,2018
Nicaragua,NIC,AME,25,2018
Chad,TCD,SSA,19,2018
Comoros,COM,SSA,27,2018
Haiti,HTI,AME,20,2018
Sudan,SDN,SSA,16,2018
Burundi,BDI,SSA,17,2018
Turkmenistan,TKM,ECA,20,2018
Democratic Republic of the Congo,COD,SSA,20,2018
Libya,LBY,MENA,17,2018
Equatorial Guinea,GNQ,SSA,16,2018
Afghanistan,AFG,AP,16,2018
"Korea, North",PRK,AP,14,2018
Yemen,YEM,MENA,14,2018
Venezuela,VEN,AME,18,2018
Syria,SYR,MENA,13,2018
Somalia,SOM,SSA,10,2018
South Sudan,SSD,SSA,13,2018
Brunei Darussalam,BRN,AP,63,2018
Denmark,DNK,WE/EU,87,2019
New Zealand,NZL,AP,87,2019
Finland,FIN,WE/EU,86,2019
Singapore,SGP,AP,85,2019
Sweden,SWE,WE/EU,85,2019
Norway,NOR,WE/EU,84,2019
Switzerland,CHE,WE/EU,85,2019
Netherlands,NLD,WE/EU,82,2019
Luxembourg,LUX,WE/EU,80,2019
Germany,DEU,WE/EU,80,2019
United Kingdom,GBR,WE/EU,77,2019
Hong Kong,HKG,AP,76,2019
Canada,CAN,AME,77,2019
Austria,AUT,WE/EU,77,2019
Estonia,EST,WE/EU,74,2019
Iceland,ISL,WE/EU,78,2019
Ireland,IRL,WE/EU,74,2019
Australia,AUS,AP,77,2019
Belgium,BEL,WE/EU,75,2019
Japan,JPN,AP,73,2019
Uruguay,URY,AME,71,2019
France,FRA,WE/EU,69,2019
Seychelles,SYC,SSA,66,2019
United Arab Emirates,ARE,MENA,71,2019
Bhutan,BTN,AP,68,2019
Taiwan,TWN,AP,65,2019
Chile,CHL,AME,67,2019
United States of America,USA,AME,69,2019
Barbados,BRB,AME,62,2019
Bahamas,BHS,AME,64,2019
Qatar,QAT,MENA,62,2019
"Korea, South",KOR,AP,59,2019
Portugal,PRT,WE/EU,62,2019
Spain,ESP,WE/EU,62,2019
Lithuania,LTU,WE/EU,60,2019
Israel,ISR,MENA,60,2019
Saint Vincent and the Grenadines,VCT,AME,59,2019
Latvia,LVA,WE/EU,56,2019
Cabo Verde,CPV,SSA,58,2019
Costa Rica,CRI,AME,56,2019
Slovenia,SVN,WE/EU,60,2019
Poland,POL,WE/EU,58,2019
Saint Lucia,LCA,AME,55,2019
Italy,ITA,WE/EU,53,2019
Fiji,FJI,AP,,2019
Botswana,BWA,SSA,61,2019
Georgia,GEO,ECA,56,2019
Dominica,DMA,AME,55,2019
Czechia,CZE,WE/EU,56,2019
Malta,MLT,WE/EU,54,2019
Mauritius,MUS,SSA,52,2019
Cyprus,CYP,WE/EU,58,2019
Rwanda,RWA,SSA,53,2019
Grenada,GRD,AME,53,2019
Saudi Arabia,SAU,MENA,53,2019
Oman,OMN,MENA,52,2019
Slovakia,SVK,WE/EU,50,2019
Namibia,NAM,SSA,52,2019
Greece,GRC,WE/EU,48,2019
Armenia,ARM,ECA,42,2019
Jordan,JOR,MENA,48,2019
Malaysia,MYS,AP,53,2019
Croatia,HRV,WE/EU,47,2019
Cuba,CUB,AME,48,2019
Montenegro,MNE,ECA,45,2019
Sao Tome and Principe,STP,SSA,46,2019
Romania,ROU,WE/EU,44,2019
Vanuatu,VUT,AP,46,2019
China,CHN,AP,41,2019
Jamaica,JAM,AME,43,2019
South Africa,ZAF,SSA,44,2019
Tunisia,TUN,MENA,43,2019
Senegal,SEN,SSA,45,2019
Hungary,HUN,WE/EU,44,2019
Ghana,GHA,SSA,41,2019
Kuwait,KWT,MENA,40,2019
Solomon Islands,SLB,AP,42,2019
Bulgaria,BGR,WE/EU,43,2019
Bahrain,BHR,MENA,42,2019
Benin,BEN,SSA,41,2019
Burkina Faso,BFA,SSA,40,2019
Belarus,BLR,ECA,45,2019
Timor-Leste,TLS,AP,38,2019
Trinidad and Tobago,TTO,AME,40,2019
Maldives,MDV,AP,29,2019
India,IND,AP,41,2019
Guyana,GUY,AME,40,2019
Morocco,MAR,MENA,41,2019
Colombia,COL,AME,37,2019
Ethiopia,ETH,SSA,37,2019
Suriname,SUR,AME,44,2019
Tanzania,TZA,SSA,37,2019
Kosovo,KSV,ECA,36,2019
Vietnam,VNM,AP,37,2019
North Macedonia,MKD,ECA,35,2019
Argentina,ARG,AME,45,2019
Lesotho,LSO,SSA,40,2019
Turkey,TUR,ECA,39,2019
Brazil,BRA,AME,35,2019
Serbia,SRB,ECA,39,2019
Indonesia,IDN,AP,40,2019
Kazakhstan,KAZ,ECA,34,2019
Sri Lanka,LKA,AP,38,2019
Gambia,GMB,SSA,37,2019
Ecuador,ECU,AME,38,2019
Peru,PER,AME,36,2019
Cote d'Ivoire,CIV,SSA,35,2019
Panama,PAN,AME,36,2019
Moldova,MDA,ECA,32,2019
Albania,ALB,ECA,35,2019
Thailand,THA,AP,36,2019
Bosnia and Herzegovina,BIH,ECA,36,2019
Mongolia,MNG,AP,35,2019
Malawi,MWI,SSA,31,2019
El Salvador,SLV,AME,34,2019
Sierra Leone,SLE,SSA,33,2019
Algeria,DZA,MENA,35,2019
Philippines,PHL,AP,34,2019
Egypt,EGY,MENA,35,2019
Nepal,NPL,AP,34,2019
Zambia,ZMB,SSA,34,2019
Eswatini,SWZ,SSA,34,2019
Ukraine,UKR,ECA,30,2019
Niger,NER,SSA,32,2019
Mexico,MEX,AME,29,2019
Gabon,GAB,SSA,31,2019
Papua New Guinea,PNG,AP,28,2019
Bolivia,BOL,AME,31,2019
Kenya,KEN,SSA,28,2019
Azerbaijan,AZE,ECA,30,2019
Laos,LAO,AP,29,2019
Togo,TGO,SSA,29,2019
Dominican Republic,DOM,AME,28,2019
Paraguay,PRY,AME,28,2019
Djibouti,DJI,SSA,30,2019
Mali,MLI,SSA,29,2019
Russia,RUS,ECA,28,2019
Liberia,LBR,SSA,28,2019
Angola,AGO,SSA,26,2019
Pakistan,PAK,AP,32,2019
Mauritania,MRT,SSA,28,2019
Myanmar,MMR,AP,29,2019
Uzbekistan,UZB,ECA,25,2019
Kyrgyzstan,KGZ,ECA,30,2019
Uganda,UGA,SSA,28,2019
Cameroon,CMR,SSA,25,2019
Bangladesh,BGD,AP,26,2019
Madagascar,MDG,SSA,24,2019
Mozambique,MOZ,SSA,26,2019
Guinea,GIN,SSA,29,2019
Guatemala,GTM,AME,26,2019
Iran,IRN,MENA,26,2019
Tajikistan,TJK,ECA,25,2019
Central African Republic,CAF,SSA,25,2019
Lebanon,LBN,MENA,28,2019
Nigeria,NGA,SSA,26,2019
Honduras,HND,AME,26,2019
Zimbabwe,ZWE,SSA,24,2019
Cambodia,KHM,AP,20,2019
Iraq,IRQ,MENA,20,2019
Eritrea,ERI,SSA,23,2019
Congo,COG,SSA,19,2019
Guinea Bissau,GNB,SSA,18,2019
Nicaragua,NIC,AME,22,2019
Chad,TCD,SSA,20,2019
Comoros,COM,SSA,25,2019
Haiti,HTI,AME,18,2019
Sudan,SDN,SSA,16,2019
Burundi,BDI,SSA,19,2019
Turkmenistan,TKM,ECA,19,2019
Democratic Republic of the Congo,COD,SSA,18,2019
Libya,LBY,MENA,18,2019
Equatorial Guinea,GNQ,SSA,16,2019
Afghanistan,AFG,AP,16,2019
"Korea, North",PRK,AP,17,2019
Yemen,YEM,MENA,15,2019
Venezuela,VEN,AME,16,2019
Syria,SYR,MENA,13,2019
Somalia,SOM,SSA,9,2019
South Sudan,SSD,SSA,12,2019
Brunei Darussalam,BRN,AP,60,2019
,,,,
Denmark,DNK,WE/EU,88,2020
New Zealand,NZL,AP,88,2020
Finland,FIN,WE/EU,85,2020
Singapore,SGP,AP,85,2020
Sweden,SWE,WE/EU,85,2020
Norway,NOR,WE/EU,84,2020
Switzerland,CHE,WE/EU,85,2020
Netherlands,NLD,WE/EU,82,2020
Luxembourg,LUX,WE/EU,80,2020
Germany,DEU,WE/EU,80,2020
United Kingdom,GBR,WE/EU,77,2020
Hong Kong,HKG,AP,77,2020
Canada,CAN,AME,77,2020
Austria,AUT,WE/EU,76,2020
Estonia,EST,WE/EU,75,2020
Iceland,ISL,WE/EU,75,2020
Ireland,IRL,WE/EU,72,2020
Australia,AUS,AP,77,2020
Belgium,BEL,WE/EU,76,2020
Japan,JPN,AP,74,2020
Uruguay,URY,AME,71,2020
France,FRA,WE/EU,69,2020
Seychelles,SYC,SSA,66,2020
United Arab Emirates,ARE,MENA,71,2020
Bhutan,BTN,AP,68,2020
Taiwan,TWN,AP,65,2020
Chile,CHL,AME,67,2020
United States of America,USA,AME,67,2020
Barbados,BRB,AME,64,2020
Bahamas,BHS,AME,63,2020
Qatar,QAT,MENA,63,2020
"Korea, South",KOR,AP,61,2020
Portugal,PRT,WE/EU,61,2020
Spain,ESP,WE/EU,62,2020
Lithuania,LTU,WE/EU,60,2020
Israel,ISR,MENA,60,2020
Saint Vincent and the Grenadines,VCT,AME,59,2020
Latvia,LVA,WE/EU,57,2020
Cabo Verde,CPV,SSA,58,2020
Costa Rica,CRI,AME,57,2020
Slovenia,SVN,WE/EU,60,2020
Poland,POL,WE/EU,56,2020
Saint Lucia,LCA,AME,56,2020
Italy,ITA,WE/EU,53,2020
Fiji,FJI,AP,,2020
Botswana,BWA,SSA,60,2020
Georgia,GEO,ECA,56,2020
Dominica,DMA,AME,55,2020
Czechia,CZE,WE/EU,54,2020
Malta,MLT,WE/EU,53,2020
Mauritius,MUS,SSA,53,2020
Cyprus,CYP,WE/EU,57,2020
Rwanda,RWA,SSA,54,2020
Grenada,GRD,AME,53,2020
Saudi Arabia,SAU,MENA,53,2020
Oman,OMN,MENA,54,2020
Slovakia,SVK,WE/EU,49,2020
Namibia,NAM,SSA,51,2020
Greece,GRC,WE/EU,50,2020
Armenia,ARM,ECA,49,2020
Jordan,JOR,MENA,49,2020
Malaysia,MYS,AP,51,2020
Croatia,HRV,WE/EU,47,2020
Cuba,CUB,AME,47,2020
Montenegro,MNE,ECA,45,2020
Sao Tome and Principe,STP,SSA,47,2020
Romania,ROU,WE/EU,44,2020
Vanuatu,VUT,AP,43,2020
China,CHN,AP,42,2020
Jamaica,JAM,AME,44,2020
South Africa,ZAF,SSA,44,2020
Tunisia,TUN,MENA,44,2020
Senegal,SEN,SSA,45,2020
Hungary,HUN,WE/EU,44,2020
Ghana,GHA,SSA,43,2020
Kuwait,KWT,MENA,42,2020
Solomon Islands,SLB,AP,42,2020
Bulgaria,BGR,WE/EU,44,2020
Bahrain,BHR,MENA,42,2020
Benin,BEN,SSA,41,2020
Burkina Faso,BFA,SSA,40,2020
Belarus,BLR,ECA,47,2020
Timor-Leste,TLS,AP,40,2020
Trinidad and Tobago,TTO,AME,40,2020
Maldives,MDV,AP,43,2020
India,IND,AP,40,2020
Guyana,GUY,AME,41,2020
Morocco,MAR,MENA,40,2020
Colombia,COL,AME,39,2020
Ethiopia,ETH,SSA,38,2020
Suriname,SUR,AME,38,2020
Tanzania,TZA,SSA,38,2020
Kosovo,KSV,ECA,36,2020
Vietnam,VNM,AP,36,2020
North Macedonia,MKD,ECA,35,2020
Argentina,ARG,AME,42,2020
Lesotho,LSO,SSA,41,2020
Turkey,TUR,ECA,40,2020
Brazil,BRA,AME,38,2020
Serbia,SRB,ECA,38,2020
Indonesia,IDN,AP,37,2020
Kazakhstan,KAZ,ECA,38,2020
Sri Lanka,LKA,AP,38,2020
Gambia,GMB,SSA,37,2020
Ecuador,ECU,AME,39,2020
Peru,PER,AME,38,2020
Cote d'Ivoire,CIV,SSA,36,2020
Panama,PAN,AME,35,2020
Moldova,MDA,ECA,34,2020
Albania,ALB,ECA,36,2020
Thailand,THA,AP,36,2020
Bosnia and Herzegovina,BIH,ECA,35,2020
Mongolia,MNG,AP,35,2020
Malawi,MWI,SSA,30,2020
El Salvador,SLV,AME,36,2020
Sierra Leone,SLE,SSA,33,2020
Algeria,DZA,MENA,36,2020
Philippines,PHL,AP,34,2020
Egypt,EGY,MENA,33,2020
Nepal,NPL,AP,33,2020
Zambia,ZMB,SSA,33,2020
Eswatini,SWZ,SSA,33,2020
Ukraine,UKR,ECA,33,2020
Niger,NER,SSA,32,2020
Mexico,MEX,AME,31,2020
Gabon,GAB,SSA,30,2020
Papua New Guinea,PNG,AP,27,2020
Bolivia,BOL,AME,31,2020
Kenya,KEN,SSA,31,2020
Azerbaijan,AZE,ECA,30,2020
Laos,LAO,AP,29,2020
Togo,TGO,SSA,29,2020
Dominican Republic,DOM,AME,28,2020
Paraguay,PRY,AME,28,2020
Djibouti,DJI,SSA,27,2020
Mali,MLI,SSA,30,2020
Russia,RUS,ECA,30,2020
Liberia,LBR,SSA,28,2020
Angola,AGO,SSA,27,2020
Pakistan,PAK,AP,31,2020
Mauritania,MRT,SSA,29,2020
Myanmar,MMR,AP,28,2020
Uzbekistan,UZB,ECA,26,2020
Kyrgyzstan,KGZ,ECA,31,2020
Uganda,UGA,SSA,27,2020
Cameroon,CMR,SSA,25,2020
Bangladesh,BGD,AP,26,2020
Madagascar,MDG,SSA,25,2020
Mozambique,MOZ,SSA,25,2020
Guinea,GIN,SSA,28,2020
Guatemala,GTM,AME,25,2020
Iran,IRN,MENA,25,2020
Tajikistan,TJK,ECA,25,2020
Central African Republic,CAF,SSA,26,2020
Lebanon,LBN,MENA,25,2020
Nigeria,NGA,SSA,25,2020
Honduras,HND,AME,24,2020
Zimbabwe,ZWE,SSA,24,2020
Cambodia,KHM,AP,21,2020
Iraq,IRQ,MENA,21,2020
Eritrea,ERI,SSA,21,2020
Congo,COG,SSA,19,2020
Guinea Bissau,GNB,SSA,19,2020
Nicaragua,NIC,AME,22,2020
Chad,TCD,SSA,21,2020
Comoros,COM,SSA,21,2020
Haiti,HTI,AME,18,2020
Sudan,SDN,SSA,16,2020
Burundi,BDI,SSA,19,2020
Turkmenistan,TKM,ECA,19,2020
Democratic Republic of the Congo,COD,SSA,18,2020
Libya,LBY,MENA,17,2020
Equatorial Guinea,GNQ,SSA,16,2020
Afghanistan,AFG,AP,19,2020
"Korea, North",PRK,AP,18,2020
Yemen,YEM,MENA,15,2020
Venezuela,VEN,AME,15,2020
Syria,SYR,MENA,14,2020
Somalia,SOM,SSA,12,2020
South Sudan,SSD,SSA,12,2020
Brunei Darussalam,BRN,AP,60,2020
Denmark,DNK,WE/EU,88,2021
Finland,FIN,WE/EU,88,2021
New Zealand,NZL,AP,88,2021
Norway,NOR,WE/EU,85,2021
Singapore,SGP,AP,85,2021
Sweden,SWE,WE/EU,85,2021
Switzerland,CHE,WE/EU,84,2021
Netherlands,NLD,WE/EU,82,2021
Luxembourg,LUX,WE/EU,81,2021
Germany,DEU,WE/EU,80,2021
United Kingdom,GBR,WE/EU,78,2021
Hong Kong,HKG,AP,76,2021
Canada,CAN,AME,74,2021
Iceland,ISL,WE/EU,74,2021
Ireland,IRL,WE/EU,74,2021
Estonia,EST,WE/EU,74,2021
Austria,AUT,WE/EU,74,2021
Australia,AUS,AP,73,2021
Belgium,BEL,WE/EU,73,2021
Japan,JPN,AP,73,2021
Uruguay,URY,AME,73,2021
France,FRA,WE/EU,71,2021
Seychelles,SYC,SSA,70,2021
United Arab Emirates,ARE,MENA,69,2021
Bhutan,BTN,AP,68,2021
Taiwan,TWN,AP,68,2021
Chile,CHL,AME,67,2021
United States of America,USA,AME,67,2021
Barbados,BRB,AME,65,2021
Bahamas,BHS,AME,64,2021
Qatar,QAT,MENA,63,2021
"Korea, South",KOR,AP,62,2021
Portugal,PRT,WE/EU,62,2021
Lithuania,LTU,WE/EU,61,2021
Spain,ESP,WE/EU,61,2021
Israel,ISR,MENA,59,2021
Latvia,LVA,WE/EU,59,2021
Saint Vincent and the Grenadines,VCT,AME,59,2021
Cabo Verde,CPV,SSA,58,2021
Costa Rica,CRI,AME,58,2021
Slovenia,SVN,WE/EU,57,2021
Italy,ITA,WE/EU,56,2021
Poland,POL,WE/EU,56,2021
Saint Lucia,LCA,AME,56,2021
Botswana,BWA,SSA,55,2021
Dominica,DMA,AME,55,2021
Fiji,FJI,AP,55,2021
Georgia,GEO,ECA,55,2021
Czechia,CZE,WE/EU,54,2021
Malta,MLT,WE/EU,54,2021
Mauritius,MUS,SSA,54,2021
Grenada,GRD,AME,53,2021
Cyprus,CYP,WE/EU,53,2021
Rwanda,RWA,SSA,53,2021
Saudi Arabia,SAU,MENA,53,2021
Oman,OMN,MENA,52,2021
Slovakia,SVK,WE/EU,52,2021
Armenia,ARM,ECA,49,2021
Greece,GRC,WE/EU,49,2021
Jordan,JOR,MENA,49,2021
Namibia,NAM,SSA,49,2021
Malaysia,MYS,AP,48,2021
Croatia,HRV,WE/EU,47,2021
Cuba,CUB,AME,46,2021
Montenegro,MNE,ECA,46,2021
China,CHN,AP,45,2021
Romania,ROU,WE/EU,45,2021
Sao Tome and Principe,STP,SSA,45,2021
Vanuatu,VUT,AP,45,2021
Jamaica,JAM,AME,44,2021
South Africa,ZAF,SSA,44,2021
Tunisia,TUN,MENA,44,2021
Ghana,GHA,SSA,43,2021
Hungary,HUN,WE/EU,43,2021
Kuwait,KWT,MENA,43,2021
Senegal,SEN,SSA,43,2021
Solomon Islands,SLB,AP,43,2021
Bahrain,BHR,MENA,42,2021
Benin,BEN,SSA,42,2021
Burkina Faso,BFA,SSA,42,2021
Bulgaria,BGR,WE/EU,42,2021
Timor-Leste,TLS,AP,41,2021
Belarus,BLR,ECA,41,2021
Trinidad and Tobago,TTO,AME,41,2021
India,IND,AP,40,2021
Maldives,MDV,AP,40,2021
Kosovo,KSV,ECA,39,2021
Colombia,COL,AME,39,2021
Ethiopia,ETH,SSA,39,2021
Guyana,GUY,AME,39,2021
Morocco,MAR,MENA,39,2021
North Macedonia,MKD,ECA,39,2021
Suriname,SUR,AME,39,2021
Tanzania,TZA,SSA,39,2021
Vietnam,VNM,AP,39,2021
Argentina,ARG,AME,38,2021
Brazil,BRA,AME,38,2021
Indonesia,IDN,AP,38,2021
Lesotho,LSO,SSA,38,2021
Serbia,SRB,ECA,38,2021
Turkey,TUR,ECA,38,2021
Gambia,GMB,SSA,37,2021
Kazakhstan,KAZ,ECA,37,2021
Sri Lanka,LKA,AP,37,2021
Cote d'Ivoire,CIV,SSA,36,2021
Ecuador,ECU,AME,36,2021
Moldova,MDA,ECA,36,2021
Panama,PAN,AME,36,2021
Peru,PER,AME,36,2021
Albania,ALB,ECA,35,2021
Bosnia and Herzegovina,BIH,ECA,35,2021
Malawi,MWI,SSA,35,2021
Mongolia,MNG,AP,35,2021
Thailand,THA,AP,35,2021
El Salvador,SLV,AME,34,2021
Sierra Leone,SLE,SSA,34,2021
Egypt,EGY,MENA,33,2021
Nepal,NPL,AP,33,2021
Philippines,PHL,AP,33,2021
Zambia,ZMB,SSA,33,2021
Algeria,DZA,MENA,33,2021
Eswatini,SWZ,SSA,32,2021
Ukraine,UKR,ECA,32,2021
Gabon,GAB,SSA,31,2021
Mexico,MEX,AME,31,2021
Niger,NER,SSA,31,2021
Papua New Guinea,PNG,AP,31,2021
Azerbaijan,AZE,ECA,30,2021
Bolivia,BOL,AME,30,2021
Djibouti,DJI,SSA,30,2021
Dominican Republic,DOM,AME,30,2021
Laos,LAO,AP,30,2021
Paraguay,PRY,AME,30,2021
Togo,TGO,SSA,30,2021
Kenya,KEN,SSA,30,2021
Angola,AGO,SSA,29,2021
Liberia,LBR,SSA,29,2021
Mali,MLI,SSA,29,2021
Russia,RUS,ECA,29,2021
Mauritania,MRT,SSA,28,2021
Myanmar,MMR,AP,28,2021
Pakistan,PAK,AP,28,2021
Uzbekistan,UZB,ECA,28,2021
Cameroon,CMR,SSA,27,2021
Kyrgyzstan,KGZ,ECA,27,2021
Uganda,UGA,SSA,27,2021
Bangladesh,BGD,AP,26,2021
Madagascar,MDG,SSA,26,2021
Mozambique,MOZ,SSA,26,2021
Guatemala,GTM,AME,25,2021
Guinea,GIN,SSA,25,2021
Iran,IRN,MENA,25,2021
Tajikistan,TJK,ECA,25,2021
Lebanon,LBN,MENA,24,2021
Nigeria,NGA,SSA,24,2021
Central African Republic,CAF,SSA,24,2021
Cambodia,KHM,AP,23,2021
Honduras,HND,AME,23,2021
Iraq,IRQ,MENA,23,2021
Zimbabwe,ZWE,SSA,23,2021
Eritrea,ERI,SSA,22,2021
Congo,COG,SSA,21,2021
Guinea Bissau,GNB,SSA,21,2021
Chad,TCD,SSA,20,2021
Comoros,COM,SSA,20,2021
Haiti,HTI,AME,20,2021
Nicaragua,NIC,AME,20,2021
Sudan,SDN,SSA,20,2021
Burundi,BDI,SSA,19,2021
Democratic Republic of the Congo,COD,SSA,19,2021
Turkmenistan,TKM,ECA,19,2021
Equatorial Guinea,GNQ,SSA,17,2021
Libya,LBY,MENA,17,2021
Afghanistan,AFG,AP,16,2021
"Korea, North",PRK,AP,16,2021
Yemen,YEM,MENA,16,2021
Venezuela,VEN,AME,14,2021
Somalia,SOM,SSA,13,2021
Syria,SYR,MENA,13,2021
South Sudan,SSD,SSA,11,2021