DATAFLOW,LAST UPDATE,freq,unit,hazard,wst_oper,waste,geo,TIME_PERIOD,OBS_VALUE,OBS_FLAG,unit_2,OBS_VALUE_2
ESTAT:ENV_WASTRT(1.0),15.09.22 11:00,Annual,Kilograms per capita,Hazardous and non-hazardous - Total,Recovery - recycling and backfilling (R2-R11),Total waste,Albania,2014,92,,Tonne,265439
ESTAT:ENV_WASTRT(1.0),15.09.22 11:00,Annual,Kilograms per capita,Hazardous and non-hazardous - Total,Recovery - recycling and backfilling (R2-R11),Total waste,Austria,2004,4453,,Tonne,36390005
ESTAT:ENV_WASTRT(1.0),15.09.22 11:00,Annual,Kilograms per capita,Hazardous and non-hazardous - Total,Recovery - recycling and backfilling (R2-R11),Total waste,Austria,2006,3613,,Tonne,29878589
ESTAT:ENV_WASTRT(1.0),15.09.22 11:00,Annual,Kilograms per capita,Hazardous and non-hazardous - Total,Recovery - recycling and backfilling (R2-R11),Total waste,Austria,2008,3863,,Tonne,32149552
ESTAT:ENV_WASTRT(1.0),15.09.22 11:00,Annual,Kilograms per capita,Hazardous and non-hazardous - Total,Recovery - recycling and backfilling (R2-R11),Total waste,Austria,2010,1791,,Tonne,14981602
ESTAT:ENV_WASTRT(1.0),15.09.22 11:00,Annual,Kilograms per capita,Hazardous and non-hazardous - Total,Recovery - recycling and backfilling (R2-R11),Total waste,Austria,2012,3172,,Tonne,26741675
ESTAT:ENV_WASTRT(1.0),15.09.22 11:00,Annual,Kilograms per capita,Hazardous and non-hazardous - Total,Recovery - recycling and backfilling (R2-R11),Total waste,Austria,2014,3456,,Tonne,29538788
ESTAT:ENV_WASTRT(1.0),15.09.22 11:00,Annual,Kilograms per capita,Hazardous and non-hazardous - Total,Recovery - recycling and backfilling (R2-R11),Total waste,Austria,2016,3299,,Tonne,28826226
ESTAT:ENV_WASTRT(1.0),15.09.22 11:00,Annual,Kilograms per capita,Hazardous and non-hazardous - Total,Recovery - recycling and backfilling (R2-R11),Total waste,Austria,2018,3480,,Tonne,30767994
ESTAT:ENV_WASTRT(1.0),15.09.22 11:00,Annual,Kilograms per capita,Hazardous and non-hazardous - Total,Recovery - recycling and backfilling (R2-R11),Total waste,Austria,2020,3729,,Tonne,33251931
ESTAT:ENV_WASTRT(1.0),15.09.22 11:00,Annual,Kilograms per capita,Hazardous and non-hazardous - Total,Recovery - recycling and backfilling (R2-R11),Total waste,Belgium,2004,,c,Tonne,
ESTAT:ENV_WASTRT(1.0),15.09.22 11:00,Annual,Kilograms per capita,Hazardous and non-hazardous - Total,Recovery - recycling and backfilling (R2-R11),Total waste,Belgium,2006,2194,,Tonne,23140966
ESTAT:ENV_WASTRT(1.0),15.09.22 11:00,Annual,Kilograms per capita,Hazardous and non-hazardous - Total,Recovery - recycling and backfilling (R2-R11),Total waste,Belgium,2008,1620,,Tonne,17345118
ESTAT:ENV_WASTRT(1.0),15.09.22 11:00,Annual,Kilograms per capita,Hazardous and non-hazardous - Total,Recovery - recycling and backfilling (R2-R11),Total waste,Belgium,2010,2213,,Tonne,24106924
ESTAT:ENV_WASTRT(1.0),15.09.22 11:00,Annual,Kilograms per capita,Hazardous and non-hazardous - Total,Recovery - recycling and backfilling (R2-R11),Total waste,Belgium,2012,2869,,Tonne,31870399
ESTAT:ENV_WASTRT(1.0),15.09.22 11:00,Annual,Kilograms per capita,Hazardous and non-hazardous - Total,Recovery - recycling and backfilling (R2-R11),Total waste,Belgium,2014,2947,,Tonne,33037345
ESTAT:ENV_WASTRT(1.0),15.09.22 11:00,Annual,Kilograms per capita,Hazardous and non-hazardous - Total,Recovery - recycling and backfilling (R2-R11),Total waste,Belgium,2016,2952,,Tonne,33449897
ESTAT:ENV_WASTRT(1.0),15.09.22 11:00,Annual,Kilograms per capita,Hazardous and non-hazardous - Total,Recovery - recycling and backfilling (R2-R11),Total waste,Belgium,2018,3313,,Tonne,37859864
ESTAT:ENV_WASTRT(1.0),15.09.22 11:00,Annual,Kilograms per capita,Hazardous and non-hazardous - Total,Recovery - recycling and backfilling (R2-R11),Total waste,Belgium,2020,4036,,Tonne,46572552
ESTAT:ENV_WASTRT(1.0),15.09.22 11:00,Annual,Kilograms per capita,Hazardous and non-hazardous - Total,Recovery - recycling and backfilling (R2-R11),Total waste,Bulgaria,2004,275,,Tonne,2122183
ESTAT:ENV_WASTRT(1.0),15.09.22 11:00,Annual,Kilograms per capita,Hazardous and non-hazardous - Total,Recovery - recycling and backfilling (R2-R11),Total waste,Bulgaria,2006,261,,Tonne,1987322
ESTAT:ENV_WASTRT(1.0),15.09.22 11:00,Annual,Kilograms per capita,Hazardous and non-hazardous - Total,Recovery - recycling and backfilling (R2-R11),Total waste,Bulgaria,2008,360,,Tonne,2700060
ESTAT:ENV_WASTRT(1.0),15.09.22 11:00,Annual,Kilograms per capita,Hazardous and non-hazardous - Total,Recovery - recycling and backfilling (R2-R11),Total waste,Bulgaria,2010,260,,Tonne,1922353
ESTAT:ENV_WASTRT(1.0),15.09.22 11:00,Annual,Kilograms per capita,Hazardous and non-hazardous - Total,Recovery - recycling and backfilling (R2-R11),Total waste,Bulgaria,2012,245,,Tonne,1788520
ESTAT:ENV_WASTRT(1.0),15.09.22 11:00,Annual,Kilograms per capita,Hazardous and non-hazardous - Total,Recovery - recycling and backfilling (R2-R11),Total waste,Bulgaria,2014,493,,Tonne,3560458
ESTAT:ENV_WASTRT(1.0),15.09.22 11:00,Annual,Kilograms per capita,Hazardous and non-hazardous - Total,Recovery - recycling and backfilling (R2-R11),Total waste,Bulgaria,2016,850,,Tonne,6058119
ESTAT:ENV_WASTRT(1.0),15.09.22 11:00,Annual,Kilograms per capita,Hazardous and non-hazardous - Total,Recovery - recycling and backfilling (R2-R11),Total waste,Bulgaria,2018,486,,Tonne,3414913
ESTAT:ENV_WASTRT(1.0),15.09.22 11:00,Annual,Kilograms per capita,Hazardous and non-hazardous - Total,Recovery - recycling and backfilling (R2-R11),Total waste,Bulgaria,2020,1229,,Tonne,8524061
ESTAT:ENV_WASTRT(1.0),15.09.22 11:00,Annual,Kilograms per capita,Hazardous and non-hazardous - Total,Recovery - recycling and backfilling (R2-R11),Total waste,Cyprus,2004,412,,Tonne,299637
ESTAT:ENV_WASTRT(1.0),15.09.22 11:00,Annual,Kilograms per capita,Hazardous and non-hazardous - Total,Recovery - recycling and backfilling (R2-R11),Total waste,Cyprus,2006,242,,Tonne,182019
ESTAT:ENV_WASTRT(1.0),15.09.22 11:00,Annual,Kilograms per capita,Hazardous and non-hazardous - Total,Recovery - recycling and backfilling (R2-R11),Total waste,Cyprus,2008,947,,Tonne,744953
ESTAT:ENV_WASTRT(1.0),15.09.22 11:00,Annual,Kilograms per capita,Hazardous and non-hazardous - Total,Recovery - recycling and backfilling (R2-R11),Total waste,Cyprus,2010,1665,,Tonne,1380904
ESTAT:ENV_WASTRT(1.0),15.09.22 11:00,Annual,Kilograms per capita,Hazardous and non-hazardous - Total,Recovery - recycling and backfilling (R2-R11),Total waste,Cyprus,2012,450,,Tonne,388821
ESTAT:ENV_WASTRT(1.0),15.09.22 11:00,Annual,Kilograms per capita,Hazardous and non-hazardous - Total,Recovery - recycling and backfilling (R2-R11),Total waste,Cyprus,2014,686,,Tonne,584984
ESTAT:ENV_WASTRT(1.0),15.09.22 11:00,Annual,Kilograms per capita,Hazardous and non-hazardous - Total,Recovery - recycling and backfilling (R2-R11),Total waste,Cyprus,2016,861,,Tonne,733296
ESTAT:ENV_WASTRT(1.0),15.09.22 11:00,Annual,Kilograms per capita,Hazardous and non-hazardous - Total,Recovery - recycling and backfilling (R2-R11),Total waste,Cyprus,2018,784,,Tonne,682527
ESTAT:ENV_WASTRT(1.0),15.09.22 11:00,Annual,Kilograms per capita,Hazardous and non-hazardous - Total,Recovery - recycling and backfilling (R2-R11),Total waste,Cyprus,2020,571,,Tonne,508997
ESTAT:ENV_WASTRT(1.0),15.09.22 11:00,Annual,Kilograms per capita,Hazardous and non-hazardous - Total,Recovery - recycling and backfilling (R2-R11),Total waste,Czechia,2004,1543,,Tonne,15735403
ESTAT:ENV_WASTRT(1.0),15.09.22 11:00,Annual,Kilograms per capita,Hazardous and non-hazardous - Total,Recovery - recycling and backfilling (R2-R11),Total waste,Czechia,2006,1109,,Tonne,11353808
ESTAT:ENV_WASTRT(1.0),15.09.22 11:00,Annual,Kilograms per capita,Hazardous and non-hazardous - Total,Recovery - recycling and backfilling (R2-R11),Total waste,Czechia,2008,1294,,Tonne,13441911
ESTAT:ENV_WASTRT(1.0),15.09.22 11:00,Annual,Kilograms per capita,Hazardous and non-hazardous - Total,Recovery - recycling and backfilling (R2-R11),Total waste,Czechia,2010,1262,,Tonne,13219721
ESTAT:ENV_WASTRT(1.0),15.09.22 11:00,Annual,Kilograms per capita,Hazardous and non-hazardous - Total,Recovery - recycling and backfilling (R2-R11),Total waste,Czechia,2012,1290,,Tonne,13556985
ESTAT:ENV_WASTRT(1.0),15.09.22 11:00,Annual,Kilograms per capita,Hazardous and non-hazardous - Total,Recovery - recycling and backfilling (R2-R11),Total waste,Czechia,2014,1457,,Tonne,15337371
ESTAT:ENV_WASTRT(1.0),15.09.22 11:00,Annual,Kilograms per capita,Hazardous and non-hazardous - Total,Recovery - recycling and backfilling (R2-R11),Total waste,Czechia,2016,1703,,Tonne,17995558
ESTAT:ENV_WASTRT(1.0),15.09.22 11:00,Annual,Kilograms per capita,Hazardous and non-hazardous - Total,Recovery - recycling and backfilling (R2-R11),Total waste,Czechia,2018,2722,b,Tonne,28932776
ESTAT:ENV_WASTRT(1.0),15.09.22 11:00,Annual,Kilograms per capita,Hazardous and non-hazardous - Total,Recovery - recycling and backfilling (R2-R11),Total waste,Czechia,2020,2808,,Tonne,30036660
ESTAT:ENV_WASTRT(1.0),15.09.22 11:00,Annual,Kilograms per capita,Hazardous and non-hazardous - Total,Recovery - recycling and backfilling (R2-R11),Total waste,Germany,2004,2590,,Tonne,213717282
ESTAT:ENV_WASTRT(1.0),15.09.22 11:00,Annual,Kilograms per capita,Hazardous and non-hazardous - Total,Recovery - recycling and backfilling (R2-R11),Total waste,Germany,2006,3048,,Tonne,251113111
ESTAT:ENV_WASTRT(1.0),15.09.22 11:00,Annual,Kilograms per capita,Hazardous and non-hazardous - Total,Recovery - recycling and backfilling (R2-R11),Total waste,Germany,2008,3110,,Tonne,255336958
ESTAT:ENV_WASTRT(1.0),15.09.22 11:00,Annual,Kilograms per capita,Hazardous and non-hazardous - Total,Recovery - recycling and backfilling (R2-R11),Total waste,Germany,2010,2954,,Tonne,241563259
ESTAT:ENV_WASTRT(1.0),15.09.22 11:00,Annual,Kilograms per capita,Hazardous and non-hazardous - Total,Recovery - recycling and backfilling (R2-R11),Total waste,Germany,2012,3037,,Tonne,244276134
ESTAT:ENV_WASTRT(1.0),15.09.22 11:00,Annual,Kilograms per capita,Hazardous and non-hazardous - Total,Recovery - recycling and backfilling (R2-R11),Total waste,Germany,2014,3114,,Tonne,252158489
ESTAT:ENV_WASTRT(1.0),15.09.22 11:00,Annual,Kilograms per capita,Hazardous and non-hazardous - Total,Recovery - recycling and backfilling (R2-R11),Total waste,Germany,2016,3226,,Tonne,265646945
ESTAT:ENV_WASTRT(1.0),15.09.22 11:00,Annual,Kilograms per capita,Hazardous and non-hazardous - Total,Recovery - recycling and backfilling (R2-R11),Total waste,Germany,2018,3232,,Tonne,267931772
ESTAT:ENV_WASTRT(1.0),15.09.22 11:00,Annual,Kilograms per capita,Hazardous and non-hazardous - Total,Recovery - recycling and backfilling (R2-R11),Total waste,Germany,2020,3216,,Tonne,267430663
ESTAT:ENV_WASTRT(1.0),15.09.22 11:00,Annual,Kilograms per capita,Hazardous and non-hazardous - Total,Recovery - recycling and backfilling (R2-R11),Total waste,Denmark,2004,1621,,Tonne,8761855
ESTAT:ENV_WASTRT(1.0),15.09.22 11:00,Annual,Kilograms per capita,Hazardous and non-hazardous - Total,Recovery - recycling and backfilling (R2-R11),Total waste,Denmark,2006,1984,,Tonne,10787222
ESTAT:ENV_WASTRT(1.0),15.09.22 11:00,Annual,Kilograms per capita,Hazardous and non-hazardous - Total,Recovery - recycling and backfilling (R2-R11),Total waste,Denmark,2008,1872,,Tonne,10282534
ESTAT:ENV_WASTRT(1.0),15.09.22 11:00,Annual,Kilograms per capita,Hazardous and non-hazardous - Total,Recovery - recycling and backfilling (R2-R11),Total waste,Denmark,2010,1402,,Tonne,7778942
ESTAT:ENV_WASTRT(1.0),15.09.22 11:00,Annual,Kilograms per capita,Hazardous and non-hazardous - Total,Recovery - recycling and backfilling (R2-R11),Total waste,Denmark,2012,1378,,Tonne,7705564
ESTAT:ENV_WASTRT(1.0),15.09.22 11:00,Annual,Kilograms per capita,Hazardous and non-hazardous - Total,Recovery - recycling and backfilling (R2-R11),Total waste,Denmark,2014,1833,,Tonne,10347151
ESTAT:ENV_WASTRT(1.0),15.09.22 11:00,Annual,Kilograms per capita,Hazardous and non-hazardous - Total,Recovery - recycling and backfilling (R2-R11),Total waste,Denmark,2016,1709,,Tonne,9791108
ESTAT:ENV_WASTRT(1.0),15.09.22 11:00,Annual,Kilograms per capita,Hazardous and non-hazardous - Total,Recovery - recycling and backfilling (R2-R11),Total waste,Denmark,2018,2375,,Tonne,13757285
ESTAT:ENV_WASTRT(1.0),15.09.22 11:00,Annual,Kilograms per capita,Hazardous and non-hazardous - Total,Recovery - recycling and backfilling (R2-R11),Total waste,Denmark,2020,2149,,Tonne,12532418
ESTAT:ENV_WASTRT(1.0),15.09.22 11:00,Annual,Kilograms per capita,Hazardous and non-hazardous - Total,Recovery - recycling and backfilling (R2-R11),Total waste,Estonia,2004,2645,,Tonne,3603991
ESTAT:ENV_WASTRT(1.0),15.09.22 11:00,Annual,Kilograms per capita,Hazardous and non-hazardous - Total,Recovery - recycling and backfilling (R2-R11),Total waste,Estonia,2006,4609,,Tonne,6207711
ESTAT:ENV_WASTRT(1.0),15.09.22 11:00,Annual,Kilograms per capita,Hazardous and non-hazardous - Total,Recovery - recycling and backfilling (R2-R11),Total waste,Estonia,2008,4080,,Tonne,5455924
ESTAT:ENV_WASTRT(1.0),15.09.22 11:00,Annual,Kilograms per capita,Hazardous and non-hazardous - Total,Recovery - recycling and backfilling (R2-R11),Total waste,Estonia,2010,4473,,Tonne,5955650
ESTAT:ENV_WASTRT(1.0),15.09.22 11:00,Annual,Kilograms per capita,Hazardous and non-hazardous - Total,Recovery - recycling and backfilling (R2-R11),Total waste,Estonia,2012,9147,,Tonne,12098783
ESTAT:ENV_WASTRT(1.0),15.09.22 11:00,Annual,Kilograms per capita,Hazardous and non-hazardous - Total,Recovery - recycling and backfilling (R2-R11),Total waste,Estonia,2014,5031,,Tonne,6613240
ESTAT:ENV_WASTRT(1.0),15.09.22 11:00,Annual,Kilograms per capita,Hazardous and non-hazardous - Total,Recovery - recycling and backfilling (R2-R11),Total waste,Estonia,2016,4945,,Tonne,6506160
ESTAT:ENV_WASTRT(1.0),15.09.22 11:00,Annual,Kilograms per capita,Hazardous and non-hazardous - Total,Recovery - recycling and backfilling (R2-R11),Total waste,Estonia,2018,6155,,Tonne,8136148
ESTAT:ENV_WASTRT(1.0),15.09.22 11:00,Annual,Kilograms per capita,Hazardous and non-hazardous - Total,Recovery - recycling and backfilling (R2-R11),Total waste,Estonia,2020,6633,,Tonne,8818850
ESTAT:ENV_WASTRT(1.0),15.09.22 11:00,Annual,Kilograms per capita,Hazardous and non-hazardous - Total,Recovery - recycling and backfilling (R2-R11),Total waste,Greece,2004,310,,Tonne,3393770
ESTAT:ENV_WASTRT(1.0),15.09.22 11:00,Annual,Kilograms per capita,Hazardous and non-hazardous - Total,Recovery - recycling and backfilling (R2-R11),Total waste,Greece,2006,955,,Tonne,10527323
ESTAT:ENV_WASTRT(1.0),15.09.22 11:00,Annual,Kilograms per capita,Hazardous and non-hazardous - Total,Recovery - recycling and backfilling (R2-R11),Total waste,Greece,2008,474,,Tonne,5250963
ESTAT:ENV_WASTRT(1.0),15.09.22 11:00,Annual,Kilograms per capita,Hazardous and non-hazardous - Total,Recovery - recycling and backfilling (R2-R11),Total waste,Greece,2010,1054,,Tonne,11722265
ESTAT:ENV_WASTRT(1.0),15.09.22 11:00,Annual,Kilograms per capita,Hazardous and non-hazardous - Total,Recovery - recycling and backfilling (R2-R11),Total waste,Greece,2012,758,,Tonne,8368133
ESTAT:ENV_WASTRT(1.0),15.09.22 11:00,Annual,Kilograms per capita,Hazardous and non-hazardous - Total,Recovery - recycling and backfilling (R2-R11),Total waste,Greece,2014,699,,Tonne,7609093
ESTAT:ENV_WASTRT(1.0),15.09.22 11:00,Annual,Kilograms per capita,Hazardous and non-hazardous - Total,Recovery - recycling and backfilling (R2-R11),Total waste,Greece,2016,316,,Tonne,3409795
ESTAT:ENV_WASTRT(1.0),15.09.22 11:00,Annual,Kilograms per capita,Hazardous and non-hazardous - Total,Recovery - recycling and backfilling (R2-R11),Total waste,Greece,2018,564,,Tonne,6049420
ESTAT:ENV_WASTRT(1.0),15.09.22 11:00,Annual,Kilograms per capita,Hazardous and non-hazardous - Total,Recovery - recycling and backfilling (R2-R11),Total waste,Greece,2020,561,ep,Tonne,5997004
ESTAT:ENV_WASTRT(1.0),15.09.22 11:00,Annual,Kilograms per capita,Hazardous and non-hazardous - Total,Recovery - recycling and backfilling (R2-R11),Total waste,Spain,2004,720,,Tonne,30916058
ESTAT:ENV_WASTRT(1.0),15.09.22 11:00,Annual,Kilograms per capita,Hazardous and non-hazardous - Total,Recovery - recycling and backfilling (R2-R11),Total waste,Spain,2006,953,,Tonne,42288921
ESTAT:ENV_WASTRT(1.0),15.09.22 11:00,Annual,Kilograms per capita,Hazardous and non-hazardous - Total,Recovery - recycling and backfilling (R2-R11),Total waste,Spain,2008,1531,,Tonne,70354532
ESTAT:ENV_WASTRT(1.0),15.09.22 11:00,Annual,Kilograms per capita,Hazardous and non-hazardous - Total,Recovery - recycling and backfilling (R2-R11),Total waste,Spain,2010,1724,,Tonne,80288909
ESTAT:ENV_WASTRT(1.0),15.09.22 11:00,Annual,Kilograms per capita,Hazardous and non-hazardous - Total,Recovery - recycling and backfilling (R2-R11),Total waste,Spain,2012,1217,,Tonne,56939199
ESTAT:ENV_WASTRT(1.0),15.09.22 11:00,Annual,Kilograms per capita,Hazardous and non-hazardous - Total,Recovery - recycling and backfilling (R2-R11),Total waste,Spain,2014,1083,,Tonne,50319456
ESTAT:ENV_WASTRT(1.0),15.09.22 11:00,Annual,Kilograms per capita,Hazardous and non-hazardous - Total,Recovery - recycling and backfilling (R2-R11),Total waste,Spain,2016,981,,Tonne,45622060
ESTAT:ENV_WASTRT(1.0),15.09.22 11:00,Annual,Kilograms per capita,Hazardous and non-hazardous - Total,Recovery - recycling and backfilling (R2-R11),Total waste,Spain,2018,1270,,Tonne,59425435
ESTAT:ENV_WASTRT(1.0),15.09.22 11:00,Annual,Kilograms per capita,Hazardous and non-hazardous - Total,Recovery - recycling and backfilling (R2-R11),Total waste,Spain,2020,1293,,Tonne,61235039
ESTAT:ENV_WASTRT(1.0),15.09.22 11:00,Annual,Kilograms per capita,Hazardous and non-hazardous - Total,Recovery - recycling and backfilling (R2-R11),Total waste,European Union,2004,1854,,Tonne,804040000
ESTAT:ENV_WASTRT(1.0),15.09.22 11:00,Annual,Kilograms per capita,Hazardous and non-hazardous - Total,Recovery - recycling and backfilling (R2-R11),Total waste,European Union,2006,2108,,Tonne,919980000
ESTAT:ENV_WASTRT(1.0),15.09.22 11:00,Annual,Kilograms per capita,Hazardous and non-hazardous - Total,Recovery - recycling and backfilling (R2-R11),Total waste,European Union,2008,2149,,Tonne,944450000
ESTAT:ENV_WASTRT(1.0),15.09.22 11:00,Annual,Kilograms per capita,Hazardous and non-hazardous - Total,Recovery - recycling and backfilling (R2-R11),Total waste,European Union,2010,2151,,Tonne,948560000
ESTAT:ENV_WASTRT(1.0),15.09.22 11:00,Annual,Kilograms per capita,Hazardous and non-hazardous - Total,Recovery - recycling and backfilling (R2-R11),Total waste,European Union,2012,2176,,Tonne,959250000
ESTAT:ENV_WASTRT(1.0),15.09.22 11:00,Annual,Kilograms per capita,Hazardous and non-hazardous - Total,Recovery - recycling and backfilling (R2-R11),Total waste,European Union,2014,2177,,Tonne,965130000
ESTAT:ENV_WASTRT(1.0),15.09.22 11:00,Annual,Kilograms per capita,Hazardous and non-hazardous - Total,Recovery - recycling and backfilling (R2-R11),Total waste,European Union,2016,2203,,Tonne,980760000
ESTAT:ENV_WASTRT(1.0),15.09.22 11:00,Annual,Kilograms per capita,Hazardous and non-hazardous - Total,Recovery - recycling and backfilling (R2-R11),Total waste,European Union,2018,2371,,Tonne,1058850000
ESTAT:ENV_WASTRT(1.0),15.09.22 11:00,Annual,Kilograms per capita,Hazardous and non-hazardous - Total,Recovery - recycling and backfilling (R2-R11),Total waste,European Union,2020,2440,s,Tonne,1091640000
ESTAT:ENV_WASTRT(1.0),15.09.22 11:00,Annual,Kilograms per capita,Hazardous and non-hazardous - Total,Recovery - recycling and backfilling (R2-R11),Total waste,Finland,2004,3304,,Tonne,17276282
ESTAT:ENV_WASTRT(1.0),15.09.22 11:00,Annual,Kilograms per capita,Hazardous and non-hazardous - Total,Recovery - recycling and backfilling (R2-R11),Total waste,Finland,2006,3530,,Tonne,18590369
ESTAT:ENV_WASTRT(1.0),15.09.22 11:00,Annual,Kilograms per capita,Hazardous and non-hazardous - Total,Recovery - recycling and backfilling (R2-R11),Total waste,Finland,2008,4301,,Tonne,22855427
ESTAT:ENV_WASTRT(1.0),15.09.22 11:00,Annual,Kilograms per capita,Hazardous and non-hazardous - Total,Recovery - recycling and backfilling (R2-R11),Total waste,Finland,2010,5966,,Tonne,31998572
ESTAT:ENV_WASTRT(1.0),15.09.22 11:00,Annual,Kilograms per capita,Hazardous and non-hazardous - Total,Recovery - recycling and backfilling (R2-R11),Total waste,Finland,2012,5855,,Tonne,31700341
ESTAT:ENV_WASTRT(1.0),15.09.22 11:00,Annual,Kilograms per capita,Hazardous and non-hazardous - Total,Recovery - recycling and backfilling (R2-R11),Total waste,Finland,2014,2354,,Tonne,12854027
ESTAT:ENV_WASTRT(1.0),15.09.22 11:00,Annual,Kilograms per capita,Hazardous and non-hazardous - Total,Recovery - recycling and backfilling (R2-R11),Total waste,Finland,2016,1687,,Tonne,9271982
ESTAT:ENV_WASTRT(1.0),15.09.22 11:00,Annual,Kilograms per capita,Hazardous and non-hazardous - Total,Recovery - recycling and backfilling (R2-R11),Total waste,Finland,2018,2630,,Tonne,14506107
ESTAT:ENV_WASTRT(1.0),15.09.22 11:00,Annual,Kilograms per capita,Hazardous and non-hazardous - Total,Recovery - recycling and backfilling (R2-R11),Total waste,Finland,2020,2125,,Tonne,11749054
ESTAT:ENV_WASTRT(1.0),15.09.22 11:00,Annual,Kilograms per capita,Hazardous and non-hazardous - Total,Recovery - recycling and backfilling (R2-R11),Total waste,France,2004,2785,s,Tonne,174161057
ESTAT:ENV_WASTRT(1.0),15.09.22 11:00,Annual,Kilograms per capita,Hazardous and non-hazardous - Total,Recovery - recycling and backfilling (R2-R11),Total waste,France,2006,2771,s,Tonne,175796985
ESTAT:ENV_WASTRT(1.0),15.09.22 11:00,Annual,Kilograms per capita,Hazardous and non-hazardous - Total,Recovery - recycling and backfilling (R2-R11),Total waste,France,2008,3031,,Tonne,194549002
ESTAT:ENV_WASTRT(1.0),15.09.22 11:00,Annual,Kilograms per capita,Hazardous and non-hazardous - Total,Recovery - recycling and backfilling (R2-R11),Total waste,France,2010,3096,,Tonne,200677448
ESTAT:ENV_WASTRT(1.0),15.09.22 11:00,Annual,Kilograms per capita,Hazardous and non-hazardous - Total,Recovery - recycling and backfilling (R2-R11),Total waste,France,2012,2924,,Tonne,191314823
ESTAT:ENV_WASTRT(1.0),15.09.22 11:00,Annual,Kilograms per capita,Hazardous and non-hazardous - Total,Recovery - recycling and backfilling (R2-R11),Total waste,France,2014,2903,,Tonne,192494192
ESTAT:ENV_WASTRT(1.0),15.09.22 11:00,Annual,Kilograms per capita,Hazardous and non-hazardous - Total,Recovery - recycling and backfilling (R2-R11),Total waste,France,2016,2987,,Tonne,199331337
ESTAT:ENV_WASTRT(1.0),15.09.22 11:00,Annual,Kilograms per capita,Hazardous and non-hazardous - Total,Recovery - recycling and backfilling (R2-R11),Total waste,France,2018,3207,,Tonne,215398124
ESTAT:ENV_WASTRT(1.0),15.09.22 11:00,Annual,Kilograms per capita,Hazardous and non-hazardous - Total,Recovery - recycling and backfilling (R2-R11),Total waste,France,2020,2809,,Tonne,189834670
ESTAT:ENV_WASTRT(1.0),15.09.22 11:00,Annual,Kilograms per capita,Hazardous and non-hazardous - Total,Recovery - recycling and backfilling (R2-R11),Total waste,Croatia,2004,98,,Tonne,422167
ESTAT:ENV_WASTRT(1.0),15.09.22 11:00,Annual,Kilograms per capita,Hazardous and non-hazardous - Total,Recovery - recycling and backfilling (R2-R11),Total waste,Croatia,2006,153,,Tonne,657751
ESTAT:ENV_WASTRT(1.0),15.09.22 11:00,Annual,Kilograms per capita,Hazardous and non-hazardous - Total,Recovery - recycling and backfilling (R2-R11),Total waste,Croatia,2008,89,,Tonne,383835
ESTAT:ENV_WASTRT(1.0),15.09.22 11:00,Annual,Kilograms per capita,Hazardous and non-hazardous - Total,Recovery - recycling and backfilling (R2-R11),Total waste,Croatia,2010,94,,Tonne,403242
ESTAT:ENV_WASTRT(1.0),15.09.22 11:00,Annual,Kilograms per capita,Hazardous and non-hazardous - Total,Recovery - recycling and backfilling (R2-R11),Total waste,Croatia,2012,243,,Tonne,1036374
ESTAT:ENV_WASTRT(1.0),15.09.22 11:00,Annual,Kilograms per capita,Hazardous and non-hazardous - Total,Recovery - recycling and backfilling (R2-R11),Total waste,Croatia,2014,388,,Tonne,1643786
ESTAT:ENV_WASTRT(1.0),15.09.22 11:00,Annual,Kilograms per capita,Hazardous and non-hazardous - Total,Recovery - recycling and backfilling (R2-R11),Total waste,Croatia,2016,452,,Tonne,1886083
ESTAT:ENV_WASTRT(1.0),15.09.22 11:00,Annual,Kilograms per capita,Hazardous and non-hazardous - Total,Recovery - recycling and backfilling (R2-R11),Total waste,Croatia,2018,514,,Tonne,2102312
ESTAT:ENV_WASTRT(1.0),15.09.22 11:00,Annual,Kilograms per capita,Hazardous and non-hazardous - Total,Recovery - recycling and backfilling (R2-R11),Total waste,Croatia,2020,620,,Tonne,2507824
ESTAT:ENV_WASTRT(1.0),15.09.22 11:00,Annual,Kilograms per capita,Hazardous and non-hazardous - Total,Recovery - recycling and backfilling (R2-R11),Total waste,Hungary,2004,219,,Tonne,2212102
ESTAT:ENV_WASTRT(1.0),15.09.22 11:00,Annual,Kilograms per capita,Hazardous and non-hazardous - Total,Recovery - recycling and backfilling (R2-R11),Total waste,Hungary,2006,319,,Tonne,3216895
ESTAT:ENV_WASTRT(1.0),15.09.22 11:00,Annual,Kilograms per capita,Hazardous and non-hazardous - Total,Recovery - recycling and backfilling (R2-R11),Total waste,Hungary,2008,542,,Tonne,5440040
ESTAT:ENV_WASTRT(1.0),15.09.22 11:00,Annual,Kilograms per capita,Hazardous and non-hazardous - Total,Recovery - recycling and backfilling (R2-R11),Total waste,Hungary,2010,513,,Tonne,5125324
ESTAT:ENV_WASTRT(1.0),15.09.22 11:00,Annual,Kilograms per capita,Hazardous and non-hazardous - Total,Recovery - recycling and backfilling (R2-R11),Total waste,Hungary,2012,511,,Tonne,5072018
ESTAT:ENV_WASTRT(1.0),15.09.22 11:00,Annual,Kilograms per capita,Hazardous and non-hazardous - Total,Recovery - recycling and backfilling (R2-R11),Total waste,Hungary,2014,707,,Tonne,6973886
ESTAT:ENV_WASTRT(1.0),15.09.22 11:00,Annual,Kilograms per capita,Hazardous and non-hazardous - Total,Recovery - recycling and backfilling (R2-R11),Total waste,Hungary,2016,822,,Tonne,8068726
ESTAT:ENV_WASTRT(1.0),15.09.22 11:00,Annual,Kilograms per capita,Hazardous and non-hazardous - Total,Recovery - recycling and backfilling (R2-R11),Total waste,Hungary,2018,1188,,Tonne,11616467
ESTAT:ENV_WASTRT(1.0),15.09.22 11:00,Annual,Kilograms per capita,Hazardous and non-hazardous - Total,Recovery - recycling and backfilling (R2-R11),Total waste,Hungary,2020,1542,,Tonne,15029900
ESTAT:ENV_WASTRT(1.0),15.09.22 11:00,Annual,Kilograms per capita,Hazardous and non-hazardous - Total,Recovery - recycling and backfilling (R2-R11),Total waste,Ireland,2004,2854,,Tonne,11617843
ESTAT:ENV_WASTRT(1.0),15.09.22 11:00,Annual,Kilograms per capita,Hazardous and non-hazardous - Total,Recovery - recycling and backfilling (R2-R11),Total waste,Ireland,2006,3618,,Tonne,15462353
ESTAT:ENV_WASTRT(1.0),15.09.22 11:00,Annual,Kilograms per capita,Hazardous and non-hazardous - Total,Recovery - recycling and backfilling (R2-R11),Total waste,Ireland,2008,2320,,Tonne,10415485
ESTAT:ENV_WASTRT(1.0),15.09.22 11:00,Annual,Kilograms per capita,Hazardous and non-hazardous - Total,Recovery - recycling and backfilling (R2-R11),Total waste,Ireland,2010,736,,Tonne,3356440
ESTAT:ENV_WASTRT(1.0),15.09.22 11:00,Annual,Kilograms per capita,Hazardous and non-hazardous - Total,Recovery - recycling and backfilling (R2-R11),Total waste,Ireland,2012,611,,Tonne,2811788
ESTAT:ENV_WASTRT(1.0),15.09.22 11:00,Annual,Kilograms per capita,Hazardous and non-hazardous - Total,Recovery - recycling and backfilling (R2-R11),Total waste,Ireland,2014,1073,,Tonne,4999172
ESTAT:ENV_WASTRT(1.0),15.09.22 11:00,Annual,Kilograms per capita,Hazardous and non-hazardous - Total,Recovery - recycling and backfilling (R2-R11),Total waste,Ireland,2016,1404,,Tonne,6677532
ESTAT:ENV_WASTRT(1.0),15.09.22 11:00,Annual,Kilograms per capita,Hazardous and non-hazardous - Total,Recovery - recycling and backfilling (R2-R11),Total waste,Ireland,2018,1583,,Tonne,7705389
ESTAT:ENV_WASTRT(1.0),15.09.22 11:00,Annual,Kilograms per capita,Hazardous and non-hazardous - Total,Recovery - recycling and backfilling (R2-R11),Total waste,Iceland,2004,283,,Tonne,82700
ESTAT:ENV_WASTRT(1.0),15.09.22 11:00,Annual,Kilograms per capita,Hazardous and non-hazardous - Total,Recovery - recycling and backfilling (R2-R11),Total waste,Iceland,2008,1392,,Tonne,441730
ESTAT:ENV_WASTRT(1.0),15.09.22 11:00,Annual,Kilograms per capita,Hazardous and non-hazardous - Total,Recovery - recycling and backfilling (R2-R11),Total waste,Iceland,2010,1009,,Tonne,321015
ESTAT:ENV_WASTRT(1.0),15.09.22 11:00,Annual,Kilograms per capita,Hazardous and non-hazardous - Total,Recovery - recycling and backfilling (R2-R11),Total waste,Iceland,2012,1081,,Tonne,346823
ESTAT:ENV_WASTRT(1.0),15.09.22 11:00,Annual,Kilograms per capita,Hazardous and non-hazardous - Total,Recovery - recycling and backfilling (R2-R11),Total waste,Iceland,2014,1832,,Tonne,599774
ESTAT:ENV_WASTRT(1.0),15.09.22 11:00,Annual,Kilograms per capita,Hazardous and non-hazardous - Total,Recovery - recycling and backfilling (R2-R11),Total waste,Iceland,2016,2418,,Tonne,811200
ESTAT:ENV_WASTRT(1.0),15.09.22 11:00,Annual,Kilograms per capita,Hazardous and non-hazardous - Total,Recovery - recycling and backfilling (R2-R11),Total waste,Iceland,2018,3004,,Tonne,1059605
ESTAT:ENV_WASTRT(1.0),15.09.22 11:00,Annual,Kilograms per capita,Hazardous and non-hazardous - Total,Recovery - recycling and backfilling (R2-R11),Total waste,Italy,2004,991,,Tonne,57167374
ESTAT:ENV_WASTRT(1.0),15.09.22 11:00,Annual,Kilograms per capita,Hazardous and non-hazardous - Total,Recovery - recycling and backfilling (R2-R11),Total waste,Italy,2006,1301,,Tonne,75632616
ESTAT:ENV_WASTRT(1.0),15.09.22 11:00,Annual,Kilograms per capita,Hazardous and non-hazardous - Total,Recovery - recycling and backfilling (R2-R11),Total waste,Italy,2008,1493,,Tonne,87826097
ESTAT:ENV_WASTRT(1.0),15.09.22 11:00,Annual,Kilograms per capita,Hazardous and non-hazardous - Total,Recovery - recycling and backfilling (R2-R11),Total waste,Italy,2010,1570,,Tonne,93036713
ESTAT:ENV_WASTRT(1.0),15.09.22 11:00,Annual,Kilograms per capita,Hazardous and non-hazardous - Total,Recovery - recycling and backfilling (R2-R11),Total waste,Italy,2012,1662,,Tonne,98968790
ESTAT:ENV_WASTRT(1.0),15.09.22 11:00,Annual,Kilograms per capita,Hazardous and non-hazardous - Total,Recovery - recycling and backfilling (R2-R11),Total waste,Italy,2014,1640,,Tonne,99714421
ESTAT:ENV_WASTRT(1.0),15.09.22 11:00,Annual,Kilograms per capita,Hazardous and non-hazardous - Total,Recovery - recycling and backfilling (R2-R11),Total waste,Italy,2016,1773,,Tonne,107487175
ESTAT:ENV_WASTRT(1.0),15.09.22 11:00,Annual,Kilograms per capita,Hazardous and non-hazardous - Total,Recovery - recycling and backfilling (R2-R11),Total waste,Italy,2018,1936,,Tonne,116994354
ESTAT:ENV_WASTRT(1.0),15.09.22 11:00,Annual,Kilograms per capita,Hazardous and non-hazardous - Total,Recovery - recycling and backfilling (R2-R11),Total waste,Italy,2020,2064,,Tonne,122671367
ESTAT:ENV_WASTRT(1.0),15.09.22 11:00,Annual,Kilograms per capita,Hazardous and non-hazardous - Total,Recovery - recycling and backfilling (R2-R11),Total waste,Lithuania,2004,305,,Tonne,1030870
ESTAT:ENV_WASTRT(1.0),15.09.22 11:00,Annual,Kilograms per capita,Hazardous and non-hazardous - Total,Recovery - recycling and backfilling (R2-R11),Total waste,Lithuania,2006,371,,Tonne,1211591
ESTAT:ENV_WASTRT(1.0),15.09.22 11:00,Annual,Kilograms per capita,Hazardous and non-hazardous - Total,Recovery - recycling and backfilling (R2-R11),Total waste,Lithuania,2008,426,,Tonne,1361310
ESTAT:ENV_WASTRT(1.0),15.09.22 11:00,Annual,Kilograms per capita,Hazardous and non-hazardous - Total,Recovery - recycling and backfilling (R2-R11),Total waste,Lithuania,2010,343,,Tonne,1062396
ESTAT:ENV_WASTRT(1.0),15.09.22 11:00,Annual,Kilograms per capita,Hazardous and non-hazardous - Total,Recovery - recycling and backfilling (R2-R11),Total waste,Lithuania,2012,357,,Tonne,1065147
ESTAT:ENV_WASTRT(1.0),15.09.22 11:00,Annual,Kilograms per capita,Hazardous and non-hazardous - Total,Recovery - recycling and backfilling (R2-R11),Total waste,Lithuania,2014,438,,Tonne,1284692
ESTAT:ENV_WASTRT(1.0),15.09.22 11:00,Annual,Kilograms per capita,Hazardous and non-hazardous - Total,Recovery - recycling and backfilling (R2-R11),Total waste,Lithuania,2016,641,,Tonne,1837498
ESTAT:ENV_WASTRT(1.0),15.09.22 11:00,Annual,Kilograms per capita,Hazardous and non-hazardous - Total,Recovery - recycling and backfilling (R2-R11),Total waste,Lithuania,2018,609,,Tonne,1707281
ESTAT:ENV_WASTRT(1.0),15.09.22 11:00,Annual,Kilograms per capita,Hazardous and non-hazardous - Total,Recovery - recycling and backfilling (R2-R11),Total waste,Lithuania,2020,594,,Tonne,1660309
ESTAT:ENV_WASTRT(1.0),15.09.22 11:00,Annual,Kilograms per capita,Hazardous and non-hazardous - Total,Recovery - recycling and backfilling (R2-R11),Total waste,Luxembourg,2004,11708,,Tonne,5363409
ESTAT:ENV_WASTRT(1.0),15.09.22 11:00,Annual,Kilograms per capita,Hazardous and non-hazardous - Total,Recovery - recycling and backfilling (R2-R11),Total waste,Luxembourg,2006,13603,,Tonne,6429056
ESTAT:ENV_WASTRT(1.0),15.09.22 11:00,Annual,Kilograms per capita,Hazardous and non-hazardous - Total,Recovery - recycling and backfilling (R2-R11),Total waste,Luxembourg,2008,10869,,Tonne,5311371
ESTAT:ENV_WASTRT(1.0),15.09.22 11:00,Annual,Kilograms per capita,Hazardous and non-hazardous - Total,Recovery - recycling and backfilling (R2-R11),Total waste,Luxembourg,2010,12158,,Tonne,6163387
ESTAT:ENV_WASTRT(1.0),15.09.22 11:00,Annual,Kilograms per capita,Hazardous and non-hazardous - Total,Recovery - recycling and backfilling (R2-R11),Total waste,Luxembourg,2012,12477,,Tonne,6624863
ESTAT:ENV_WASTRT(1.0),15.09.22 11:00,Annual,Kilograms per capita,Hazardous and non-hazardous - Total,Recovery - recycling and backfilling (R2-R11),Total waste,Luxembourg,2014,9091,,Tonne,5057422
ESTAT:ENV_WASTRT(1.0),15.09.22 11:00,Annual,Kilograms per capita,Hazardous and non-hazardous - Total,Recovery - recycling and backfilling (R2-R11),Total waste,Luxembourg,2016,11474,,Tonne,6677928
ESTAT:ENV_WASTRT(1.0),15.09.22 11:00,Annual,Kilograms per capita,Hazardous and non-hazardous - Total,Recovery - recycling and backfilling (R2-R11),Total waste,Luxembourg,2018,12619,,Tonne,7671679
ESTAT:ENV_WASTRT(1.0),15.09.22 11:00,Annual,Kilograms per capita,Hazardous and non-hazardous - Total,Recovery - recycling and backfilling (R2-R11),Total waste,Luxembourg,2020,11427,,Tonne,7203682
ESTAT:ENV_WASTRT(1.0),15.09.22 11:00,Annual,Kilograms per capita,Hazardous and non-hazardous - Total,Recovery - recycling and backfilling (R2-R11),Total waste,Latvia,2004,134,,Tonne,303627
ESTAT:ENV_WASTRT(1.0),15.09.22 11:00,Annual,Kilograms per capita,Hazardous and non-hazardous - Total,Recovery - recycling and backfilling (R2-R11),Total waste,Latvia,2006,205,,Tonne,455855
ESTAT:ENV_WASTRT(1.0),15.09.22 11:00,Annual,Kilograms per capita,Hazardous and non-hazardous - Total,Recovery - recycling and backfilling (R2-R11),Total waste,Latvia,2008,297,,Tonne,646239
ESTAT:ENV_WASTRT(1.0),15.09.22 11:00,Annual,Kilograms per capita,Hazardous and non-hazardous - Total,Recovery - recycling and backfilling (R2-R11),Total waste,Latvia,2010,149,,Tonne,312399
ESTAT:ENV_WASTRT(1.0),15.09.22 11:00,Annual,Kilograms per capita,Hazardous and non-hazardous - Total,Recovery - recycling and backfilling (R2-R11),Total waste,Latvia,2012,397,,Tonne,807758
ESTAT:ENV_WASTRT(1.0),15.09.22 11:00,Annual,Kilograms per capita,Hazardous and non-hazardous - Total,Recovery - recycling and backfilling (R2-R11),Total waste,Latvia,2014,549,,Tonne,1094359
ESTAT:ENV_WASTRT(1.0),15.09.22 11:00,Annual,Kilograms per capita,Hazardous and non-hazardous - Total,Recovery - recycling and backfilling (R2-R11),Total waste,Latvia,2016,683,,Tonne,1337465
ESTAT:ENV_WASTRT(1.0),15.09.22 11:00,Annual,Kilograms per capita,Hazardous and non-hazardous - Total,Recovery - recycling and backfilling (R2-R11),Total waste,Latvia,2018,552,,Tonne,1063953
ESTAT:ENV_WASTRT(1.0),15.09.22 11:00,Annual,Kilograms per capita,Hazardous and non-hazardous - Total,Recovery - recycling and backfilling (R2-R11),Total waste,Latvia,2020,753,,Tonne,1431063
ESTAT:ENV_WASTRT(1.0),15.09.22 11:00,Annual,Kilograms per capita,Hazardous and non-hazardous - Total,Recovery - recycling and backfilling (R2-R11),Total waste,Montenegro,2012,113,,Tonne,70405
ESTAT:ENV_WASTRT(1.0),15.09.22 11:00,Annual,Kilograms per capita,Hazardous and non-hazardous - Total,Recovery - recycling and backfilling (R2-R11),Total waste,Montenegro,2014,120,,Tonne,74825
ESTAT:ENV_WASTRT(1.0),15.09.22 11:00,Annual,Kilograms per capita,Hazardous and non-hazardous - Total,Recovery - recycling and backfilling (R2-R11),Total waste,Montenegro,2016,72,,Tonne,44623
ESTAT:ENV_WASTRT(1.0),15.09.22 11:00,Annual,Kilograms per capita,Hazardous and non-hazardous - Total,Recovery - recycling and backfilling (R2-R11),Total waste,Montenegro,2018,107,,Tonne,66866
ESTAT:ENV_WASTRT(1.0),15.09.22 11:00,Annual,Kilograms per capita,Hazardous and non-hazardous - Total,Recovery - recycling and backfilling (R2-R11),Total waste,Montenegro,2020,95,,Tonne,59206
ESTAT:ENV_WASTRT(1.0),15.09.22 11:00,Annual,Kilograms per capita,Hazardous and non-hazardous - Total,Recovery - recycling and backfilling (R2-R11),Total waste,North Macedonia,2008,158,,Tonne,322550
ESTAT:ENV_WASTRT(1.0),15.09.22 11:00,Annual,Kilograms per capita,Hazardous and non-hazardous - Total,Recovery - recycling and backfilling (R2-R11),Total waste,North Macedonia,2010,161,,Tonne,330587
ESTAT:ENV_WASTRT(1.0),15.09.22 11:00,Annual,Kilograms per capita,Hazardous and non-hazardous - Total,Recovery - recycling and backfilling (R2-R11),Total waste,North Macedonia,2012,33,,Tonne,67533
ESTAT:ENV_WASTRT(1.0),15.09.22 11:00,Annual,Kilograms per capita,Hazardous and non-hazardous - Total,Recovery - recycling and backfilling (R2-R11),Total waste,North Macedonia,2014,0,,Tonne,159
ESTAT:ENV_WASTRT(1.0),15.09.22 11:00,Annual,Kilograms per capita,Hazardous and non-hazardous - Total,Recovery - recycling and backfilling (R2-R11),Total waste,North Macedonia,2018,511,,Tonne,1060076
ESTAT:ENV_WASTRT(1.0),15.09.22 11:00,Annual,Kilograms per capita,Hazardous and non-hazardous - Total,Recovery - recycling and backfilling (R2-R11),Total waste,North Macedonia,2020,260,,Tonne,538091
ESTAT:ENV_WASTRT(1.0),15.09.22 11:00,Annual,Kilograms per capita,Hazardous and non-hazardous - Total,Recovery - recycling and backfilling (R2-R11),Total waste,Malta,2004,126,,Tonne,50605
ESTAT:ENV_WASTRT(1.0),15.09.22 11:00,Annual,Kilograms per capita,Hazardous and non-hazardous - Total,Recovery - recycling and backfilling (R2-R11),Total waste,Malta,2006,357,,Tonne,144593
ESTAT:ENV_WASTRT(1.0),15.09.22 11:00,Annual,Kilograms per capita,Hazardous and non-hazardous - Total,Recovery - recycling and backfilling (R2-R11),Total waste,Malta,2008,430,,Tonne,176159
ESTAT:ENV_WASTRT(1.0),15.09.22 11:00,Annual,Kilograms per capita,Hazardous and non-hazardous - Total,Recovery - recycling and backfilling (R2-R11),Total waste,Malta,2010,427,,Tonne,176954
ESTAT:ENV_WASTRT(1.0),15.09.22 11:00,Annual,Kilograms per capita,Hazardous and non-hazardous - Total,Recovery - recycling and backfilling (R2-R11),Total waste,Malta,2012,1314,,Tonne,551708
ESTAT:ENV_WASTRT(1.0),15.09.22 11:00,Annual,Kilograms per capita,Hazardous and non-hazardous - Total,Recovery - recycling and backfilling (R2-R11),Total waste,Malta,2014,1913,,Tonne,831386
ESTAT:ENV_WASTRT(1.0),15.09.22 11:00,Annual,Kilograms per capita,Hazardous and non-hazardous - Total,Recovery - recycling and backfilling (R2-R11),Total waste,Malta,2016,2396,,Tonne,1090838
ESTAT:ENV_WASTRT(1.0),15.09.22 11:00,Annual,Kilograms per capita,Hazardous and non-hazardous - Total,Recovery - recycling and backfilling (R2-R11),Total waste,Malta,2018,3720,,Tonne,1802871
ESTAT:ENV_WASTRT(1.0),15.09.22 11:00,Annual,Kilograms per capita,Hazardous and non-hazardous - Total,Recovery - recycling and backfilling (R2-R11),Total waste,Malta,2020,4741,,Tonne,2443177
ESTAT:ENV_WASTRT(1.0),15.09.22 11:00,Annual,Kilograms per capita,Hazardous and non-hazardous - Total,Recovery - recycling and backfilling (R2-R11),Total waste,Netherlands,2004,3510,,Tonne,57142955
ESTAT:ENV_WASTRT(1.0),15.09.22 11:00,Annual,Kilograms per capita,Hazardous and non-hazardous - Total,Recovery - recycling and backfilling (R2-R11),Total waste,Netherlands,2006,3779,,Tonne,61770469
ESTAT:ENV_WASTRT(1.0),15.09.22 11:00,Annual,Kilograms per capita,Hazardous and non-hazardous - Total,Recovery - recycling and backfilling (R2-R11),Total waste,Netherlands,2008,4055,,Tonne,66692585
ESTAT:ENV_WASTRT(1.0),15.09.22 11:00,Annual,Kilograms per capita,Hazardous and non-hazardous - Total,Recovery - recycling and backfilling (R2-R11),Total waste,Netherlands,2010,3489,,Tonne,57964213
ESTAT:ENV_WASTRT(1.0),15.09.22 11:00,Annual,Kilograms per capita,Hazardous and non-hazardous - Total,Recovery - recycling and backfilling (R2-R11),Total waste,Netherlands,2012,3574,,Tonne,59880430
ESTAT:ENV_WASTRT(1.0),15.09.22 11:00,Annual,Kilograms per capita,Hazardous and non-hazardous - Total,Recovery - recycling and backfilling (R2-R11),Total waste,Netherlands,2014,3514,,Tonne,59257658
ESTAT:ENV_WASTRT(1.0),15.09.22 11:00,Annual,Kilograms per capita,Hazardous and non-hazardous - Total,Recovery - recycling and backfilling (R2-R11),Total waste,Netherlands,2016,3745,,Tonne,63770231
ESTAT:ENV_WASTRT(1.0),15.09.22 11:00,Annual,Kilograms per capita,Hazardous and non-hazardous - Total,Recovery - recycling and backfilling (R2-R11),Total waste,Netherlands,2018,3665,,Tonne,63157367
ESTAT:ENV_WASTRT(1.0),15.09.22 11:00,Annual,Kilograms per capita,Hazardous and non-hazardous - Total,Recovery - recycling and backfilling (R2-R11),Total waste,Netherlands,2020,3453,,Tonne,60225123
ESTAT:ENV_WASTRT(1.0),15.09.22 11:00,Annual,Kilograms per capita,Hazardous and non-hazardous - Total,Recovery - recycling and backfilling (R2-R11),Total waste,Norway,2004,584,,Tonne,2683076
ESTAT:ENV_WASTRT(1.0),15.09.22 11:00,Annual,Kilograms per capita,Hazardous and non-hazardous - Total,Recovery - recycling and backfilling (R2-R11),Total waste,Norway,2006,881,,Tonne,4103995
ESTAT:ENV_WASTRT(1.0),15.09.22 11:00,Annual,Kilograms per capita,Hazardous and non-hazardous - Total,Recovery - recycling and backfilling (R2-R11),Total waste,Norway,2008,952,,Tonne,4541615
ESTAT:ENV_WASTRT(1.0),15.09.22 11:00,Annual,Kilograms per capita,Hazardous and non-hazardous - Total,Recovery - recycling and backfilling (R2-R11),Total waste,Norway,2010,525,,Tonne,2565887
ESTAT:ENV_WASTRT(1.0),15.09.22 11:00,Annual,Kilograms per capita,Hazardous and non-hazardous - Total,Recovery - recycling and backfilling (R2-R11),Total waste,Norway,2012,886,,Tonne,4446057
ESTAT:ENV_WASTRT(1.0),15.09.22 11:00,Annual,Kilograms per capita,Hazardous and non-hazardous - Total,Recovery - recycling and backfilling (R2-R11),Total waste,Norway,2014,954,,Tonne,4901532
ESTAT:ENV_WASTRT(1.0),15.09.22 11:00,Annual,Kilograms per capita,Hazardous and non-hazardous - Total,Recovery - recycling and backfilling (R2-R11),Total waste,Norway,2016,970,,Tonne,5076385
ESTAT:ENV_WASTRT(1.0),15.09.22 11:00,Annual,Kilograms per capita,Hazardous and non-hazardous - Total,Recovery - recycling and backfilling (R2-R11),Total waste,Norway,2018,986,,Tonne,5238192
ESTAT:ENV_WASTRT(1.0),15.09.22 11:00,Annual,Kilograms per capita,Hazardous and non-hazardous - Total,Recovery - recycling and backfilling (R2-R11),Total waste,Norway,2020,864,,Tonne,4649881
ESTAT:ENV_WASTRT(1.0),15.09.22 11:00,Annual,Kilograms per capita,Hazardous and non-hazardous - Total,Recovery - recycling and backfilling (R2-R11),Total waste,Poland,2004,2555,,Tonne,97561003
ESTAT:ENV_WASTRT(1.0),15.09.22 11:00,Annual,Kilograms per capita,Hazardous and non-hazardous - Total,Recovery - recycling and backfilling (R2-R11),Total waste,Poland,2006,3614,,Tonne,137846646
ESTAT:ENV_WASTRT(1.0),15.09.22 11:00,Annual,Kilograms per capita,Hazardous and non-hazardous - Total,Recovery - recycling and backfilling (R2-R11),Total waste,Poland,2008,2787,,Tonne,106245911
ESTAT:ENV_WASTRT(1.0),15.09.22 11:00,Annual,Kilograms per capita,Hazardous and non-hazardous - Total,Recovery - recycling and backfilling (R2-R11),Total waste,Poland,2010,2883,,Tonne,109694779
ESTAT:ENV_WASTRT(1.0),15.09.22 11:00,Annual,Kilograms per capita,Hazardous and non-hazardous - Total,Recovery - recycling and backfilling (R2-R11),Total waste,Poland,2012,3049,,Tonne,116044432
ESTAT:ENV_WASTRT(1.0),15.09.22 11:00,Annual,Kilograms per capita,Hazardous and non-hazardous - Total,Recovery - recycling and backfilling (R2-R11),Total waste,Poland,2014,3453,,Tonne,131267418
ESTAT:ENV_WASTRT(1.0),15.09.22 11:00,Annual,Kilograms per capita,Hazardous and non-hazardous - Total,Recovery - recycling and backfilling (R2-R11),Total waste,Poland,2016,2933,,Tonne,111383892
ESTAT:ENV_WASTRT(1.0),15.09.22 11:00,Annual,Kilograms per capita,Hazardous and non-hazardous - Total,Recovery - recycling and backfilling (R2-R11),Total waste,Poland,2018,2964,,Tonne,112539288
ESTAT:ENV_WASTRT(1.0),15.09.22 11:00,Annual,Kilograms per capita,Hazardous and non-hazardous - Total,Recovery - recycling and backfilling (R2-R11),Total waste,Poland,2020,3842,,Tonne,145625822
ESTAT:ENV_WASTRT(1.0),15.09.22 11:00,Annual,Kilograms per capita,Hazardous and non-hazardous - Total,Recovery - recycling and backfilling (R2-R11),Total waste,Portugal,2004,967,,Tonne,10139325
ESTAT:ENV_WASTRT(1.0),15.09.22 11:00,Annual,Kilograms per capita,Hazardous and non-hazardous - Total,Recovery - recycling and backfilling (R2-R11),Total waste,Portugal,2006,793,,Tonne,8348498
ESTAT:ENV_WASTRT(1.0),15.09.22 11:00,Annual,Kilograms per capita,Hazardous and non-hazardous - Total,Recovery - recycling and backfilling (R2-R11),Total waste,Portugal,2008,434,,Tonne,4584414
ESTAT:ENV_WASTRT(1.0),15.09.22 11:00,Annual,Kilograms per capita,Hazardous and non-hazardous - Total,Recovery - recycling and backfilling (R2-R11),Total waste,Portugal,2010,389,,Tonne,4117240
ESTAT:ENV_WASTRT(1.0),15.09.22 11:00,Annual,Kilograms per capita,Hazardous and non-hazardous - Total,Recovery - recycling and backfilling (R2-R11),Total waste,Portugal,2012,447,,Tonne,4697291
ESTAT:ENV_WASTRT(1.0),15.09.22 11:00,Annual,Kilograms per capita,Hazardous and non-hazardous - Total,Recovery - recycling and backfilling (R2-R11),Total waste,Portugal,2014,549,,Tonne,5707970
ESTAT:ENV_WASTRT(1.0),15.09.22 11:00,Annual,Kilograms per capita,Hazardous and non-hazardous - Total,Recovery - recycling and backfilling (R2-R11),Total waste,Portugal,2016,496,,Tonne,5123675
ESTAT:ENV_WASTRT(1.0),15.09.22 11:00,Annual,Kilograms per capita,Hazardous and non-hazardous - Total,Recovery - recycling and backfilling (R2-R11),Total waste,Portugal,2018,547,,Tonne,5622686
ESTAT:ENV_WASTRT(1.0),15.09.22 11:00,Annual,Kilograms per capita,Hazardous and non-hazardous - Total,Recovery - recycling and backfilling (R2-R11),Total waste,Portugal,2020,571,,Tonne,5878130
ESTAT:ENV_WASTRT(1.0),15.09.22 11:00,Annual,Kilograms per capita,Hazardous and non-hazardous - Total,Recovery - recycling and backfilling (R2-R11),Total waste,Romania,2004,305,,Tonne,6544500
ESTAT:ENV_WASTRT(1.0),15.09.22 11:00,Annual,Kilograms per capita,Hazardous and non-hazardous - Total,Recovery - recycling and backfilling (R2-R11),Total waste,Romania,2006,220,,Tonne,4668368
ESTAT:ENV_WASTRT(1.0),15.09.22 11:00,Annual,Kilograms per capita,Hazardous and non-hazardous - Total,Recovery - recycling and backfilling (R2-R11),Total waste,Romania,2008,398,,Tonne,8171505
ESTAT:ENV_WASTRT(1.0),15.09.22 11:00,Annual,Kilograms per capita,Hazardous and non-hazardous - Total,Recovery - recycling and backfilling (R2-R11),Total waste,Romania,2010,371,,Tonne,7521694
ESTAT:ENV_WASTRT(1.0),15.09.22 11:00,Annual,Kilograms per capita,Hazardous and non-hazardous - Total,Recovery - recycling and backfilling (R2-R11),Total waste,Romania,2012,434,,Tonne,8714402
ESTAT:ENV_WASTRT(1.0),15.09.22 11:00,Annual,Kilograms per capita,Hazardous and non-hazardous - Total,Recovery - recycling and backfilling (R2-R11),Total waste,Romania,2014,381,,Tonne,7584057
ESTAT:ENV_WASTRT(1.0),15.09.22 11:00,Annual,Kilograms per capita,Hazardous and non-hazardous - Total,Recovery - recycling and backfilling (R2-R11),Total waste,Romania,2016,398,,Tonne,7837453
ESTAT:ENV_WASTRT(1.0),15.09.22 11:00,Annual,Kilograms per capita,Hazardous and non-hazardous - Total,Recovery - recycling and backfilling (R2-R11),Total waste,Romania,2018,356,,Tonne,6928974
ESTAT:ENV_WASTRT(1.0),15.09.22 11:00,Annual,Kilograms per capita,Hazardous and non-hazardous - Total,Recovery - recycling and backfilling (R2-R11),Total waste,Romania,2020,434,,Tonne,8368748
ESTAT:ENV_WASTRT(1.0),15.09.22 11:00,Annual,Kilograms per capita,Hazardous and non-hazardous - Total,Recovery - recycling and backfilling (R2-R11),Total waste,Serbia,2010,78,,Tonne,565310
ESTAT:ENV_WASTRT(1.0),15.09.22 11:00,Annual,Kilograms per capita,Hazardous and non-hazardous - Total,Recovery - recycling and backfilling (R2-R11),Total waste,Serbia,2012,110,,Tonne,793258
ESTAT:ENV_WASTRT(1.0),15.09.22 11:00,Annual,Kilograms per capita,Hazardous and non-hazardous - Total,Recovery - recycling and backfilling (R2-R11),Total waste,Serbia,2014,180,,Tonne,1285494
ESTAT:ENV_WASTRT(1.0),15.09.22 11:00,Annual,Kilograms per capita,Hazardous and non-hazardous - Total,Recovery - recycling and backfilling (R2-R11),Total waste,Serbia,2016,244,b,Tonne,1721790
ESTAT:ENV_WASTRT(1.0),15.09.22 11:00,Annual,Kilograms per capita,Hazardous and non-hazardous - Total,Recovery - recycling and backfilling (R2-R11),Total waste,Serbia,2018,291,,Tonne,2030994
ESTAT:ENV_WASTRT(1.0),15.09.22 11:00,Annual,Kilograms per capita,Hazardous and non-hazardous - Total,Recovery - recycling and backfilling (R2-R11),Total waste,Serbia,2020,350,,Tonne,2411918
ESTAT:ENV_WASTRT(1.0),15.09.22 11:00,Annual,Kilograms per capita,Hazardous and non-hazardous - Total,Recovery - recycling and backfilling (R2-R11),Total waste,Sweden,2004,1453,,Tonne,13065467
ESTAT:ENV_WASTRT(1.0),15.09.22 11:00,Annual,Kilograms per capita,Hazardous and non-hazardous - Total,Recovery - recycling and backfilling (R2-R11),Total waste,Sweden,2006,1674,,Tonne,15199944
ESTAT:ENV_WASTRT(1.0),15.09.22 11:00,Annual,Kilograms per capita,Hazardous and non-hazardous - Total,Recovery - recycling and backfilling (R2-R11),Total waste,Sweden,2008,1065,,Tonne,9817659
ESTAT:ENV_WASTRT(1.0),15.09.22 11:00,Annual,Kilograms per capita,Hazardous and non-hazardous - Total,Recovery - recycling and backfilling (R2-R11),Total waste,Sweden,2010,1769,,Tonne,16587093
ESTAT:ENV_WASTRT(1.0),15.09.22 11:00,Annual,Kilograms per capita,Hazardous and non-hazardous - Total,Recovery - recycling and backfilling (R2-R11),Total waste,Sweden,2012,2049,,Tonne,19506447
ESTAT:ENV_WASTRT(1.0),15.09.22 11:00,Annual,Kilograms per capita,Hazardous and non-hazardous - Total,Recovery - recycling and backfilling (R2-R11),Total waste,Sweden,2014,1827,,Tonne,17711585
ESTAT:ENV_WASTRT(1.0),15.09.22 11:00,Annual,Kilograms per capita,Hazardous and non-hazardous - Total,Recovery - recycling and backfilling (R2-R11),Total waste,Sweden,2016,2337,,Tonne,23188834
ESTAT:ENV_WASTRT(1.0),15.09.22 11:00,Annual,Kilograms per capita,Hazardous and non-hazardous - Total,Recovery - recycling and backfilling (R2-R11),Total waste,Sweden,2018,2047,,Tonne,20832930
ESTAT:ENV_WASTRT(1.0),15.09.22 11:00,Annual,Kilograms per capita,Hazardous and non-hazardous - Total,Recovery - recycling and backfilling (R2-R11),Total waste,Sweden,2020,2042,,Tonne,21144320
ESTAT:ENV_WASTRT(1.0),15.09.22 11:00,Annual,Kilograms per capita,Hazardous and non-hazardous - Total,Recovery - recycling and backfilling (R2-R11),Total waste,Slovenia,2004,1478,,Tonne,2951002
ESTAT:ENV_WASTRT(1.0),15.09.22 11:00,Annual,Kilograms per capita,Hazardous and non-hazardous - Total,Recovery - recycling and backfilling (R2-R11),Total waste,Slovenia,2006,1004,,Tonne,2013964
ESTAT:ENV_WASTRT(1.0),15.09.22 11:00,Annual,Kilograms per capita,Hazardous and non-hazardous - Total,Recovery - recycling and backfilling (R2-R11),Total waste,Slovenia,2008,1504,,Tonne,3039793
ESTAT:ENV_WASTRT(1.0),15.09.22 11:00,Annual,Kilograms per capita,Hazardous and non-hazardous - Total,Recovery - recycling and backfilling (R2-R11),Total waste,Slovenia,2010,1896,,Tonne,3884622
ESTAT:ENV_WASTRT(1.0),15.09.22 11:00,Annual,Kilograms per capita,Hazardous and non-hazardous - Total,Recovery - recycling and backfilling (R2-R11),Total waste,Slovenia,2012,1977,,Tonne,4067433
ESTAT:ENV_WASTRT(1.0),15.09.22 11:00,Annual,Kilograms per capita,Hazardous and non-hazardous - Total,Recovery - recycling and backfilling (R2-R11),Total waste,Slovenia,2014,2251,,Tonne,4642292
ESTAT:ENV_WASTRT(1.0),15.09.22 11:00,Annual,Kilograms per capita,Hazardous and non-hazardous - Total,Recovery - recycling and backfilling (R2-R11),Total waste,Slovenia,2016,2038,,Tonne,4208063
ESTAT:ENV_WASTRT(1.0),15.09.22 11:00,Annual,Kilograms per capita,Hazardous and non-hazardous - Total,Recovery - recycling and backfilling (R2-R11),Total waste,Slovenia,2018,3741,,Tonne,7757681
ESTAT:ENV_WASTRT(1.0),15.09.22 11:00,Annual,Kilograms per capita,Hazardous and non-hazardous - Total,Recovery - recycling and backfilling (R2-R11),Total waste,Slovenia,2020,3118,,Tonne,6555192
ESTAT:ENV_WASTRT(1.0),15.09.22 11:00,Annual,Kilograms per capita,Hazardous and non-hazardous - Total,Recovery - recycling and backfilling (R2-R11),Total waste,Slovakia,2004,1222,,Tonne,6565340
ESTAT:ENV_WASTRT(1.0),15.09.22 11:00,Annual,Kilograms per capita,Hazardous and non-hazardous - Total,Recovery - recycling and backfilling (R2-R11),Total waste,Slovakia,2006,945,,Tonne,5075053
ESTAT:ENV_WASTRT(1.0),15.09.22 11:00,Annual,Kilograms per capita,Hazardous and non-hazardous - Total,Recovery - recycling and backfilling (R2-R11),Total waste,Slovakia,2008,720,,Tonne,3874782
ESTAT:ENV_WASTRT(1.0),15.09.22 11:00,Annual,Kilograms per capita,Hazardous and non-hazardous - Total,Recovery - recycling and backfilling (R2-R11),Total waste,Slovakia,2010,660,,Tonne,3559221
ESTAT:ENV_WASTRT(1.0),15.09.22 11:00,Annual,Kilograms per capita,Hazardous and non-hazardous - Total,Recovery - recycling and backfilling (R2-R11),Total waste,Slovakia,2012,490,,Tonne,2650771
ESTAT:ENV_WASTRT(1.0),15.09.22 11:00,Annual,Kilograms per capita,Hazardous and non-hazardous - Total,Recovery - recycling and backfilling (R2-R11),Total waste,Slovakia,2014,536,,Tonne,2901858
ESTAT:ENV_WASTRT(1.0),15.09.22 11:00,Annual,Kilograms per capita,Hazardous and non-hazardous - Total,Recovery - recycling and backfilling (R2-R11),Total waste,Slovakia,2016,653,,Tonne,3544967
ESTAT:ENV_WASTRT(1.0),15.09.22 11:00,Annual,Kilograms per capita,Hazardous and non-hazardous - Total,Recovery - recycling and backfilling (R2-R11),Total waste,Slovakia,2018,824,,Tonne,4486164
ESTAT:ENV_WASTRT(1.0),15.09.22 11:00,Annual,Kilograms per capita,Hazardous and non-hazardous - Total,Recovery - recycling and backfilling (R2-R11),Total waste,Slovakia,2020,1226,,Tonne,6694444
ESTAT:ENV_WASTRT(1.0),15.09.22 11:00,Annual,Kilograms per capita,Hazardous and non-hazardous - Total,Recovery - recycling and backfilling (R2-R11),Total waste,Turkiye,2004,142,,Tonne,9623081
ESTAT:ENV_WASTRT(1.0),15.09.22 11:00,Annual,Kilograms per capita,Hazardous and non-hazardous - Total,Recovery - recycling and backfilling (R2-R11),Total waste,Turkiye,2006,21,,Tonne,1464412
ESTAT:ENV_WASTRT(1.0),15.09.22 11:00,Annual,Kilograms per capita,Hazardous and non-hazardous - Total,Recovery - recycling and backfilling (R2-R11),Total waste,Turkiye,2008,206,,Tonne,14626644
ESTAT:ENV_WASTRT(1.0),15.09.22 11:00,Annual,Kilograms per capita,Hazardous and non-hazardous - Total,Recovery - recycling and backfilling (R2-R11),Total waste,Turkiye,2012,181,,Tonne,13633757
ESTAT:ENV_WASTRT(1.0),15.09.22 11:00,Annual,Kilograms per capita,Hazardous and non-hazardous - Total,Recovery - recycling and backfilling (R2-R11),Total waste,Turkiye,2018,,c,Tonne,
ESTAT:ENV_WASTRT(1.0),15.09.22 11:00,Annual,Kilograms per capita,Hazardous and non-hazardous - Total,Recovery - recycling and backfilling (R2-R11),Total waste,Turkiye,2020,574,,Tonne,47876115
ESTAT:ENV_WASTRT(1.0),15.09.22 11:00,Annual,Kilograms per capita,Hazardous and non-hazardous - Total,Recovery - recycling and backfilling (R2-R11),Total waste,United Kingdom,2004,1429,,Tonne,85734543
ESTAT:ENV_WASTRT(1.0),15.09.22 11:00,Annual,Kilograms per capita,Hazardous and non-hazardous - Total,Recovery - recycling and backfilling (R2-R11),Total waste,United Kingdom,2006,1790,,Tonne,108936814
ESTAT:ENV_WASTRT(1.0),15.09.22 11:00,Annual,Kilograms per capita,Hazardous and non-hazardous - Total,Recovery - recycling and backfilling (R2-R11),Total waste,United Kingdom,2008,2314,,Tonne,143007631
ESTAT:ENV_WASTRT(1.0),15.09.22 11:00,Annual,Kilograms per capita,Hazardous and non-hazardous - Total,Recovery - recycling and backfilling (R2-R11),Total waste,United Kingdom,2010,1752,,Tonne,109952211
ESTAT:ENV_WASTRT(1.0),15.09.22 11:00,Annual,Kilograms per capita,Hazardous and non-hazardous - Total,Recovery - recycling and backfilling (R2-R11),Total waste,United Kingdom,2012,1658,,Tonne,105599509
ESTAT:ENV_WASTRT(1.0),15.09.22 11:00,Annual,Kilograms per capita,Hazardous and non-hazardous - Total,Recovery - recycling and backfilling (R2-R11),Total waste,United Kingdom,2014,1826,,Tonne,117970991
ESTAT:ENV_WASTRT(1.0),15.09.22 11:00,Annual,Kilograms per capita,Hazardous and non-hazardous - Total,Recovery - recycling and backfilling (R2-R11),Total waste,United Kingdom,2016,1840,,Tonne,120747511
ESTAT:ENV_WASTRT(1.0),15.09.22 11:00,Annual,Kilograms per capita,Hazardous and non-hazardous - Total,Recovery - recycling and backfilling (R2-R11),Total waste,United Kingdom,2018,1844,,Tonne,122540912
ESTAT:ENV_WASTRT(1.0),15.09.22 11:00,Annual,Kilograms per capita,Hazardous and non-hazardous - Total,Recovery - recycling and backfilling (R2-R11),Total waste,Kosovo,2016,0,,Tonne,0