DATAFLOW,LAST UPDATE,freq,unit,hazard,wst_oper,waste,geo,TIME_PERIOD,OBS_VALUE
ESTAT:ENV_WASTRT(1.0),15.09.22 11:00,Annual,Kilograms per capita,Hazardous and non-hazardous - Total,Recovery - recycling and backfilling (R2-R11),Total waste,Albania,2014,92.00
ESTAT:ENV_WASTRT(1.0),15.09.22 11:00,Annual,Kilograms per capita,Hazardous and non-hazardous - Total,Recovery - recycling and backfilling (R2-R11),Total waste,Austria,2004,4453.00
ESTAT:ENV_WASTRT(1.0),15.09.22 11:00,Annual,Kilograms per capita,Hazardous and non-hazardous - Total,Recovery - recycling and backfilling (R2-R11),Total waste,Austria,2006,3613.00
ESTAT:ENV_WASTRT(1.0),15.09.22 11:00,Annual,Kilograms per capita,Hazardous and non-hazardous - Total,Recovery - recycling and backfilling (R2-R11),Total waste,Austria,2008,3863.00
ESTAT:ENV_WASTRT(1.0),15.09.22 11:00,Annual,Kilograms per capita,Hazardous and non-hazardous - Total,Recovery - recycling and backfilling (R2-R11),Total waste,Austria,2010,1791.00
ESTAT:ENV_WASTRT(1.0),15.09.22 11:00,Annual,Kilograms per capita,Hazardous and non-hazardous - Total,Recovery - recycling and backfilling (R2-R11),Total waste,Austria,2012,3172.00
ESTAT:ENV_WASTRT(1.0),15.09.22 11:00,Annual,Kilograms per capita,Hazardous and non-hazardous - Total,Recovery - recycling and backfilling (R2-R11),Total waste,Austria,2014,3456.00
ESTAT:ENV_WASTRT(1.0),15.09.22 11:00,Annual,Kilograms per capita,Hazardous and non-hazardous - Total,Recovery - recycling and backfilling (R2-R11),Total waste,Austria,2016,3299.00
ESTAT:ENV_WASTRT(1.0),15.09.22 11:00,Annual,Kilograms per capita,Hazardous and non-hazardous - Total,Recovery - recycling and backfilling (R2-R11),Total waste,Austria,2018,3480.00
ESTAT:ENV_WASTRT(1.0),15.09.22 11:00,Annual,Kilograms per capita,Hazardous and non-hazardous - Total,Recovery - recycling and backfilling (R2-R11),Total waste,Austria,2020,3729.00
ESTAT:ENV_WASTRT(1.0),15.09.22 11:00,Annual,Kilograms per capita,Hazardous and non-hazardous - Total,Recovery - recycling and backfilling (R2-R11),Total waste,Belgium,2004,
ESTAT:ENV_WASTRT(1.0),15.09.22 11:00,Annual,Kilograms per capita,Hazardous and non-hazardous - Total,Recovery - recycling and backfilling (R2-R11),Total waste,Belgium,2006,2194.00
ESTAT:ENV_WASTRT(1.0),15.09.22 11:00,Annual,Kilograms per capita,Hazardous and non-hazardous - Total,Recovery - recycling and backfilling (R2-R11),Total waste,Belgium,2008,1620.00
ESTAT:ENV_WASTRT(1.0),15.09.22 11:00,Annual,Kilograms per capita,Hazardous and non-hazardous - Total,Recovery - recycling and backfilling (R2-R11),Total waste,Belgium,2010,2213.00
ESTAT:ENV_WASTRT(1.0),15.09.22 11:00,Annual,Kilograms per capita,Hazardous and non-hazardous - Total,Recovery - recycling and backfilling (R2-R11),Total waste,Belgium,2012,2869.00
ESTAT:ENV_WASTRT(1.0),15.09.22 11:00,Annual,Kilograms per capita,Hazardous and non-hazardous - Total,Recovery - recycling and backfilling (R2-R11),Total waste,Belgium,2014,2947.00
ESTAT:ENV_WASTRT(1.0),15.09.22 11:00,Annual,Kilograms per capita,Hazardous and non-hazardous - Total,Recovery - recycling and backfilling (R2-R11),Total waste,Belgium,2016,2952.00
ESTAT:ENV_WASTRT(1.0),15.09.22 11:00,Annual,Kilograms per capita,Hazardous and non-hazardous - Total,Recovery - recycling and backfilling (R2-R11),Total waste,Belgium,2018,3313.00
ESTAT:ENV_WASTRT(1.0),15.09.22 11:00,Annual,Kilograms per capita,Hazardous and non-hazardous - Total,Recovery - recycling and backfilling (R2-R11),Total waste,Belgium,2020,4036.00
ESTAT:ENV_WASTRT(1.0),15.09.22 11:00,Annual,Kilograms per capita,Hazardous and non-hazardous - Total,Recovery - recycling and backfilling (R2-R11),Total waste,Bulgaria,2004,275.00
ESTAT:ENV_WASTRT(1.0),15.09.22 11:00,Annual,Kilograms per capita,Hazardous and non-hazardous - Total,Recovery - recycling and backfilling (R2-R11),Total waste,Bulgaria,2006,261.00
ESTAT:ENV_WASTRT(1.0),15.09.22 11:00,Annual,Kilograms per capita,Hazardous and non-hazardous - Total,Recovery - recycling and backfilling (R2-R11),Total waste,Bulgaria,2008,360.00
ESTAT:ENV_WASTRT(1.0),15.09.22 11:00,Annual,Kilograms per capita,Hazardous and non-hazardous - Total,Recovery - recycling and backfilling (R2-R11),Total waste,Bulgaria,2010,260.00
ESTAT:ENV_WASTRT(1.0),15.09.22 11:00,Annual,Kilograms per capita,Hazardous and non-hazardous - Total,Recovery - recycling and backfilling (R2-R11),Total waste,Bulgaria,2012,245.00
ESTAT:ENV_WASTRT(1.0),15.09.22 11:00,Annual,Kilograms per capita,Hazardous and non-hazardous - Total,Recovery - recycling and backfilling (R2-R11),Total waste,Bulgaria,2014,493.00
ESTAT:ENV_WASTRT(1.0),15.09.22 11:00,Annual,Kilograms per capita,Hazardous and non-hazardous - Total,Recovery - recycling and backfilling (R2-R11),Total waste,Bulgaria,2016,850.00
ESTAT:ENV_WASTRT(1.0),15.09.22 11:00,Annual,Kilograms per capita,Hazardous and non-hazardous - Total,Recovery - recycling and backfilling (R2-R11),Total waste,Bulgaria,2018,486.00
ESTAT:ENV_WASTRT(1.0),15.09.22 11:00,Annual,Kilograms per capita,Hazardous and non-hazardous - Total,Recovery - recycling and backfilling (R2-R11),Total waste,Bulgaria,2020,1229.00
ESTAT:ENV_WASTRT(1.0),15.09.22 11:00,Annual,Kilograms per capita,Hazardous and non-hazardous - Total,Recovery - recycling and backfilling (R2-R11),Total waste,Cyprus,2004,412.00
ESTAT:ENV_WASTRT(1.0),15.09.22 11:00,Annual,Kilograms per capita,Hazardous and non-hazardous - Total,Recovery - recycling and backfilling (R2-R11),Total waste,Cyprus,2006,242.00
ESTAT:ENV_WASTRT(1.0),15.09.22 11:00,Annual,Kilograms per capita,Hazardous and non-hazardous - Total,Recovery - recycling and backfilling (R2-R11),Total waste,Cyprus,2008,947.00
ESTAT:ENV_WASTRT(1.0),15.09.22 11:00,Annual,Kilograms per capita,Hazardous and non-hazardous - Total,Recovery - recycling and backfilling (R2-R11),Total waste,Cyprus,2010,1665.00
ESTAT:ENV_WASTRT(1.0),15.09.22 11:00,Annual,Kilograms per capita,Hazardous and non-hazardous - Total,Recovery - recycling and backfilling (R2-R11),Total waste,Cyprus,2012,450.00
ESTAT:ENV_WASTRT(1.0),15.09.22 11:00,Annual,Kilograms per capita,Hazardous and non-hazardous - Total,Recovery - recycling and backfilling (R2-R11),Total waste,Cyprus,2014,686.00
ESTAT:ENV_WASTRT(1.0),15.09.22 11:00,Annual,Kilograms per capita,Hazardous and non-hazardous - Total,Recovery - recycling and backfilling (R2-R11),Total waste,Cyprus,2016,861.00
ESTAT:ENV_WASTRT(1.0),15.09.22 11:00,Annual,Kilograms per capita,Hazardous and non-hazardous - Total,Recovery - recycling and backfilling (R2-R11),Total waste,Cyprus,2018,784.00
ESTAT:ENV_WASTRT(1.0),15.09.22 11:00,Annual,Kilograms per capita,Hazardous and non-hazardous - Total,Recovery - recycling and backfilling (R2-R11),Total waste,Cyprus,2020,571.00
ESTAT:ENV_WASTRT(1.0),15.09.22 11:00,Annual,Kilograms per capita,Hazardous and non-hazardous - Total,Recovery - recycling and backfilling (R2-R11),Total waste,Czechia,2004,1543.00
ESTAT:ENV_WASTRT(1.0),15.09.22 11:00,Annual,Kilograms per capita,Hazardous and non-hazardous - Total,Recovery - recycling and backfilling (R2-R11),Total waste,Czechia,2006,1109.00
ESTAT:ENV_WASTRT(1.0),15.09.22 11:00,Annual,Kilograms per capita,Hazardous and non-hazardous - Total,Recovery - recycling and backfilling (R2-R11),Total waste,Czechia,2008,1294.00
ESTAT:ENV_WASTRT(1.0),15.09.22 11:00,Annual,Kilograms per capita,Hazardous and non-hazardous - Total,Recovery - recycling and backfilling (R2-R11),Total waste,Czechia,2010,1262.00
ESTAT:ENV_WASTRT(1.0),15.09.22 11:00,Annual,Kilograms per capita,Hazardous and non-hazardous - Total,Recovery - recycling and backfilling (R2-R11),Total waste,Czechia,2012,1290.00
ESTAT:ENV_WASTRT(1.0),15.09.22 11:00,Annual,Kilograms per capita,Hazardous and non-hazardous - Total,Recovery - recycling and backfilling (R2-R11),Total waste,Czechia,2014,1457.00
ESTAT:ENV_WASTRT(1.0),15.09.22 11:00,Annual,Kilograms per capita,Hazardous and non-hazardous - Total,Recovery - recycling and backfilling (R2-R11),Total waste,Czechia,2016,1703.00
ESTAT:ENV_WASTRT(1.0),15.09.22 11:00,Annual,Kilograms per capita,Hazardous and non-hazardous - Total,Recovery - recycling and backfilling (R2-R11),Total waste,Czechia,2018,2722.00
ESTAT:ENV_WASTRT(1.0),15.09.22 11:00,Annual,Kilograms per capita,Hazardous and non-hazardous - Total,Recovery - recycling and backfilling (R2-R11),Total waste,Czechia,2020,2808.00
ESTAT:ENV_WASTRT(1.0),15.09.22 11:00,Annual,Kilograms per capita,Hazardous and non-hazardous - Total,Recovery - recycling and backfilling (R2-R11),Total waste,Germany (until 1990 former territory of the FRG),2004,2590.00
ESTAT:ENV_WASTRT(1.0),15.09.22 11:00,Annual,Kilograms per capita,Hazardous and non-hazardous - Total,Recovery - recycling and backfilling (R2-R11),Total waste,Germany (until 1990 former territory of the FRG),2006,3048.00
ESTAT:ENV_WASTRT(1.0),15.09.22 11:00,Annual,Kilograms per capita,Hazardous and non-hazardous - Total,Recovery - recycling and backfilling (R2-R11),Total waste,Germany (until 1990 former territory of the FRG),2008,3110.00
ESTAT:ENV_WASTRT(1.0),15.09.22 11:00,Annual,Kilograms per capita,Hazardous and non-hazardous - Total,Recovery - recycling and backfilling (R2-R11),Total waste,Germany (until 1990 former territory of the FRG),2010,2954.00
ESTAT:ENV_WASTRT(1.0),15.09.22 11:00,Annual,Kilograms per capita,Hazardous and non-hazardous - Total,Recovery - recycling and backfilling (R2-R11),Total waste,Germany (until 1990 former territory of the FRG),2012,3037.00
ESTAT:ENV_WASTRT(1.0),15.09.22 11:00,Annual,Kilograms per capita,Hazardous and non-hazardous - Total,Recovery - recycling and backfilling (R2-R11),Total waste,Germany (until 1990 former territory of the FRG),2014,3114.00
ESTAT:ENV_WASTRT(1.0),15.09.22 11:00,Annual,Kilograms per capita,Hazardous and non-hazardous - Total,Recovery - recycling and backfilling (R2-R11),Total waste,Germany (until 1990 former territory of the FRG),2016,3226.00
ESTAT:ENV_WASTRT(1.0),15.09.22 11:00,Annual,Kilograms per capita,Hazardous and non-hazardous - Total,Recovery - recycling and backfilling (R2-R11),Total waste,Germany (until 1990 former territory of the FRG),2018,3232.00
ESTAT:ENV_WASTRT(1.0),15.09.22 11:00,Annual,Kilograms per capita,Hazardous and non-hazardous - Total,Recovery - recycling and backfilling (R2-R11),Total waste,Germany (until 1990 former territory of the FRG),2020,3216.00
ESTAT:ENV_WASTRT(1.0),15.09.22 11:00,Annual,Kilograms per capita,Hazardous and non-hazardous - Total,Recovery - recycling and backfilling (R2-R11),Total waste,Denmark,2004,1621.00
ESTAT:ENV_WASTRT(1.0),15.09.22 11:00,Annual,Kilograms per capita,Hazardous and non-hazardous - Total,Recovery - recycling and backfilling (R2-R11),Total waste,Denmark,2006,1984.00
ESTAT:ENV_WASTRT(1.0),15.09.22 11:00,Annual,Kilograms per capita,Hazardous and non-hazardous - Total,Recovery - recycling and backfilling (R2-R11),Total waste,Denmark,2008,1872.00
ESTAT:ENV_WASTRT(1.0),15.09.22 11:00,Annual,Kilograms per capita,Hazardous and non-hazardous - Total,Recovery - recycling and backfilling (R2-R11),Total waste,Denmark,2010,1402.00
ESTAT:ENV_WASTRT(1.0),15.09.22 11:00,Annual,Kilograms per capita,Hazardous and non-hazardous - Total,Recovery - recycling and backfilling (R2-R11),Total waste,Denmark,2012,1378.00
ESTAT:ENV_WASTRT(1.0),15.09.22 11:00,Annual,Kilograms per capita,Hazardous and non-hazardous - Total,Recovery - recycling and backfilling (R2-R11),Total waste,Denmark,2014,1833.00
ESTAT:ENV_WASTRT(1.0),15.09.22 11:00,Annual,Kilograms per capita,Hazardous and non-hazardous - Total,Recovery - recycling and backfilling (R2-R11),Total waste,Denmark,2016,1709.00
ESTAT:ENV_WASTRT(1.0),15.09.22 11:00,Annual,Kilograms per capita,Hazardous and non-hazardous - Total,Recovery - recycling and backfilling (R2-R11),Total waste,Denmark,2018,2375.00
ESTAT:ENV_WASTRT(1.0),15.09.22 11:00,Annual,Kilograms per capita,Hazardous and non-hazardous - Total,Recovery - recycling and backfilling (R2-R11),Total waste,Denmark,2020,2149.00
ESTAT:ENV_WASTRT(1.0),15.09.22 11:00,Annual,Kilograms per capita,Hazardous and non-hazardous - Total,Recovery - recycling and backfilling (R2-R11),Total waste,Estonia,2004,2645.00
ESTAT:ENV_WASTRT(1.0),15.09.22 11:00,Annual,Kilograms per capita,Hazardous and non-hazardous - Total,Recovery - recycling and backfilling (R2-R11),Total waste,Estonia,2006,4609.00
ESTAT:ENV_WASTRT(1.0),15.09.22 11:00,Annual,Kilograms per capita,Hazardous and non-hazardous - Total,Recovery - recycling and backfilling (R2-R11),Total waste,Estonia,2008,4080.00
ESTAT:ENV_WASTRT(1.0),15.09.22 11:00,Annual,Kilograms per capita,Hazardous and non-hazardous - Total,Recovery - recycling and backfilling (R2-R11),Total waste,Estonia,2010,4473.00
ESTAT:ENV_WASTRT(1.0),15.09.22 11:00,Annual,Kilograms per capita,Hazardous and non-hazardous - Total,Recovery - recycling and backfilling (R2-R11),Total waste,Estonia,2012,9147.00
ESTAT:ENV_WASTRT(1.0),15.09.22 11:00,Annual,Kilograms per capita,Hazardous and non-hazardous - Total,Recovery - recycling and backfilling (R2-R11),Total waste,Estonia,2014,5031.00
ESTAT:ENV_WASTRT(1.0),15.09.22 11:00,Annual,Kilograms per capita,Hazardous and non-hazardous - Total,Recovery - recycling and backfilling (R2-R11),Total waste,Estonia,2016,4945.00
ESTAT:ENV_WASTRT(1.0),15.09.22 11:00,Annual,Kilograms per capita,Hazardous and non-hazardous - Total,Recovery - recycling and backfilling (R2-R11),Total waste,Estonia,2018,6155.00
ESTAT:ENV_WASTRT(1.0),15.09.22 11:00,Annual,Kilograms per capita,Hazardous and non-hazardous - Total,Recovery - recycling and backfilling (R2-R11),Total waste,Estonia,2020,6633.00
ESTAT:ENV_WASTRT(1.0),15.09.22 11:00,Annual,Kilograms per capita,Hazardous and non-hazardous - Total,Recovery - recycling and backfilling (R2-R11),Total waste,Greece,2004,310.00
ESTAT:ENV_WASTRT(1.0),15.09.22 11:00,Annual,Kilograms per capita,Hazardous and non-hazardous - Total,Recovery - recycling and backfilling (R2-R11),Total waste,Greece,2006,955.00
ESTAT:ENV_WASTRT(1.0),15.09.22 11:00,Annual,Kilograms per capita,Hazardous and non-hazardous - Total,Recovery - recycling and backfilling (R2-R11),Total waste,Greece,2008,474.00
ESTAT:ENV_WASTRT(1.0),15.09.22 11:00,Annual,Kilograms per capita,Hazardous and non-hazardous - Total,Recovery - recycling and backfilling (R2-R11),Total waste,Greece,2010,1054.00
ESTAT:ENV_WASTRT(1.0),15.09.22 11:00,Annual,Kilograms per capita,Hazardous and non-hazardous - Total,Recovery - recycling and backfilling (R2-R11),Total waste,Greece,2012,758.00
ESTAT:ENV_WASTRT(1.0),15.09.22 11:00,Annual,Kilograms per capita,Hazardous and non-hazardous - Total,Recovery - recycling and backfilling (R2-R11),Total waste,Greece,2014,699.00
ESTAT:ENV_WASTRT(1.0),15.09.22 11:00,Annual,Kilograms per capita,Hazardous and non-hazardous - Total,Recovery - recycling and backfilling (R2-R11),Total waste,Greece,2016,316.00
ESTAT:ENV_WASTRT(1.0),15.09.22 11:00,Annual,Kilograms per capita,Hazardous and non-hazardous - Total,Recovery - recycling and backfilling (R2-R11),Total waste,Greece,2018,564.00
ESTAT:ENV_WASTRT(1.0),15.09.22 11:00,Annual,Kilograms per capita,Hazardous and non-hazardous - Total,Recovery - recycling and backfilling (R2-R11),Total waste,Greece,2020,561.00
ESTAT:ENV_WASTRT(1.0),15.09.22 11:00,Annual,Kilograms per capita,Hazardous and non-hazardous - Total,Recovery - recycling and backfilling (R2-R11),Total waste,Spain,2004,720.00
ESTAT:ENV_WASTRT(1.0),15.09.22 11:00,Annual,Kilograms per capita,Hazardous and non-hazardous - Total,Recovery - recycling and backfilling (R2-R11),Total waste,Spain,2006,953.00
ESTAT:ENV_WASTRT(1.0),15.09.22 11:00,Annual,Kilograms per capita,Hazardous and non-hazardous - Total,Recovery - recycling and backfilling (R2-R11),Total waste,Spain,2008,1531.00
ESTAT:ENV_WASTRT(1.0),15.09.22 11:00,Annual,Kilograms per capita,Hazardous and non-hazardous - Total,Recovery - recycling and backfilling (R2-R11),Total waste,Spain,2010,1724.00
ESTAT:ENV_WASTRT(1.0),15.09.22 11:00,Annual,Kilograms per capita,Hazardous and non-hazardous - Total,Recovery - recycling and backfilling (R2-R11),Total waste,Spain,2012,1217.00
ESTAT:ENV_WASTRT(1.0),15.09.22 11:00,Annual,Kilograms per capita,Hazardous and non-hazardous - Total,Recovery - recycling and backfilling (R2-R11),Total waste,Spain,2014,1083.00
ESTAT:ENV_WASTRT(1.0),15.09.22 11:00,Annual,Kilograms per capita,Hazardous and non-hazardous - Total,Recovery - recycling and backfilling (R2-R11),Total waste,Spain,2016,981.00
ESTAT:ENV_WASTRT(1.0),15.09.22 11:00,Annual,Kilograms per capita,Hazardous and non-hazardous - Total,Recovery - recycling and backfilling (R2-R11),Total waste,Spain,2018,1270.00
ESTAT:ENV_WASTRT(1.0),15.09.22 11:00,Annual,Kilograms per capita,Hazardous and non-hazardous - Total,Recovery - recycling and backfilling (R2-R11),Total waste,Spain,2020,1293.00
ESTAT:ENV_WASTRT(1.0),15.09.22 11:00,Annual,Kilograms per capita,Hazardous and non-hazardous - Total,Recovery - recycling and backfilling (R2-R11),Total waste,European Union,2004,1854.00
ESTAT:ENV_WASTRT(1.0),15.09.22 11:00,Annual,Kilograms per capita,Hazardous and non-hazardous - Total,Recovery - recycling and backfilling (R2-R11),Total waste,European Union,2006,2108.00
ESTAT:ENV_WASTRT(1.0),15.09.22 11:00,Annual,Kilograms per capita,Hazardous and non-hazardous - Total,Recovery - recycling and backfilling (R2-R11),Total waste,European Union,2008,2149.00
ESTAT:ENV_WASTRT(1.0),15.09.22 11:00,Annual,Kilograms per capita,Hazardous and non-hazardous - Total,Recovery - recycling and backfilling (R2-R11),Total waste,European Union,2010,2151.00
ESTAT:ENV_WASTRT(1.0),15.09.22 11:00,Annual,Kilograms per capita,Hazardous and non-hazardous - Total,Recovery - recycling and backfilling (R2-R11),Total waste,European Union,2012,2176.00
ESTAT:ENV_WASTRT(1.0),15.09.22 11:00,Annual,Kilograms per capita,Hazardous and non-hazardous - Total,Recovery - recycling and backfilling (R2-R11),Total waste,European Union,2014,2177.00
ESTAT:ENV_WASTRT(1.0),15.09.22 11:00,Annual,Kilograms per capita,Hazardous and non-hazardous - Total,Recovery - recycling and backfilling (R2-R11),Total waste,European Union,2016,2203.00
ESTAT:ENV_WASTRT(1.0),15.09.22 11:00,Annual,Kilograms per capita,Hazardous and non-hazardous - Total,Recovery - recycling and backfilling (R2-R11),Total waste,European Union,2018,2371.00
ESTAT:ENV_WASTRT(1.0),15.09.22 11:00,Annual,Kilograms per capita,Hazardous and non-hazardous - Total,Recovery - recycling and backfilling (R2-R11),Total waste,European Union,2020,2440.00
ESTAT:ENV_WASTRT(1.0),15.09.22 11:00,Annual,Kilograms per capita,Hazardous and non-hazardous - Total,Recovery - recycling and backfilling (R2-R11),Total waste,Finland,2004,3304.00
ESTAT:ENV_WASTRT(1.0),15.09.22 11:00,Annual,Kilograms per capita,Hazardous and non-hazardous - Total,Recovery - recycling and backfilling (R2-R11),Total waste,Finland,2006,3530.00
ESTAT:ENV_WASTRT(1.0),15.09.22 11:00,Annual,Kilograms per capita,Hazardous and non-hazardous - Total,Recovery - recycling and backfilling (R2-R11),Total waste,Finland,2008,4301.00
ESTAT:ENV_WASTRT(1.0),15.09.22 11:00,Annual,Kilograms per capita,Hazardous and non-hazardous - Total,Recovery - recycling and backfilling (R2-R11),Total waste,Finland,2010,5966.00
ESTAT:ENV_WASTRT(1.0),15.09.22 11:00,Annual,Kilograms per capita,Hazardous and non-hazardous - Total,Recovery - recycling and backfilling (R2-R11),Total waste,Finland,2012,5855.00
ESTAT:ENV_WASTRT(1.0),15.09.22 11:00,Annual,Kilograms per capita,Hazardous and non-hazardous - Total,Recovery - recycling and backfilling (R2-R11),Total waste,Finland,2014,2354.00
ESTAT:ENV_WASTRT(1.0),15.09.22 11:00,Annual,Kilograms per capita,Hazardous and non-hazardous - Total,Recovery - recycling and backfilling (R2-R11),Total waste,Finland,2016,1687.00
ESTAT:ENV_WASTRT(1.0),15.09.22 11:00,Annual,Kilograms per capita,Hazardous and non-hazardous - Total,Recovery - recycling and backfilling (R2-R11),Total waste,Finland,2018,2630.00
ESTAT:ENV_WASTRT(1.0),15.09.22 11:00,Annual,Kilograms per capita,Hazardous and non-hazardous - Total,Recovery - recycling and backfilling (R2-R11),Total waste,Finland,2020,2125.00
ESTAT:ENV_WASTRT(1.0),15.09.22 11:00,Annual,Kilograms per capita,Hazardous and non-hazardous - Total,Recovery - recycling and backfilling (R2-R11),Total waste,France,2004,2785.00
ESTAT:ENV_WASTRT(1.0),15.09.22 11:00,Annual,Kilograms per capita,Hazardous and non-hazardous - Total,Recovery - recycling and backfilling (R2-R11),Total waste,France,2006,2771.00
ESTAT:ENV_WASTRT(1.0),15.09.22 11:00,Annual,Kilograms per capita,Hazardous and non-hazardous - Total,Recovery - recycling and backfilling (R2-R11),Total waste,France,2008,3031.00
ESTAT:ENV_WASTRT(1.0),15.09.22 11:00,Annual,Kilograms per capita,Hazardous and non-hazardous - Total,Recovery - recycling and backfilling (R2-R11),Total waste,France,2010,3096.00
ESTAT:ENV_WASTRT(1.0),15.09.22 11:00,Annual,Kilograms per capita,Hazardous and non-hazardous - Total,Recovery - recycling and backfilling (R2-R11),Total waste,France,2012,2924.00
ESTAT:ENV_WASTRT(1.0),15.09.22 11:00,Annual,Kilograms per capita,Hazardous and non-hazardous - Total,Recovery - recycling and backfilling (R2-R11),Total waste,France,2014,2903.00
ESTAT:ENV_WASTRT(1.0),15.09.22 11:00,Annual,Kilograms per capita,Hazardous and non-hazardous - Total,Recovery - recycling and backfilling (R2-R11),Total waste,France,2016,2987.00
ESTAT:ENV_WASTRT(1.0),15.09.22 11:00,Annual,Kilograms per capita,Hazardous and non-hazardous - Total,Recovery - recycling and backfilling (R2-R11),Total waste,France,2018,3207.00
ESTAT:ENV_WASTRT(1.0),15.09.22 11:00,Annual,Kilograms per capita,Hazardous and non-hazardous - Total,Recovery - recycling and backfilling (R2-R11),Total waste,France,2020,2809.00
ESTAT:ENV_WASTRT(1.0),15.09.22 11:00,Annual,Kilograms per capita,Hazardous and non-hazardous - Total,Recovery - recycling and backfilling (R2-R11),Total waste,Croatia,2004,98.00
ESTAT:ENV_WASTRT(1.0),15.09.22 11:00,Annual,Kilograms per capita,Hazardous and non-hazardous - Total,Recovery - recycling and backfilling (R2-R11),Total waste,Croatia,2006,153.00
ESTAT:ENV_WASTRT(1.0),15.09.22 11:00,Annual,Kilograms per capita,Hazardous and non-hazardous - Total,Recovery - recycling and backfilling (R2-R11),Total waste,Croatia,2008,89.00
ESTAT:ENV_WASTRT(1.0),15.09.22 11:00,Annual,Kilograms per capita,Hazardous and non-hazardous - Total,Recovery - recycling and backfilling (R2-R11),Total waste,Croatia,2010,94.00
ESTAT:ENV_WASTRT(1.0),15.09.22 11:00,Annual,Kilograms per capita,Hazardous and non-hazardous - Total,Recovery - recycling and backfilling (R2-R11),Total waste,Croatia,2012,243.00
ESTAT:ENV_WASTRT(1.0),15.09.22 11:00,Annual,Kilograms per capita,Hazardous and non-hazardous - Total,Recovery - recycling and backfilling (R2-R11),Total waste,Croatia,2014,388.00
ESTAT:ENV_WASTRT(1.0),15.09.22 11:00,Annual,Kilograms per capita,Hazardous and non-hazardous - Total,Recovery - recycling and backfilling (R2-R11),Total waste,Croatia,2016,452.00
ESTAT:ENV_WASTRT(1.0),15.09.22 11:00,Annual,Kilograms per capita,Hazardous and non-hazardous - Total,Recovery - recycling and backfilling (R2-R11),Total waste,Croatia,2018,514.00
ESTAT:ENV_WASTRT(1.0),15.09.22 11:00,Annual,Kilograms per capita,Hazardous and non-hazardous - Total,Recovery - recycling and backfilling (R2-R11),Total waste,Croatia,2020,620.00
ESTAT:ENV_WASTRT(1.0),15.09.22 11:00,Annual,Kilograms per capita,Hazardous and non-hazardous - Total,Recovery - recycling and backfilling (R2-R11),Total waste,Hungary,2004,219.00
ESTAT:ENV_WASTRT(1.0),15.09.22 11:00,Annual,Kilograms per capita,Hazardous and non-hazardous - Total,Recovery - recycling and backfilling (R2-R11),Total waste,Hungary,2006,319.00
ESTAT:ENV_WASTRT(1.0),15.09.22 11:00,Annual,Kilograms per capita,Hazardous and non-hazardous - Total,Recovery - recycling and backfilling (R2-R11),Total waste,Hungary,2008,542.00
ESTAT:ENV_WASTRT(1.0),15.09.22 11:00,Annual,Kilograms per capita,Hazardous and non-hazardous - Total,Recovery - recycling and backfilling (R2-R11),Total waste,Hungary,2010,513.00
ESTAT:ENV_WASTRT(1.0),15.09.22 11:00,Annual,Kilograms per capita,Hazardous and non-hazardous - Total,Recovery - recycling and backfilling (R2-R11),Total waste,Hungary,2012,511.00
ESTAT:ENV_WASTRT(1.0),15.09.22 11:00,Annual,Kilograms per capita,Hazardous and non-hazardous - Total,Recovery - recycling and backfilling (R2-R11),Total waste,Hungary,2014,707.00
ESTAT:ENV_WASTRT(1.0),15.09.22 11:00,Annual,Kilograms per capita,Hazardous and non-hazardous - Total,Recovery - recycling and backfilling (R2-R11),Total waste,Hungary,2016,822.00
ESTAT:ENV_WASTRT(1.0),15.09.22 11:00,Annual,Kilograms per capita,Hazardous and non-hazardous - Total,Recovery - recycling and backfilling (R2-R11),Total waste,Hungary,2018,1188.00
ESTAT:ENV_WASTRT(1.0),15.09.22 11:00,Annual,Kilograms per capita,Hazardous and non-hazardous - Total,Recovery - recycling and backfilling (R2-R11),Total waste,Hungary,2020,1542.00
ESTAT:ENV_WASTRT(1.0),15.09.22 11:00,Annual,Kilograms per capita,Hazardous and non-hazardous - Total,Recovery - recycling and backfilling (R2-R11),Total waste,Ireland,2004,2854.00
ESTAT:ENV_WASTRT(1.0),15.09.22 11:00,Annual,Kilograms per capita,Hazardous and non-hazardous - Total,Recovery - recycling and backfilling (R2-R11),Total waste,Ireland,2006,3618.00
ESTAT:ENV_WASTRT(1.0),15.09.22 11:00,Annual,Kilograms per capita,Hazardous and non-hazardous - Total,Recovery - recycling and backfilling (R2-R11),Total waste,Ireland,2008,2320.00
ESTAT:ENV_WASTRT(1.0),15.09.22 11:00,Annual,Kilograms per capita,Hazardous and non-hazardous - Total,Recovery - recycling and backfilling (R2-R11),Total waste,Ireland,2010,736.00
ESTAT:ENV_WASTRT(1.0),15.09.22 11:00,Annual,Kilograms per capita,Hazardous and non-hazardous - Total,Recovery - recycling and backfilling (R2-R11),Total waste,Ireland,2012,611.00
ESTAT:ENV_WASTRT(1.0),15.09.22 11:00,Annual,Kilograms per capita,Hazardous and non-hazardous - Total,Recovery - recycling and backfilling (R2-R11),Total waste,Ireland,2014,1073.00
ESTAT:ENV_WASTRT(1.0),15.09.22 11:00,Annual,Kilograms per capita,Hazardous and non-hazardous - Total,Recovery - recycling and backfilling (R2-R11),Total waste,Ireland,2016,1404.00
ESTAT:ENV_WASTRT(1.0),15.09.22 11:00,Annual,Kilograms per capita,Hazardous and non-hazardous - Total,Recovery - recycling and backfilling (R2-R11),Total waste,Ireland,2018,1583.00
ESTAT:ENV_WASTRT(1.0),15.09.22 11:00,Annual,Kilograms per capita,Hazardous and non-hazardous - Total,Recovery - recycling and backfilling (R2-R11),Total waste,Iceland,2004,283.00
ESTAT:ENV_WASTRT(1.0),15.09.22 11:00,Annual,Kilograms per capita,Hazardous and non-hazardous - Total,Recovery - recycling and backfilling (R2-R11),Total waste,Iceland,2008,1392.00
ESTAT:ENV_WASTRT(1.0),15.09.22 11:00,Annual,Kilograms per capita,Hazardous and non-hazardous - Total,Recovery - recycling and backfilling (R2-R11),Total waste,Iceland,2010,1009.00
ESTAT:ENV_WASTRT(1.0),15.09.22 11:00,Annual,Kilograms per capita,Hazardous and non-hazardous - Total,Recovery - recycling and backfilling (R2-R11),Total waste,Iceland,2012,1081.00
ESTAT:ENV_WASTRT(1.0),15.09.22 11:00,Annual,Kilograms per capita,Hazardous and non-hazardous - Total,Recovery - recycling and backfilling (R2-R11),Total waste,Iceland,2014,1832.00
ESTAT:ENV_WASTRT(1.0),15.09.22 11:00,Annual,Kilograms per capita,Hazardous and non-hazardous - Total,Recovery - recycling and backfilling (R2-R11),Total waste,Iceland,2016,2418.00
ESTAT:ENV_WASTRT(1.0),15.09.22 11:00,Annual,Kilograms per capita,Hazardous and non-hazardous - Total,Recovery - recycling and backfilling (R2-R11),Total waste,Iceland,2018,3004.00
ESTAT:ENV_WASTRT(1.0),15.09.22 11:00,Annual,Kilograms per capita,Hazardous and non-hazardous - Total,Recovery - recycling and backfilling (R2-R11),Total waste,Italy,2004,991.00
ESTAT:ENV_WASTRT(1.0),15.09.22 11:00,Annual,Kilograms per capita,Hazardous and non-hazardous - Total,Recovery - recycling and backfilling (R2-R11),Total waste,Italy,2006,1301.00
ESTAT:ENV_WASTRT(1.0),15.09.22 11:00,Annual,Kilograms per capita,Hazardous and non-hazardous - Total,Recovery - recycling and backfilling (R2-R11),Total waste,Italy,2008,1493.00
ESTAT:ENV_WASTRT(1.0),15.09.22 11:00,Annual,Kilograms per capita,Hazardous and non-hazardous - Total,Recovery - recycling and backfilling (R2-R11),Total waste,Italy,2010,1570.00
ESTAT:ENV_WASTRT(1.0),15.09.22 11:00,Annual,Kilograms per capita,Hazardous and non-hazardous - Total,Recovery - recycling and backfilling (R2-R11),Total waste,Italy,2012,1662.00
ESTAT:ENV_WASTRT(1.0),15.09.22 11:00,Annual,Kilograms per capita,Hazardous and non-hazardous - Total,Recovery - recycling and backfilling (R2-R11),Total waste,Italy,2014,1640.00
ESTAT:ENV_WASTRT(1.0),15.09.22 11:00,Annual,Kilograms per capita,Hazardous and non-hazardous - Total,Recovery - recycling and backfilling (R2-R11),Total waste,Italy,2016,1773.00
ESTAT:ENV_WASTRT(1.0),15.09.22 11:00,Annual,Kilograms per capita,Hazardous and non-hazardous - Total,Recovery - recycling and backfilling (R2-R11),Total waste,Italy,2018,1936.00
ESTAT:ENV_WASTRT(1.0),15.09.22 11:00,Annual,Kilograms per capita,Hazardous and non-hazardous - Total,Recovery - recycling and backfilling (R2-R11),Total waste,Italy,2020,2064.00
ESTAT:ENV_WASTRT(1.0),15.09.22 11:00,Annual,Kilograms per capita,Hazardous and non-hazardous - Total,Recovery - recycling and backfilling (R2-R11),Total waste,Lithuania,2004,305.00
ESTAT:ENV_WASTRT(1.0),15.09.22 11:00,Annual,Kilograms per capita,Hazardous and non-hazardous - Total,Recovery - recycling and backfilling (R2-R11),Total waste,Lithuania,2006,371.00
ESTAT:ENV_WASTRT(1.0),15.09.22 11:00,Annual,Kilograms per capita,Hazardous and non-hazardous - Total,Recovery - recycling and backfilling (R2-R11),Total waste,Lithuania,2008,426.00
ESTAT:ENV_WASTRT(1.0),15.09.22 11:00,Annual,Kilograms per capita,Hazardous and non-hazardous - Total,Recovery - recycling and backfilling (R2-R11),Total waste,Lithuania,2010,343.00
ESTAT:ENV_WASTRT(1.0),15.09.22 11:00,Annual,Kilograms per capita,Hazardous and non-hazardous - Total,Recovery - recycling and backfilling (R2-R11),Total waste,Lithuania,2012,357.00
ESTAT:ENV_WASTRT(1.0),15.09.22 11:00,Annual,Kilograms per capita,Hazardous and non-hazardous - Total,Recovery - recycling and backfilling (R2-R11),Total waste,Lithuania,2014,438.00
ESTAT:ENV_WASTRT(1.0),15.09.22 11:00,Annual,Kilograms per capita,Hazardous and non-hazardous - Total,Recovery - recycling and backfilling (R2-R11),Total waste,Lithuania,2016,641.00
ESTAT:ENV_WASTRT(1.0),15.09.22 11:00,Annual,Kilograms per capita,Hazardous and non-hazardous - Total,Recovery - recycling and backfilling (R2-R11),Total waste,Lithuania,2018,609.00
ESTAT:ENV_WASTRT(1.0),15.09.22 11:00,Annual,Kilograms per capita,Hazardous and non-hazardous - Total,Recovery - recycling and backfilling (R2-R11),Total waste,Lithuania,2020,594.00
ESTAT:ENV_WASTRT(1.0),15.09.22 11:00,Annual,Kilograms per capita,Hazardous and non-hazardous - Total,Recovery - recycling and backfilling (R2-R11),Total waste,Luxembourg,2004,11708.00
ESTAT:ENV_WASTRT(1.0),15.09.22 11:00,Annual,Kilograms per capita,Hazardous and non-hazardous - Total,Recovery - recycling and backfilling (R2-R11),Total waste,Luxembourg,2006,13603.00
ESTAT:ENV_WASTRT(1.0),15.09.22 11:00,Annual,Kilograms per capita,Hazardous and non-hazardous - Total,Recovery - recycling and backfilling (R2-R11),Total waste,Luxembourg,2008,10869.00
ESTAT:ENV_WASTRT(1.0),15.09.22 11:00,Annual,Kilograms per capita,Hazardous and non-hazardous - Total,Recovery - recycling and backfilling (R2-R11),Total waste,Luxembourg,2010,12158.00
ESTAT:ENV_WASTRT(1.0),15.09.22 11:00,Annual,Kilograms per capita,Hazardous and non-hazardous - Total,Recovery - recycling and backfilling (R2-R11),Total waste,Luxembourg,2012,12477.00
ESTAT:ENV_WASTRT(1.0),15.09.22 11:00,Annual,Kilograms per capita,Hazardous and non-hazardous - Total,Recovery - recycling and backfilling (R2-R11),Total waste,Luxembourg,2014,9091.00
ESTAT:ENV_WASTRT(1.0),15.09.22 11:00,Annual,Kilograms per capita,Hazardous and non-hazardous - Total,Recovery - recycling and backfilling (R2-R11),Total waste,Luxembourg,2016,11474.00
ESTAT:ENV_WASTRT(1.0),15.09.22 11:00,Annual,Kilograms per capita,Hazardous and non-hazardous - Total,Recovery - recycling and backfilling (R2-R11),Total waste,Luxembourg,2018,12619.00
ESTAT:ENV_WASTRT(1.0),15.09.22 11:00,Annual,Kilograms per capita,Hazardous and non-hazardous - Total,Recovery - recycling and backfilling (R2-R11),Total waste,Luxembourg,2020,11427.00
ESTAT:ENV_WASTRT(1.0),15.09.22 11:00,Annual,Kilograms per capita,Hazardous and non-hazardous - Total,Recovery - recycling and backfilling (R2-R11),Total waste,Latvia,2004,134.00
ESTAT:ENV_WASTRT(1.0),15.09.22 11:00,Annual,Kilograms per capita,Hazardous and non-hazardous - Total,Recovery - recycling and backfilling (R2-R11),Total waste,Latvia,2006,205.00
ESTAT:ENV_WASTRT(1.0),15.09.22 11:00,Annual,Kilograms per capita,Hazardous and non-hazardous - Total,Recovery - recycling and backfilling (R2-R11),Total waste,Latvia,2008,297.00
ESTAT:ENV_WASTRT(1.0),15.09.22 11:00,Annual,Kilograms per capita,Hazardous and non-hazardous - Total,Recovery - recycling and backfilling (R2-R11),Total waste,Latvia,2010,149.00
ESTAT:ENV_WASTRT(1.0),15.09.22 11:00,Annual,Kilograms per capita,Hazardous and non-hazardous - Total,Recovery - recycling and backfilling (R2-R11),Total waste,Latvia,2012,397.00
ESTAT:ENV_WASTRT(1.0),15.09.22 11:00,Annual,Kilograms per capita,Hazardous and non-hazardous - Total,Recovery - recycling and backfilling (R2-R11),Total waste,Latvia,2014,549.00
ESTAT:ENV_WASTRT(1.0),15.09.22 11:00,Annual,Kilograms per capita,Hazardous and non-hazardous - Total,Recovery - recycling and backfilling (R2-R11),Total waste,Latvia,2016,683.00
ESTAT:ENV_WASTRT(1.0),15.09.22 11:00,Annual,Kilograms per capita,Hazardous and non-hazardous - Total,Recovery - recycling and backfilling (R2-R11),Total waste,Latvia,2018,552.00
ESTAT:ENV_WASTRT(1.0),15.09.22 11:00,Annual,Kilograms per capita,Hazardous and non-hazardous - Total,Recovery - recycling and backfilling (R2-R11),Total waste,Latvia,2020,753.00
ESTAT:ENV_WASTRT(1.0),15.09.22 11:00,Annual,Kilograms per capita,Hazardous and non-hazardous - Total,Recovery - recycling and backfilling (R2-R11),Total waste,Montenegro,2012,113.00
ESTAT:ENV_WASTRT(1.0),15.09.22 11:00,Annual,Kilograms per capita,Hazardous and non-hazardous - Total,Recovery - recycling and backfilling (R2-R11),Total waste,Montenegro,2014,120.00
ESTAT:ENV_WASTRT(1.0),15.09.22 11:00,Annual,Kilograms per capita,Hazardous and non-hazardous - Total,Recovery - recycling and backfilling (R2-R11),Total waste,Montenegro,2016,72.00
ESTAT:ENV_WASTRT(1.0),15.09.22 11:00,Annual,Kilograms per capita,Hazardous and non-hazardous - Total,Recovery - recycling and backfilling (R2-R11),Total waste,Montenegro,2018,107.00
ESTAT:ENV_WASTRT(1.0),15.09.22 11:00,Annual,Kilograms per capita,Hazardous and non-hazardous - Total,Recovery - recycling and backfilling (R2-R11),Total waste,Montenegro,2020,95.00
ESTAT:ENV_WASTRT(1.0),15.09.22 11:00,Annual,Kilograms per capita,Hazardous and non-hazardous - Total,Recovery - recycling and backfilling (R2-R11),Total waste,North Macedonia,2008,158.00
ESTAT:ENV_WASTRT(1.0),15.09.22 11:00,Annual,Kilograms per capita,Hazardous and non-hazardous - Total,Recovery - recycling and backfilling (R2-R11),Total waste,North Macedonia,2010,161.00
ESTAT:ENV_WASTRT(1.0),15.09.22 11:00,Annual,Kilograms per capita,Hazardous and non-hazardous - Total,Recovery - recycling and backfilling (R2-R11),Total waste,North Macedonia,2012,33.00
ESTAT:ENV_WASTRT(1.0),15.09.22 11:00,Annual,Kilograms per capita,Hazardous and non-hazardous - Total,Recovery - recycling and backfilling (R2-R11),Total waste,North Macedonia,2014,0.00
ESTAT:ENV_WASTRT(1.0),15.09.22 11:00,Annual,Kilograms per capita,Hazardous and non-hazardous - Total,Recovery - recycling and backfilling (R2-R11),Total waste,North Macedonia,2018,511.00
ESTAT:ENV_WASTRT(1.0),15.09.22 11:00,Annual,Kilograms per capita,Hazardous and non-hazardous - Total,Recovery - recycling and backfilling (R2-R11),Total waste,North Macedonia,2020,260.00
ESTAT:ENV_WASTRT(1.0),15.09.22 11:00,Annual,Kilograms per capita,Hazardous and non-hazardous - Total,Recovery - recycling and backfilling (R2-R11),Total waste,Malta,2004,126.00
ESTAT:ENV_WASTRT(1.0),15.09.22 11:00,Annual,Kilograms per capita,Hazardous and non-hazardous - Total,Recovery - recycling and backfilling (R2-R11),Total waste,Malta,2006,357.00
ESTAT:ENV_WASTRT(1.0),15.09.22 11:00,Annual,Kilograms per capita,Hazardous and non-hazardous - Total,Recovery - recycling and backfilling (R2-R11),Total waste,Malta,2008,430.00
ESTAT:ENV_WASTRT(1.0),15.09.22 11:00,Annual,Kilograms per capita,Hazardous and non-hazardous - Total,Recovery - recycling and backfilling (R2-R11),Total waste,Malta,2010,427.00
ESTAT:ENV_WASTRT(1.0),15.09.22 11:00,Annual,Kilograms per capita,Hazardous and non-hazardous - Total,Recovery - recycling and backfilling (R2-R11),Total waste,Malta,2012,1314.00
ESTAT:ENV_WASTRT(1.0),15.09.22 11:00,Annual,Kilograms per capita,Hazardous and non-hazardous - Total,Recovery - recycling and backfilling (R2-R11),Total waste,Malta,2014,1913.00
ESTAT:ENV_WASTRT(1.0),15.09.22 11:00,Annual,Kilograms per capita,Hazardous and non-hazardous - Total,Recovery - recycling and backfilling (R2-R11),Total waste,Malta,2016,2396.00
ESTAT:ENV_WASTRT(1.0),15.09.22 11:00,Annual,Kilograms per capita,Hazardous and non-hazardous - Total,Recovery - recycling and backfilling (R2-R11),Total waste,Malta,2018,3720.00
ESTAT:ENV_WASTRT(1.0),15.09.22 11:00,Annual,Kilograms per capita,Hazardous and non-hazardous - Total,Recovery - recycling and backfilling (R2-R11),Total waste,Malta,2020,4741.00
ESTAT:ENV_WASTRT(1.0),15.09.22 11:00,Annual,Kilograms per capita,Hazardous and non-hazardous - Total,Recovery - recycling and backfilling (R2-R11),Total waste,Netherlands,2004,3510.00
ESTAT:ENV_WASTRT(1.0),15.09.22 11:00,Annual,Kilograms per capita,Hazardous and non-hazardous - Total,Recovery - recycling and backfilling (R2-R11),Total waste,Netherlands,2006,3779.00
ESTAT:ENV_WASTRT(1.0),15.09.22 11:00,Annual,Kilograms per capita,Hazardous and non-hazardous - Total,Recovery - recycling and backfilling (R2-R11),Total waste,Netherlands,2008,4055.00
ESTAT:ENV_WASTRT(1.0),15.09.22 11:00,Annual,Kilograms per capita,Hazardous and non-hazardous - Total,Recovery - recycling and backfilling (R2-R11),Total waste,Netherlands,2010,3489.00
ESTAT:ENV_WASTRT(1.0),15.09.22 11:00,Annual,Kilograms per capita,Hazardous and non-hazardous - Total,Recovery - recycling and backfilling (R2-R11),Total waste,Netherlands,2012,3574.00
ESTAT:ENV_WASTRT(1.0),15.09.22 11:00,Annual,Kilograms per capita,Hazardous and non-hazardous - Total,Recovery - recycling and backfilling (R2-R11),Total waste,Netherlands,2014,3514.00
ESTAT:ENV_WASTRT(1.0),15.09.22 11:00,Annual,Kilograms per capita,Hazardous and non-hazardous - Total,Recovery - recycling and backfilling (R2-R11),Total waste,Netherlands,2016,3745.00
ESTAT:ENV_WASTRT(1.0),15.09.22 11:00,Annual,Kilograms per capita,Hazardous and non-hazardous - Total,Recovery - recycling and backfilling (R2-R11),Total waste,Netherlands,2018,3665.00
ESTAT:ENV_WASTRT(1.0),15.09.22 11:00,Annual,Kilograms per capita,Hazardous and non-hazardous - Total,Recovery - recycling and backfilling (R2-R11),Total waste,Netherlands,2020,3453.00
ESTAT:ENV_WASTRT(1.0),15.09.22 11:00,Annual,Kilograms per capita,Hazardous and non-hazardous - Total,Recovery - recycling and backfilling (R2-R11),Total waste,Norway,2004,584.00
ESTAT:ENV_WASTRT(1.0),15.09.22 11:00,Annual,Kilograms per capita,Hazardous and non-hazardous - Total,Recovery - recycling and backfilling (R2-R11),Total waste,Norway,2006,881.00
ESTAT:ENV_WASTRT(1.0),15.09.22 11:00,Annual,Kilograms per capita,Hazardous and non-hazardous - Total,Recovery - recycling and backfilling (R2-R11),Total waste,Norway,2008,952.00
ESTAT:ENV_WASTRT(1.0),15.09.22 11:00,Annual,Kilograms per capita,Hazardous and non-hazardous - Total,Recovery - recycling and backfilling (R2-R11),Total waste,Norway,2010,525.00
ESTAT:ENV_WASTRT(1.0),15.09.22 11:00,Annual,Kilograms per capita,Hazardous and non-hazardous - Total,Recovery - recycling and backfilling (R2-R11),Total waste,Norway,2012,886.00
ESTAT:ENV_WASTRT(1.0),15.09.22 11:00,Annual,Kilograms per capita,Hazardous and non-hazardous - Total,Recovery - recycling and backfilling (R2-R11),Total waste,Norway,2014,954.00
ESTAT:ENV_WASTRT(1.0),15.09.22 11:00,Annual,Kilograms per capita,Hazardous and non-hazardous - Total,Recovery - recycling and backfilling (R2-R11),Total waste,Norway,2016,970.00
ESTAT:ENV_WASTRT(1.0),15.09.22 11:00,Annual,Kilograms per capita,Hazardous and non-hazardous - Total,Recovery - recycling and backfilling (R2-R11),Total waste,Norway,2018,986.00
ESTAT:ENV_WASTRT(1.0),15.09.22 11:00,Annual,Kilograms per capita,Hazardous and non-hazardous - Total,Recovery - recycling and backfilling (R2-R11),Total waste,Norway,2020,864.00
ESTAT:ENV_WASTRT(1.0),15.09.22 11:00,Annual,Kilograms per capita,Hazardous and non-hazardous - Total,Recovery - recycling and backfilling (R2-R11),Total waste,Poland,2004,2555.00
ESTAT:ENV_WASTRT(1.0),15.09.22 11:00,Annual,Kilograms per capita,Hazardous and non-hazardous - Total,Recovery - recycling and backfilling (R2-R11),Total waste,Poland,2006,3614.00
ESTAT:ENV_WASTRT(1.0),15.09.22 11:00,Annual,Kilograms per capita,Hazardous and non-hazardous - Total,Recovery - recycling and backfilling (R2-R11),Total waste,Poland,2008,2787.00
ESTAT:ENV_WASTRT(1.0),15.09.22 11:00,Annual,Kilograms per capita,Hazardous and non-hazardous - Total,Recovery - recycling and backfilling (R2-R11),Total waste,Poland,2010,2883.00
ESTAT:ENV_WASTRT(1.0),15.09.22 11:00,Annual,Kilograms per capita,Hazardous and non-hazardous - Total,Recovery - recycling and backfilling (R2-R11),Total waste,Poland,2012,3049.00
ESTAT:ENV_WASTRT(1.0),15.09.22 11:00,Annual,Kilograms per capita,Hazardous and non-hazardous - Total,Recovery - recycling and backfilling (R2-R11),Total waste,Poland,2014,3453.00
ESTAT:ENV_WASTRT(1.0),15.09.22 11:00,Annual,Kilograms per capita,Hazardous and non-hazardous - Total,Recovery - recycling and backfilling (R2-R11),Total waste,Poland,2016,2933.00
ESTAT:ENV_WASTRT(1.0),15.09.22 11:00,Annual,Kilograms per capita,Hazardous and non-hazardous - Total,Recovery - recycling and backfilling (R2-R11),Total waste,Poland,2018,2964.00
ESTAT:ENV_WASTRT(1.0),15.09.22 11:00,Annual,Kilograms per capita,Hazardous and non-hazardous - Total,Recovery - recycling and backfilling (R2-R11),Total waste,Poland,2020,3842.00
ESTAT:ENV_WASTRT(1.0),15.09.22 11:00,Annual,Kilograms per capita,Hazardous and non-hazardous - Total,Recovery - recycling and backfilling (R2-R11),Total waste,Portugal,2004,967.00
ESTAT:ENV_WASTRT(1.0),15.09.22 11:00,Annual,Kilograms per capita,Hazardous and non-hazardous - Total,Recovery - recycling and backfilling (R2-R11),Total waste,Portugal,2006,793.00
ESTAT:ENV_WASTRT(1.0),15.09.22 11:00,Annual,Kilograms per capita,Hazardous and non-hazardous - Total,Recovery - recycling and backfilling (R2-R11),Total waste,Portugal,2008,434.00
ESTAT:ENV_WASTRT(1.0),15.09.22 11:00,Annual,Kilograms per capita,Hazardous and non-hazardous - Total,Recovery - recycling and backfilling (R2-R11),Total waste,Portugal,2010,389.00
ESTAT:ENV_WASTRT(1.0),15.09.22 11:00,Annual,Kilograms per capita,Hazardous and non-hazardous - Total,Recovery - recycling and backfilling (R2-R11),Total waste,Portugal,2012,447.00
ESTAT:ENV_WASTRT(1.0),15.09.22 11:00,Annual,Kilograms per capita,Hazardous and non-hazardous - Total,Recovery - recycling and backfilling (R2-R11),Total waste,Portugal,2014,549.00
ESTAT:ENV_WASTRT(1.0),15.09.22 11:00,Annual,Kilograms per capita,Hazardous and non-hazardous - Total,Recovery - recycling and backfilling (R2-R11),Total waste,Portugal,2016,496.00
ESTAT:ENV_WASTRT(1.0),15.09.22 11:00,Annual,Kilograms per capita,Hazardous and non-hazardous - Total,Recovery - recycling and backfilling (R2-R11),Total waste,Portugal,2018,547.00
ESTAT:ENV_WASTRT(1.0),15.09.22 11:00,Annual,Kilograms per capita,Hazardous and non-hazardous - Total,Recovery - recycling and backfilling (R2-R11),Total waste,Portugal,2020,571.00
ESTAT:ENV_WASTRT(1.0),15.09.22 11:00,Annual,Kilograms per capita,Hazardous and non-hazardous - Total,Recovery - recycling and backfilling (R2-R11),Total waste,Romania,2004,305.00
ESTAT:ENV_WASTRT(1.0),15.09.22 11:00,Annual,Kilograms per capita,Hazardous and non-hazardous - Total,Recovery - recycling and backfilling (R2-R11),Total waste,Romania,2006,220.00
ESTAT:ENV_WASTRT(1.0),15.09.22 11:00,Annual,Kilograms per capita,Hazardous and non-hazardous - Total,Recovery - recycling and backfilling (R2-R11),Total waste,Romania,2008,398.00
ESTAT:ENV_WASTRT(1.0),15.09.22 11:00,Annual,Kilograms per capita,Hazardous and non-hazardous - Total,Recovery - recycling and backfilling (R2-R11),Total waste,Romania,2010,371.00
ESTAT:ENV_WASTRT(1.0),15.09.22 11:00,Annual,Kilograms per capita,Hazardous and non-hazardous - Total,Recovery - recycling and backfilling (R2-R11),Total waste,Romania,2012,434.00
ESTAT:ENV_WASTRT(1.0),15.09.22 11:00,Annual,Kilograms per capita,Hazardous and non-hazardous - Total,Recovery - recycling and backfilling (R2-R11),Total waste,Romania,2014,381.00
ESTAT:ENV_WASTRT(1.0),15.09.22 11:00,Annual,Kilograms per capita,Hazardous and non-hazardous - Total,Recovery - recycling and backfilling (R2-R11),Total waste,Romania,2016,398.00
ESTAT:ENV_WASTRT(1.0),15.09.22 11:00,Annual,Kilograms per capita,Hazardous and non-hazardous - Total,Recovery - recycling and backfilling (R2-R11),Total waste,Romania,2018,356.00
ESTAT:ENV_WASTRT(1.0),15.09.22 11:00,Annual,Kilograms per capita,Hazardous and non-hazardous - Total,Recovery - recycling and backfilling (R2-R11),Total waste,Romania,2020,434.00
ESTAT:ENV_WASTRT(1.0),15.09.22 11:00,Annual,Kilograms per capita,Hazardous and non-hazardous - Total,Recovery - recycling and backfilling (R2-R11),Total waste,Serbia,2010,78.00
ESTAT:ENV_WASTRT(1.0),15.09.22 11:00,Annual,Kilograms per capita,Hazardous and non-hazardous - Total,Recovery - recycling and backfilling (R2-R11),Total waste,Serbia,2012,110.00
ESTAT:ENV_WASTRT(1.0),15.09.22 11:00,Annual,Kilograms per capita,Hazardous and non-hazardous - Total,Recovery - recycling and backfilling (R2-R11),Total waste,Serbia,2014,180.00
ESTAT:ENV_WASTRT(1.0),15.09.22 11:00,Annual,Kilograms per capita,Hazardous and non-hazardous - Total,Recovery - recycling and backfilling (R2-R11),Total waste,Serbia,2016,244.00
ESTAT:ENV_WASTRT(1.0),15.09.22 11:00,Annual,Kilograms per capita,Hazardous and non-hazardous - Total,Recovery - recycling and backfilling (R2-R11),Total waste,Serbia,2018,291.00
ESTAT:ENV_WASTRT(1.0),15.09.22 11:00,Annual,Kilograms per capita,Hazardous and non-hazardous - Total,Recovery - recycling and backfilling (R2-R11),Total waste,Serbia,2020,350.00
ESTAT:ENV_WASTRT(1.0),15.09.22 11:00,Annual,Kilograms per capita,Hazardous and non-hazardous - Total,Recovery - recycling and backfilling (R2-R11),Total waste,Sweden,2004,1453.00
ESTAT:ENV_WASTRT(1.0),15.09.22 11:00,Annual,Kilograms per capita,Hazardous and non-hazardous - Total,Recovery - recycling and backfilling (R2-R11),Total waste,Sweden,2006,1674.00
ESTAT:ENV_WASTRT(1.0),15.09.22 11:00,Annual,Kilograms per capita,Hazardous and non-hazardous - Total,Recovery - recycling and backfilling (R2-R11),Total waste,Sweden,2008,1065.00
ESTAT:ENV_WASTRT(1.0),15.09.22 11:00,Annual,Kilograms per capita,Hazardous and non-hazardous - Total,Recovery - recycling and backfilling (R2-R11),Total waste,Sweden,2010,1769.00
ESTAT:ENV_WASTRT(1.0),15.09.22 11:00,Annual,Kilograms per capita,Hazardous and non-hazardous - Total,Recovery - recycling and backfilling (R2-R11),Total waste,Sweden,2012,2049.00
ESTAT:ENV_WASTRT(1.0),15.09.22 11:00,Annual,Kilograms per capita,Hazardous and non-hazardous - Total,Recovery - recycling and backfilling (R2-R11),Total waste,Sweden,2014,1827.00
ESTAT:ENV_WASTRT(1.0),15.09.22 11:00,Annual,Kilograms per capita,Hazardous and non-hazardous - Total,Recovery - recycling and backfilling (R2-R11),Total waste,Sweden,2016,2337.00
ESTAT:ENV_WASTRT(1.0),15.09.22 11:00,Annual,Kilograms per capita,Hazardous and non-hazardous - Total,Recovery - recycling and backfilling (R2-R11),Total waste,Sweden,2018,2047.00
ESTAT:ENV_WASTRT(1.0),15.09.22 11:00,Annual,Kilograms per capita,Hazardous and non-hazardous - Total,Recovery - recycling and backfilling (R2-R11),Total waste,Sweden,2020,2042.00
ESTAT:ENV_WASTRT(1.0),15.09.22 11:00,Annual,Kilograms per capita,Hazardous and non-hazardous - Total,Recovery - recycling and backfilling (R2-R11),Total waste,Slovenia,2004,1478.00
ESTAT:ENV_WASTRT(1.0),15.09.22 11:00,Annual,Kilograms per capita,Hazardous and non-hazardous - Total,Recovery - recycling and backfilling (R2-R11),Total waste,Slovenia,2006,1004.00
ESTAT:ENV_WASTRT(1.0),15.09.22 11:00,Annual,Kilograms per capita,Hazardous and non-hazardous - Total,Recovery - recycling and backfilling (R2-R11),Total waste,Slovenia,2008,1504.00
ESTAT:ENV_WASTRT(1.0),15.09.22 11:00,Annual,Kilograms per capita,Hazardous and non-hazardous - Total,Recovery - recycling and backfilling (R2-R11),Total waste,Slovenia,2010,1896.00
ESTAT:ENV_WASTRT(1.0),15.09.22 11:00,Annual,Kilograms per capita,Hazardous and non-hazardous - Total,Recovery - recycling and backfilling (R2-R11),Total waste,Slovenia,2012,1977.00
ESTAT:ENV_WASTRT(1.0),15.09.22 11:00,Annual,Kilograms per capita,Hazardous and non-hazardous - Total,Recovery - recycling and backfilling (R2-R11),Total waste,Slovenia,2014,2251.00
ESTAT:ENV_WASTRT(1.0),15.09.22 11:00,Annual,Kilograms per capita,Hazardous and non-hazardous - Total,Recovery - recycling and backfilling (R2-R11),Total waste,Slovenia,2016,2038.00
ESTAT:ENV_WASTRT(1.0),15.09.22 11:00,Annual,Kilograms per capita,Hazardous and non-hazardous - Total,Recovery - recycling and backfilling (R2-R11),Total waste,Slovenia,2018,3741.00
ESTAT:ENV_WASTRT(1.0),15.09.22 11:00,Annual,Kilograms per capita,Hazardous and non-hazardous - Total,Recovery - recycling and backfilling (R2-R11),Total waste,Slovenia,2020,3118.00
ESTAT:ENV_WASTRT(1.0),15.09.22 11:00,Annual,Kilograms per capita,Hazardous and non-hazardous - Total,Recovery - recycling and backfilling (R2-R11),Total waste,Slovakia,2004,1222.00
ESTAT:ENV_WASTRT(1.0),15.09.22 11:00,Annual,Kilograms per capita,Hazardous and non-hazardous - Total,Recovery - recycling and backfilling (R2-R11),Total waste,Slovakia,2006,945.00
ESTAT:ENV_WASTRT(1.0),15.09.22 11:00,Annual,Kilograms per capita,Hazardous and non-hazardous - Total,Recovery - recycling and backfilling (R2-R11),Total waste,Slovakia,2008,720.00
ESTAT:ENV_WASTRT(1.0),15.09.22 11:00,Annual,Kilograms per capita,Hazardous and non-hazardous - Total,Recovery - recycling and backfilling (R2-R11),Total waste,Slovakia,2010,660.00
ESTAT:ENV_WASTRT(1.0),15.09.22 11:00,Annual,Kilograms per capita,Hazardous and non-hazardous - Total,Recovery - recycling and backfilling (R2-R11),Total waste,Slovakia,2012,490.00
ESTAT:ENV_WASTRT(1.0),15.09.22 11:00,Annual,Kilograms per capita,Hazardous and non-hazardous - Total,Recovery - recycling and backfilling (R2-R11),Total waste,Slovakia,2014,536.00
ESTAT:ENV_WASTRT(1.0),15.09.22 11:00,Annual,Kilograms per capita,Hazardous and non-hazardous - Total,Recovery - recycling and backfilling (R2-R11),Total waste,Slovakia,2016,653.00
ESTAT:ENV_WASTRT(1.0),15.09.22 11:00,Annual,Kilograms per capita,Hazardous and non-hazardous - Total,Recovery - recycling and backfilling (R2-R11),Total waste,Slovakia,2018,824.00
ESTAT:ENV_WASTRT(1.0),15.09.22 11:00,Annual,Kilograms per capita,Hazardous and non-hazardous - Total,Recovery - recycling and backfilling (R2-R11),Total waste,Slovakia,2020,1226.00
ESTAT:ENV_WASTRT(1.0),15.09.22 11:00,Annual,Kilograms per capita,Hazardous and non-hazardous - Total,Recovery - recycling and backfilling (R2-R11),Total waste,Turkiye,2004,142.00
ESTAT:ENV_WASTRT(1.0),15.09.22 11:00,Annual,Kilograms per capita,Hazardous and non-hazardous - Total,Recovery - recycling and backfilling (R2-R11),Total waste,Turkiye,2006,21.00
ESTAT:ENV_WASTRT(1.0),15.09.22 11:00,Annual,Kilograms per capita,Hazardous and non-hazardous - Total,Recovery - recycling and backfilling (R2-R11),Total waste,Turkiye,2008,206.00
ESTAT:ENV_WASTRT(1.0),15.09.22 11:00,Annual,Kilograms per capita,Hazardous and non-hazardous - Total,Recovery - recycling and backfilling (R2-R11),Total waste,Turkiye,2012,181.00
ESTAT:ENV_WASTRT(1.0),15.09.22 11:00,Annual,Kilograms per capita,Hazardous and non-hazardous - Total,Recovery - recycling and backfilling (R2-R11),Total waste,Turkiye,2018,
ESTAT:ENV_WASTRT(1.0),15.09.22 11:00,Annual,Kilograms per capita,Hazardous and non-hazardous - Total,Recovery - recycling and backfilling (R2-R11),Total waste,Turkiye,2020,574.00
ESTAT:ENV_WASTRT(1.0),15.09.22 11:00,Annual,Kilograms per capita,Hazardous and non-hazardous - Total,Recovery - recycling and backfilling (R2-R11),Total waste,United Kingdom,2004,1429.00
ESTAT:ENV_WASTRT(1.0),15.09.22 11:00,Annual,Kilograms per capita,Hazardous and non-hazardous - Total,Recovery - recycling and backfilling (R2-R11),Total waste,United Kingdom,2006,1790.00
ESTAT:ENV_WASTRT(1.0),15.09.22 11:00,Annual,Kilograms per capita,Hazardous and non-hazardous - Total,Recovery - recycling and backfilling (R2-R11),Total waste,United Kingdom,2008,2314.00
ESTAT:ENV_WASTRT(1.0),15.09.22 11:00,Annual,Kilograms per capita,Hazardous and non-hazardous - Total,Recovery - recycling and backfilling (R2-R11),Total waste,United Kingdom,2010,1752.00
ESTAT:ENV_WASTRT(1.0),15.09.22 11:00,Annual,Kilograms per capita,Hazardous and non-hazardous - Total,Recovery - recycling and backfilling (R2-R11),Total waste,United Kingdom,2012,1658.00
ESTAT:ENV_WASTRT(1.0),15.09.22 11:00,Annual,Kilograms per capita,Hazardous and non-hazardous - Total,Recovery - recycling and backfilling (R2-R11),Total waste,United Kingdom,2014,1826.00
ESTAT:ENV_WASTRT(1.0),15.09.22 11:00,Annual,Kilograms per capita,Hazardous and non-hazardous - Total,Recovery - recycling and backfilling (R2-R11),Total waste,United Kingdom,2016,1840.00
ESTAT:ENV_WASTRT(1.0),15.09.22 11:00,Annual,Kilograms per capita,Hazardous and non-hazardous - Total,Recovery - recycling and backfilling (R2-R11),Total waste,United Kingdom,2018,1844.00
ESTAT:ENV_WASTRT(1.0),15.09.22 11:00,Annual,Kilograms per capita,Hazardous and non-hazardous - Total,Recovery - recycling and backfilling (R2-R11),Total waste,Kosovo (under United Nations Security Council Resolution 1244/99),2016,0.00