DATAFLOW,LAST UPDATE,freq,indic_env,material,unit,geo,TIME_PERIOD,OBS_VALUE,OBS_FLAG
ESTAT:ENV_AC_SD(1.0),09.12.22 23:00,Annual,Exports of waste for recovery - recycling,Total,Thousand tonnes,Austria,2010,2700,
ESTAT:ENV_AC_SD(1.0),09.12.22 23:00,Annual,Exports of waste for recovery - recycling,Total,Thousand tonnes,Austria,2011,2812,
ESTAT:ENV_AC_SD(1.0),09.12.22 23:00,Annual,Exports of waste for recovery - recycling,Total,Thousand tonnes,Austria,2012,3150,
ESTAT:ENV_AC_SD(1.0),09.12.22 23:00,Annual,Exports of waste for recovery - recycling,Total,Thousand tonnes,Austria,2013,3193,
ESTAT:ENV_AC_SD(1.0),09.12.22 23:00,Annual,Exports of waste for recovery - recycling,Total,Thousand tonnes,Austria,2014,3391,
ESTAT:ENV_AC_SD(1.0),09.12.22 23:00,Annual,Exports of waste for recovery - recycling,Total,Thousand tonnes,Austria,2015,3512,
ESTAT:ENV_AC_SD(1.0),09.12.22 23:00,Annual,Exports of waste for recovery - recycling,Total,Thousand tonnes,Austria,2016,3675,
ESTAT:ENV_AC_SD(1.0),09.12.22 23:00,Annual,Exports of waste for recovery - recycling,Total,Thousand tonnes,Austria,2017,3868,
ESTAT:ENV_AC_SD(1.0),09.12.22 23:00,Annual,Exports of waste for recovery - recycling,Total,Thousand tonnes,Austria,2018,3808,
ESTAT:ENV_AC_SD(1.0),09.12.22 23:00,Annual,Exports of waste for recovery - recycling,Total,Thousand tonnes,Austria,2019,3759,
ESTAT:ENV_AC_SD(1.0),09.12.22 23:00,Annual,Exports of waste for recovery - recycling,Total,Thousand tonnes,Austria,2020,3672,
ESTAT:ENV_AC_SD(1.0),09.12.22 23:00,Annual,Exports of waste for recovery - recycling,Total,Thousand tonnes,Austria,2021,4044,
ESTAT:ENV_AC_SD(1.0),09.12.22 23:00,Annual,Exports of waste for recovery - recycling,Total,Thousand tonnes,Belgium,2010,9986,
ESTAT:ENV_AC_SD(1.0),09.12.22 23:00,Annual,Exports of waste for recovery - recycling,Total,Thousand tonnes,Belgium,2011,10035,
ESTAT:ENV_AC_SD(1.0),09.12.22 23:00,Annual,Exports of waste for recovery - recycling,Total,Thousand tonnes,Belgium,2012,10664,
ESTAT:ENV_AC_SD(1.0),09.12.22 23:00,Annual,Exports of waste for recovery - recycling,Total,Thousand tonnes,Belgium,2013,9708,
ESTAT:ENV_AC_SD(1.0),09.12.22 23:00,Annual,Exports of waste for recovery - recycling,Total,Thousand tonnes,Belgium,2014,11175,
ESTAT:ENV_AC_SD(1.0),09.12.22 23:00,Annual,Exports of waste for recovery - recycling,Total,Thousand tonnes,Belgium,2015,10086,
ESTAT:ENV_AC_SD(1.0),09.12.22 23:00,Annual,Exports of waste for recovery - recycling,Total,Thousand tonnes,Belgium,2016,10501,
ESTAT:ENV_AC_SD(1.0),09.12.22 23:00,Annual,Exports of waste for recovery - recycling,Total,Thousand tonnes,Belgium,2017,10965,
ESTAT:ENV_AC_SD(1.0),09.12.22 23:00,Annual,Exports of waste for recovery - recycling,Total,Thousand tonnes,Belgium,2018,11124,
ESTAT:ENV_AC_SD(1.0),09.12.22 23:00,Annual,Exports of waste for recovery - recycling,Total,Thousand tonnes,Belgium,2019,11258,
ESTAT:ENV_AC_SD(1.0),09.12.22 23:00,Annual,Exports of waste for recovery - recycling,Total,Thousand tonnes,Belgium,2020,11850,
ESTAT:ENV_AC_SD(1.0),09.12.22 23:00,Annual,Exports of waste for recovery - recycling,Total,Thousand tonnes,Belgium,2021,11588,
ESTAT:ENV_AC_SD(1.0),09.12.22 23:00,Annual,Exports of waste for recovery - recycling,Total,Thousand tonnes,Bulgaria,2010,1260,
ESTAT:ENV_AC_SD(1.0),09.12.22 23:00,Annual,Exports of waste for recovery - recycling,Total,Thousand tonnes,Bulgaria,2011,1198,
ESTAT:ENV_AC_SD(1.0),09.12.22 23:00,Annual,Exports of waste for recovery - recycling,Total,Thousand tonnes,Bulgaria,2012,1198,
ESTAT:ENV_AC_SD(1.0),09.12.22 23:00,Annual,Exports of waste for recovery - recycling,Total,Thousand tonnes,Bulgaria,2013,1119,
ESTAT:ENV_AC_SD(1.0),09.12.22 23:00,Annual,Exports of waste for recovery - recycling,Total,Thousand tonnes,Bulgaria,2014,979,
ESTAT:ENV_AC_SD(1.0),09.12.22 23:00,Annual,Exports of waste for recovery - recycling,Total,Thousand tonnes,Bulgaria,2015,870,
ESTAT:ENV_AC_SD(1.0),09.12.22 23:00,Annual,Exports of waste for recovery - recycling,Total,Thousand tonnes,Bulgaria,2016,881,
ESTAT:ENV_AC_SD(1.0),09.12.22 23:00,Annual,Exports of waste for recovery - recycling,Total,Thousand tonnes,Bulgaria,2017,1215,
ESTAT:ENV_AC_SD(1.0),09.12.22 23:00,Annual,Exports of waste for recovery - recycling,Total,Thousand tonnes,Bulgaria,2018,1298,
ESTAT:ENV_AC_SD(1.0),09.12.22 23:00,Annual,Exports of waste for recovery - recycling,Total,Thousand tonnes,Bulgaria,2019,1380,
ESTAT:ENV_AC_SD(1.0),09.12.22 23:00,Annual,Exports of waste for recovery - recycling,Total,Thousand tonnes,Bulgaria,2020,1413,
ESTAT:ENV_AC_SD(1.0),09.12.22 23:00,Annual,Exports of waste for recovery - recycling,Total,Thousand tonnes,Bulgaria,2021,1691,
ESTAT:ENV_AC_SD(1.0),09.12.22 23:00,Annual,Exports of waste for recovery - recycling,Total,Thousand tonnes,Cyprus,2010,161,
ESTAT:ENV_AC_SD(1.0),09.12.22 23:00,Annual,Exports of waste for recovery - recycling,Total,Thousand tonnes,Cyprus,2011,208,
ESTAT:ENV_AC_SD(1.0),09.12.22 23:00,Annual,Exports of waste for recovery - recycling,Total,Thousand tonnes,Cyprus,2012,205,
ESTAT:ENV_AC_SD(1.0),09.12.22 23:00,Annual,Exports of waste for recovery - recycling,Total,Thousand tonnes,Cyprus,2013,169,
ESTAT:ENV_AC_SD(1.0),09.12.22 23:00,Annual,Exports of waste for recovery - recycling,Total,Thousand tonnes,Cyprus,2014,143,
ESTAT:ENV_AC_SD(1.0),09.12.22 23:00,Annual,Exports of waste for recovery - recycling,Total,Thousand tonnes,Cyprus,2015,130,
ESTAT:ENV_AC_SD(1.0),09.12.22 23:00,Annual,Exports of waste for recovery - recycling,Total,Thousand tonnes,Cyprus,2016,132,
ESTAT:ENV_AC_SD(1.0),09.12.22 23:00,Annual,Exports of waste for recovery - recycling,Total,Thousand tonnes,Cyprus,2017,142,
ESTAT:ENV_AC_SD(1.0),09.12.22 23:00,Annual,Exports of waste for recovery - recycling,Total,Thousand tonnes,Cyprus,2018,148,
ESTAT:ENV_AC_SD(1.0),09.12.22 23:00,Annual,Exports of waste for recovery - recycling,Total,Thousand tonnes,Cyprus,2019,159,
ESTAT:ENV_AC_SD(1.0),09.12.22 23:00,Annual,Exports of waste for recovery - recycling,Total,Thousand tonnes,Cyprus,2020,157,
ESTAT:ENV_AC_SD(1.0),09.12.22 23:00,Annual,Exports of waste for recovery - recycling,Total,Thousand tonnes,Cyprus,2021,177,
ESTAT:ENV_AC_SD(1.0),09.12.22 23:00,Annual,Exports of waste for recovery - recycling,Total,Thousand tonnes,Czechia,2010,3617,
ESTAT:ENV_AC_SD(1.0),09.12.22 23:00,Annual,Exports of waste for recovery - recycling,Total,Thousand tonnes,Czechia,2011,4064,
ESTAT:ENV_AC_SD(1.0),09.12.22 23:00,Annual,Exports of waste for recovery - recycling,Total,Thousand tonnes,Czechia,2012,4271,
ESTAT:ENV_AC_SD(1.0),09.12.22 23:00,Annual,Exports of waste for recovery - recycling,Total,Thousand tonnes,Czechia,2013,4187,
ESTAT:ENV_AC_SD(1.0),09.12.22 23:00,Annual,Exports of waste for recovery - recycling,Total,Thousand tonnes,Czechia,2014,4487,
ESTAT:ENV_AC_SD(1.0),09.12.22 23:00,Annual,Exports of waste for recovery - recycling,Total,Thousand tonnes,Czechia,2015,4317,
ESTAT:ENV_AC_SD(1.0),09.12.22 23:00,Annual,Exports of waste for recovery - recycling,Total,Thousand tonnes,Czechia,2016,4426,
ESTAT:ENV_AC_SD(1.0),09.12.22 23:00,Annual,Exports of waste for recovery - recycling,Total,Thousand tonnes,Czechia,2017,4927,
ESTAT:ENV_AC_SD(1.0),09.12.22 23:00,Annual,Exports of waste for recovery - recycling,Total,Thousand tonnes,Czechia,2018,5182,
ESTAT:ENV_AC_SD(1.0),09.12.22 23:00,Annual,Exports of waste for recovery - recycling,Total,Thousand tonnes,Czechia,2019,5161,
ESTAT:ENV_AC_SD(1.0),09.12.22 23:00,Annual,Exports of waste for recovery - recycling,Total,Thousand tonnes,Czechia,2020,5335,
ESTAT:ENV_AC_SD(1.0),09.12.22 23:00,Annual,Exports of waste for recovery - recycling,Total,Thousand tonnes,Czechia,2021,5568,
ESTAT:ENV_AC_SD(1.0),09.12.22 23:00,Annual,Exports of waste for recovery - recycling,Total,Thousand tonnes,Germany,2010,25588,
ESTAT:ENV_AC_SD(1.0),09.12.22 23:00,Annual,Exports of waste for recovery - recycling,Total,Thousand tonnes,Germany,2011,26472,
ESTAT:ENV_AC_SD(1.0),09.12.22 23:00,Annual,Exports of waste for recovery - recycling,Total,Thousand tonnes,Germany,2012,25985,
ESTAT:ENV_AC_SD(1.0),09.12.22 23:00,Annual,Exports of waste for recovery - recycling,Total,Thousand tonnes,Germany,2013,25293,
ESTAT:ENV_AC_SD(1.0),09.12.22 23:00,Annual,Exports of waste for recovery - recycling,Total,Thousand tonnes,Germany,2014,26322,
ESTAT:ENV_AC_SD(1.0),09.12.22 23:00,Annual,Exports of waste for recovery - recycling,Total,Thousand tonnes,Germany,2015,25626,
ESTAT:ENV_AC_SD(1.0),09.12.22 23:00,Annual,Exports of waste for recovery - recycling,Total,Thousand tonnes,Germany,2016,26330,
ESTAT:ENV_AC_SD(1.0),09.12.22 23:00,Annual,Exports of waste for recovery - recycling,Total,Thousand tonnes,Germany,2017,26580,
ESTAT:ENV_AC_SD(1.0),09.12.22 23:00,Annual,Exports of waste for recovery - recycling,Total,Thousand tonnes,Germany,2018,25627,
ESTAT:ENV_AC_SD(1.0),09.12.22 23:00,Annual,Exports of waste for recovery - recycling,Total,Thousand tonnes,Germany,2019,24962,
ESTAT:ENV_AC_SD(1.0),09.12.22 23:00,Annual,Exports of waste for recovery - recycling,Total,Thousand tonnes,Germany,2020,24464,
ESTAT:ENV_AC_SD(1.0),09.12.22 23:00,Annual,Exports of waste for recovery - recycling,Total,Thousand tonnes,Germany,2021,25797,
ESTAT:ENV_AC_SD(1.0),09.12.22 23:00,Annual,Exports of waste for recovery - recycling,Total,Thousand tonnes,Denmark,2010,3735,
ESTAT:ENV_AC_SD(1.0),09.12.22 23:00,Annual,Exports of waste for recovery - recycling,Total,Thousand tonnes,Denmark,2011,3701,
ESTAT:ENV_AC_SD(1.0),09.12.22 23:00,Annual,Exports of waste for recovery - recycling,Total,Thousand tonnes,Denmark,2012,2851,
ESTAT:ENV_AC_SD(1.0),09.12.22 23:00,Annual,Exports of waste for recovery - recycling,Total,Thousand tonnes,Denmark,2013,2783,
ESTAT:ENV_AC_SD(1.0),09.12.22 23:00,Annual,Exports of waste for recovery - recycling,Total,Thousand tonnes,Denmark,2014,3206,
ESTAT:ENV_AC_SD(1.0),09.12.22 23:00,Annual,Exports of waste for recovery - recycling,Total,Thousand tonnes,Denmark,2015,2778,
ESTAT:ENV_AC_SD(1.0),09.12.22 23:00,Annual,Exports of waste for recovery - recycling,Total,Thousand tonnes,Denmark,2016,2979,
ESTAT:ENV_AC_SD(1.0),09.12.22 23:00,Annual,Exports of waste for recovery - recycling,Total,Thousand tonnes,Denmark,2017,3161,
ESTAT:ENV_AC_SD(1.0),09.12.22 23:00,Annual,Exports of waste for recovery - recycling,Total,Thousand tonnes,Denmark,2018,3127,
ESTAT:ENV_AC_SD(1.0),09.12.22 23:00,Annual,Exports of waste for recovery - recycling,Total,Thousand tonnes,Denmark,2019,2895,
ESTAT:ENV_AC_SD(1.0),09.12.22 23:00,Annual,Exports of waste for recovery - recycling,Total,Thousand tonnes,Denmark,2020,2887,
ESTAT:ENV_AC_SD(1.0),09.12.22 23:00,Annual,Exports of waste for recovery - recycling,Total,Thousand tonnes,Denmark,2021,3438,
ESTAT:ENV_AC_SD(1.0),09.12.22 23:00,Annual,Exports of waste for recovery - recycling,Total,Thousand tonnes,Estonia,2010,722,
ESTAT:ENV_AC_SD(1.0),09.12.22 23:00,Annual,Exports of waste for recovery - recycling,Total,Thousand tonnes,Estonia,2011,766,
ESTAT:ENV_AC_SD(1.0),09.12.22 23:00,Annual,Exports of waste for recovery - recycling,Total,Thousand tonnes,Estonia,2012,834,
ESTAT:ENV_AC_SD(1.0),09.12.22 23:00,Annual,Exports of waste for recovery - recycling,Total,Thousand tonnes,Estonia,2013,724,
ESTAT:ENV_AC_SD(1.0),09.12.22 23:00,Annual,Exports of waste for recovery - recycling,Total,Thousand tonnes,Estonia,2014,641,
ESTAT:ENV_AC_SD(1.0),09.12.22 23:00,Annual,Exports of waste for recovery - recycling,Total,Thousand tonnes,Estonia,2015,502,
ESTAT:ENV_AC_SD(1.0),09.12.22 23:00,Annual,Exports of waste for recovery - recycling,Total,Thousand tonnes,Estonia,2016,569,
ESTAT:ENV_AC_SD(1.0),09.12.22 23:00,Annual,Exports of waste for recovery - recycling,Total,Thousand tonnes,Estonia,2017,735,
ESTAT:ENV_AC_SD(1.0),09.12.22 23:00,Annual,Exports of waste for recovery - recycling,Total,Thousand tonnes,Estonia,2018,716,
ESTAT:ENV_AC_SD(1.0),09.12.22 23:00,Annual,Exports of waste for recovery - recycling,Total,Thousand tonnes,Estonia,2019,625,
ESTAT:ENV_AC_SD(1.0),09.12.22 23:00,Annual,Exports of waste for recovery - recycling,Total,Thousand tonnes,Estonia,2020,627,
ESTAT:ENV_AC_SD(1.0),09.12.22 23:00,Annual,Exports of waste for recovery - recycling,Total,Thousand tonnes,Estonia,2021,783,
ESTAT:ENV_AC_SD(1.0),09.12.22 23:00,Annual,Exports of waste for recovery - recycling,Total,Thousand tonnes,Greece,2010,804,
ESTAT:ENV_AC_SD(1.0),09.12.22 23:00,Annual,Exports of waste for recovery - recycling,Total,Thousand tonnes,Greece,2011,737,
ESTAT:ENV_AC_SD(1.0),09.12.22 23:00,Annual,Exports of waste for recovery - recycling,Total,Thousand tonnes,Greece,2012,918,
ESTAT:ENV_AC_SD(1.0),09.12.22 23:00,Annual,Exports of waste for recovery - recycling,Total,Thousand tonnes,Greece,2013,804,
ESTAT:ENV_AC_SD(1.0),09.12.22 23:00,Annual,Exports of waste for recovery - recycling,Total,Thousand tonnes,Greece,2014,857,
ESTAT:ENV_AC_SD(1.0),09.12.22 23:00,Annual,Exports of waste for recovery - recycling,Total,Thousand tonnes,Greece,2015,834,
ESTAT:ENV_AC_SD(1.0),09.12.22 23:00,Annual,Exports of waste for recovery - recycling,Total,Thousand tonnes,Greece,2016,928,
ESTAT:ENV_AC_SD(1.0),09.12.22 23:00,Annual,Exports of waste for recovery - recycling,Total,Thousand tonnes,Greece,2017,1100,
ESTAT:ENV_AC_SD(1.0),09.12.22 23:00,Annual,Exports of waste for recovery - recycling,Total,Thousand tonnes,Greece,2018,1196,
ESTAT:ENV_AC_SD(1.0),09.12.22 23:00,Annual,Exports of waste for recovery - recycling,Total,Thousand tonnes,Greece,2019,1031,
ESTAT:ENV_AC_SD(1.0),09.12.22 23:00,Annual,Exports of waste for recovery - recycling,Total,Thousand tonnes,Greece,2020,1137,
ESTAT:ENV_AC_SD(1.0),09.12.22 23:00,Annual,Exports of waste for recovery - recycling,Total,Thousand tonnes,Greece,2021,1339,
ESTAT:ENV_AC_SD(1.0),09.12.22 23:00,Annual,Exports of waste for recovery - recycling,Total,Thousand tonnes,Spain,2010,2714,
ESTAT:ENV_AC_SD(1.0),09.12.22 23:00,Annual,Exports of waste for recovery - recycling,Total,Thousand tonnes,Spain,2011,3097,
ESTAT:ENV_AC_SD(1.0),09.12.22 23:00,Annual,Exports of waste for recovery - recycling,Total,Thousand tonnes,Spain,2012,4442,
ESTAT:ENV_AC_SD(1.0),09.12.22 23:00,Annual,Exports of waste for recovery - recycling,Total,Thousand tonnes,Spain,2013,4492,
ESTAT:ENV_AC_SD(1.0),09.12.22 23:00,Annual,Exports of waste for recovery - recycling,Total,Thousand tonnes,Spain,2014,4880,
ESTAT:ENV_AC_SD(1.0),09.12.22 23:00,Annual,Exports of waste for recovery - recycling,Total,Thousand tonnes,Spain,2015,4643,
ESTAT:ENV_AC_SD(1.0),09.12.22 23:00,Annual,Exports of waste for recovery - recycling,Total,Thousand tonnes,Spain,2016,4984,
ESTAT:ENV_AC_SD(1.0),09.12.22 23:00,Annual,Exports of waste for recovery - recycling,Total,Thousand tonnes,Spain,2017,4878,
ESTAT:ENV_AC_SD(1.0),09.12.22 23:00,Annual,Exports of waste for recovery - recycling,Total,Thousand tonnes,Spain,2018,4969,
ESTAT:ENV_AC_SD(1.0),09.12.22 23:00,Annual,Exports of waste for recovery - recycling,Total,Thousand tonnes,Spain,2019,4598,
ESTAT:ENV_AC_SD(1.0),09.12.22 23:00,Annual,Exports of waste for recovery - recycling,Total,Thousand tonnes,Spain,2020,4225,
ESTAT:ENV_AC_SD(1.0),09.12.22 23:00,Annual,Exports of waste for recovery - recycling,Total,Thousand tonnes,Spain,2021,4997,
ESTAT:ENV_AC_SD(1.0),09.12.22 23:00,Annual,Exports of waste for recovery - recycling,Total,Thousand tonnes,European Union,2010,33401,
ESTAT:ENV_AC_SD(1.0),09.12.22 23:00,Annual,Exports of waste for recovery - recycling,Total,Thousand tonnes,European Union,2011,34842,
ESTAT:ENV_AC_SD(1.0),09.12.22 23:00,Annual,Exports of waste for recovery - recycling,Total,Thousand tonnes,European Union,2012,36591,
ESTAT:ENV_AC_SD(1.0),09.12.22 23:00,Annual,Exports of waste for recovery - recycling,Total,Thousand tonnes,European Union,2013,32856,
ESTAT:ENV_AC_SD(1.0),09.12.22 23:00,Annual,Exports of waste for recovery - recycling,Total,Thousand tonnes,European Union,2014,33887,
ESTAT:ENV_AC_SD(1.0),09.12.22 23:00,Annual,Exports of waste for recovery - recycling,Total,Thousand tonnes,European Union,2015,30635,
ESTAT:ENV_AC_SD(1.0),09.12.22 23:00,Annual,Exports of waste for recovery - recycling,Total,Thousand tonnes,European Union,2016,34980,
ESTAT:ENV_AC_SD(1.0),09.12.22 23:00,Annual,Exports of waste for recovery - recycling,Total,Thousand tonnes,European Union,2017,36555,
ESTAT:ENV_AC_SD(1.0),09.12.22 23:00,Annual,Exports of waste for recovery - recycling,Total,Thousand tonnes,European Union,2018,36943,
ESTAT:ENV_AC_SD(1.0),09.12.22 23:00,Annual,Exports of waste for recovery - recycling,Total,Thousand tonnes,European Union,2019,35625,
ESTAT:ENV_AC_SD(1.0),09.12.22 23:00,Annual,Exports of waste for recovery - recycling,Total,Thousand tonnes,European Union,2020,36740,
ESTAT:ENV_AC_SD(1.0),09.12.22 23:00,Annual,Exports of waste for recovery - recycling,Total,Thousand tonnes,European Union,2021,37616,
ESTAT:ENV_AC_SD(1.0),09.12.22 23:00,Annual,Exports of waste for recovery - recycling,Total,Thousand tonnes,Finland,2010,685,
ESTAT:ENV_AC_SD(1.0),09.12.22 23:00,Annual,Exports of waste for recovery - recycling,Total,Thousand tonnes,Finland,2011,803,
ESTAT:ENV_AC_SD(1.0),09.12.22 23:00,Annual,Exports of waste for recovery - recycling,Total,Thousand tonnes,Finland,2012,843,
ESTAT:ENV_AC_SD(1.0),09.12.22 23:00,Annual,Exports of waste for recovery - recycling,Total,Thousand tonnes,Finland,2013,913,
ESTAT:ENV_AC_SD(1.0),09.12.22 23:00,Annual,Exports of waste for recovery - recycling,Total,Thousand tonnes,Finland,2014,895,
ESTAT:ENV_AC_SD(1.0),09.12.22 23:00,Annual,Exports of waste for recovery - recycling,Total,Thousand tonnes,Finland,2015,764,
ESTAT:ENV_AC_SD(1.0),09.12.22 23:00,Annual,Exports of waste for recovery - recycling,Total,Thousand tonnes,Finland,2016,736,
ESTAT:ENV_AC_SD(1.0),09.12.22 23:00,Annual,Exports of waste for recovery - recycling,Total,Thousand tonnes,Finland,2017,824,
ESTAT:ENV_AC_SD(1.0),09.12.22 23:00,Annual,Exports of waste for recovery - recycling,Total,Thousand tonnes,Finland,2018,913,
ESTAT:ENV_AC_SD(1.0),09.12.22 23:00,Annual,Exports of waste for recovery - recycling,Total,Thousand tonnes,Finland,2019,1005,
ESTAT:ENV_AC_SD(1.0),09.12.22 23:00,Annual,Exports of waste for recovery - recycling,Total,Thousand tonnes,Finland,2020,1184,
ESTAT:ENV_AC_SD(1.0),09.12.22 23:00,Annual,Exports of waste for recovery - recycling,Total,Thousand tonnes,Finland,2021,1316,
ESTAT:ENV_AC_SD(1.0),09.12.22 23:00,Annual,Exports of waste for recovery - recycling,Total,Thousand tonnes,France,2010,14998,
ESTAT:ENV_AC_SD(1.0),09.12.22 23:00,Annual,Exports of waste for recovery - recycling,Total,Thousand tonnes,France,2011,16376,
ESTAT:ENV_AC_SD(1.0),09.12.22 23:00,Annual,Exports of waste for recovery - recycling,Total,Thousand tonnes,France,2012,16114,
ESTAT:ENV_AC_SD(1.0),09.12.22 23:00,Annual,Exports of waste for recovery - recycling,Total,Thousand tonnes,France,2013,16100,
ESTAT:ENV_AC_SD(1.0),09.12.22 23:00,Annual,Exports of waste for recovery - recycling,Total,Thousand tonnes,France,2014,16659,
ESTAT:ENV_AC_SD(1.0),09.12.22 23:00,Annual,Exports of waste for recovery - recycling,Total,Thousand tonnes,France,2015,15224,
ESTAT:ENV_AC_SD(1.0),09.12.22 23:00,Annual,Exports of waste for recovery - recycling,Total,Thousand tonnes,France,2016,15347,
ESTAT:ENV_AC_SD(1.0),09.12.22 23:00,Annual,Exports of waste for recovery - recycling,Total,Thousand tonnes,France,2017,15332,
ESTAT:ENV_AC_SD(1.0),09.12.22 23:00,Annual,Exports of waste for recovery - recycling,Total,Thousand tonnes,France,2018,15270,
ESTAT:ENV_AC_SD(1.0),09.12.22 23:00,Annual,Exports of waste for recovery - recycling,Total,Thousand tonnes,France,2019,14829,
ESTAT:ENV_AC_SD(1.0),09.12.22 23:00,Annual,Exports of waste for recovery - recycling,Total,Thousand tonnes,France,2020,13870,
ESTAT:ENV_AC_SD(1.0),09.12.22 23:00,Annual,Exports of waste for recovery - recycling,Total,Thousand tonnes,France,2021,15149,
ESTAT:ENV_AC_SD(1.0),09.12.22 23:00,Annual,Exports of waste for recovery - recycling,Total,Thousand tonnes,Croatia,2010,595,
ESTAT:ENV_AC_SD(1.0),09.12.22 23:00,Annual,Exports of waste for recovery - recycling,Total,Thousand tonnes,Croatia,2011,733,
ESTAT:ENV_AC_SD(1.0),09.12.22 23:00,Annual,Exports of waste for recovery - recycling,Total,Thousand tonnes,Croatia,2012,758,
ESTAT:ENV_AC_SD(1.0),09.12.22 23:00,Annual,Exports of waste for recovery - recycling,Total,Thousand tonnes,Croatia,2013,704,
ESTAT:ENV_AC_SD(1.0),09.12.22 23:00,Annual,Exports of waste for recovery - recycling,Total,Thousand tonnes,Croatia,2014,822,
ESTAT:ENV_AC_SD(1.0),09.12.22 23:00,Annual,Exports of waste for recovery - recycling,Total,Thousand tonnes,Croatia,2015,752,
ESTAT:ENV_AC_SD(1.0),09.12.22 23:00,Annual,Exports of waste for recovery - recycling,Total,Thousand tonnes,Croatia,2016,794,
ESTAT:ENV_AC_SD(1.0),09.12.22 23:00,Annual,Exports of waste for recovery - recycling,Total,Thousand tonnes,Croatia,2017,867,
ESTAT:ENV_AC_SD(1.0),09.12.22 23:00,Annual,Exports of waste for recovery - recycling,Total,Thousand tonnes,Croatia,2018,862,
ESTAT:ENV_AC_SD(1.0),09.12.22 23:00,Annual,Exports of waste for recovery - recycling,Total,Thousand tonnes,Croatia,2019,949,
ESTAT:ENV_AC_SD(1.0),09.12.22 23:00,Annual,Exports of waste for recovery - recycling,Total,Thousand tonnes,Croatia,2020,1052,
ESTAT:ENV_AC_SD(1.0),09.12.22 23:00,Annual,Exports of waste for recovery - recycling,Total,Thousand tonnes,Croatia,2021,1111,
ESTAT:ENV_AC_SD(1.0),09.12.22 23:00,Annual,Exports of waste for recovery - recycling,Total,Thousand tonnes,Hungary,2010,1730,
ESTAT:ENV_AC_SD(1.0),09.12.22 23:00,Annual,Exports of waste for recovery - recycling,Total,Thousand tonnes,Hungary,2011,2043,
ESTAT:ENV_AC_SD(1.0),09.12.22 23:00,Annual,Exports of waste for recovery - recycling,Total,Thousand tonnes,Hungary,2012,2203,
ESTAT:ENV_AC_SD(1.0),09.12.22 23:00,Annual,Exports of waste for recovery - recycling,Total,Thousand tonnes,Hungary,2013,2293,
ESTAT:ENV_AC_SD(1.0),09.12.22 23:00,Annual,Exports of waste for recovery - recycling,Total,Thousand tonnes,Hungary,2014,2287,
ESTAT:ENV_AC_SD(1.0),09.12.22 23:00,Annual,Exports of waste for recovery - recycling,Total,Thousand tonnes,Hungary,2015,2197,
ESTAT:ENV_AC_SD(1.0),09.12.22 23:00,Annual,Exports of waste for recovery - recycling,Total,Thousand tonnes,Hungary,2016,2309,
ESTAT:ENV_AC_SD(1.0),09.12.22 23:00,Annual,Exports of waste for recovery - recycling,Total,Thousand tonnes,Hungary,2017,2551,
ESTAT:ENV_AC_SD(1.0),09.12.22 23:00,Annual,Exports of waste for recovery - recycling,Total,Thousand tonnes,Hungary,2018,2551,
ESTAT:ENV_AC_SD(1.0),09.12.22 23:00,Annual,Exports of waste for recovery - recycling,Total,Thousand tonnes,Hungary,2019,2529,
ESTAT:ENV_AC_SD(1.0),09.12.22 23:00,Annual,Exports of waste for recovery - recycling,Total,Thousand tonnes,Hungary,2020,2406,
ESTAT:ENV_AC_SD(1.0),09.12.22 23:00,Annual,Exports of waste for recovery - recycling,Total,Thousand tonnes,Hungary,2021,2880,
ESTAT:ENV_AC_SD(1.0),09.12.22 23:00,Annual,Exports of waste for recovery - recycling,Total,Thousand tonnes,Ireland,2010,1194,
ESTAT:ENV_AC_SD(1.0),09.12.22 23:00,Annual,Exports of waste for recovery - recycling,Total,Thousand tonnes,Ireland,2011,1452,
ESTAT:ENV_AC_SD(1.0),09.12.22 23:00,Annual,Exports of waste for recovery - recycling,Total,Thousand tonnes,Ireland,2012,1318,
ESTAT:ENV_AC_SD(1.0),09.12.22 23:00,Annual,Exports of waste for recovery - recycling,Total,Thousand tonnes,Ireland,2013,1271,
ESTAT:ENV_AC_SD(1.0),09.12.22 23:00,Annual,Exports of waste for recovery - recycling,Total,Thousand tonnes,Ireland,2014,1297,
ESTAT:ENV_AC_SD(1.0),09.12.22 23:00,Annual,Exports of waste for recovery - recycling,Total,Thousand tonnes,Ireland,2015,1253,
ESTAT:ENV_AC_SD(1.0),09.12.22 23:00,Annual,Exports of waste for recovery - recycling,Total,Thousand tonnes,Ireland,2016,1321,
ESTAT:ENV_AC_SD(1.0),09.12.22 23:00,Annual,Exports of waste for recovery - recycling,Total,Thousand tonnes,Ireland,2017,1397,
ESTAT:ENV_AC_SD(1.0),09.12.22 23:00,Annual,Exports of waste for recovery - recycling,Total,Thousand tonnes,Ireland,2018,1502,
ESTAT:ENV_AC_SD(1.0),09.12.22 23:00,Annual,Exports of waste for recovery - recycling,Total,Thousand tonnes,Ireland,2019,1443,
ESTAT:ENV_AC_SD(1.0),09.12.22 23:00,Annual,Exports of waste for recovery - recycling,Total,Thousand tonnes,Ireland,2020,1363,
ESTAT:ENV_AC_SD(1.0),09.12.22 23:00,Annual,Exports of waste for recovery - recycling,Total,Thousand tonnes,Ireland,2021,1561,
ESTAT:ENV_AC_SD(1.0),09.12.22 23:00,Annual,Exports of waste for recovery - recycling,Total,Thousand tonnes,Italy,2010,5078,
ESTAT:ENV_AC_SD(1.0),09.12.22 23:00,Annual,Exports of waste for recovery - recycling,Total,Thousand tonnes,Italy,2011,5439,
ESTAT:ENV_AC_SD(1.0),09.12.22 23:00,Annual,Exports of waste for recovery - recycling,Total,Thousand tonnes,Italy,2012,5925,
ESTAT:ENV_AC_SD(1.0),09.12.22 23:00,Annual,Exports of waste for recovery - recycling,Total,Thousand tonnes,Italy,2013,5344,
ESTAT:ENV_AC_SD(1.0),09.12.22 23:00,Annual,Exports of waste for recovery - recycling,Total,Thousand tonnes,Italy,2014,5469,
ESTAT:ENV_AC_SD(1.0),09.12.22 23:00,Annual,Exports of waste for recovery - recycling,Total,Thousand tonnes,Italy,2015,5123,
ESTAT:ENV_AC_SD(1.0),09.12.22 23:00,Annual,Exports of waste for recovery - recycling,Total,Thousand tonnes,Italy,2016,5684,
ESTAT:ENV_AC_SD(1.0),09.12.22 23:00,Annual,Exports of waste for recovery - recycling,Total,Thousand tonnes,Italy,2017,5440,
ESTAT:ENV_AC_SD(1.0),09.12.22 23:00,Annual,Exports of waste for recovery - recycling,Total,Thousand tonnes,Italy,2018,5586,
ESTAT:ENV_AC_SD(1.0),09.12.22 23:00,Annual,Exports of waste for recovery - recycling,Total,Thousand tonnes,Italy,2019,5078,
ESTAT:ENV_AC_SD(1.0),09.12.22 23:00,Annual,Exports of waste for recovery - recycling,Total,Thousand tonnes,Italy,2020,4909,
ESTAT:ENV_AC_SD(1.0),09.12.22 23:00,Annual,Exports of waste for recovery - recycling,Total,Thousand tonnes,Italy,2021,4634,
ESTAT:ENV_AC_SD(1.0),09.12.22 23:00,Annual,Exports of waste for recovery - recycling,Total,Thousand tonnes,Lithuania,2010,936,
ESTAT:ENV_AC_SD(1.0),09.12.22 23:00,Annual,Exports of waste for recovery - recycling,Total,Thousand tonnes,Lithuania,2011,1054,
ESTAT:ENV_AC_SD(1.0),09.12.22 23:00,Annual,Exports of waste for recovery - recycling,Total,Thousand tonnes,Lithuania,2012,1063,
ESTAT:ENV_AC_SD(1.0),09.12.22 23:00,Annual,Exports of waste for recovery - recycling,Total,Thousand tonnes,Lithuania,2013,956,
ESTAT:ENV_AC_SD(1.0),09.12.22 23:00,Annual,Exports of waste for recovery - recycling,Total,Thousand tonnes,Lithuania,2014,1085,
ESTAT:ENV_AC_SD(1.0),09.12.22 23:00,Annual,Exports of waste for recovery - recycling,Total,Thousand tonnes,Lithuania,2015,1040,
ESTAT:ENV_AC_SD(1.0),09.12.22 23:00,Annual,Exports of waste for recovery - recycling,Total,Thousand tonnes,Lithuania,2016,1155,
ESTAT:ENV_AC_SD(1.0),09.12.22 23:00,Annual,Exports of waste for recovery - recycling,Total,Thousand tonnes,Lithuania,2017,1472,
ESTAT:ENV_AC_SD(1.0),09.12.22 23:00,Annual,Exports of waste for recovery - recycling,Total,Thousand tonnes,Lithuania,2018,1464,
ESTAT:ENV_AC_SD(1.0),09.12.22 23:00,Annual,Exports of waste for recovery - recycling,Total,Thousand tonnes,Lithuania,2019,1348,
ESTAT:ENV_AC_SD(1.0),09.12.22 23:00,Annual,Exports of waste for recovery - recycling,Total,Thousand tonnes,Lithuania,2020,1631,
ESTAT:ENV_AC_SD(1.0),09.12.22 23:00,Annual,Exports of waste for recovery - recycling,Total,Thousand tonnes,Lithuania,2021,1886,
ESTAT:ENV_AC_SD(1.0),09.12.22 23:00,Annual,Exports of waste for recovery - recycling,Total,Thousand tonnes,Luxembourg,2010,507,
ESTAT:ENV_AC_SD(1.0),09.12.22 23:00,Annual,Exports of waste for recovery - recycling,Total,Thousand tonnes,Luxembourg,2011,526,
ESTAT:ENV_AC_SD(1.0),09.12.22 23:00,Annual,Exports of waste for recovery - recycling,Total,Thousand tonnes,Luxembourg,2012,514,
ESTAT:ENV_AC_SD(1.0),09.12.22 23:00,Annual,Exports of waste for recovery - recycling,Total,Thousand tonnes,Luxembourg,2013,451,
ESTAT:ENV_AC_SD(1.0),09.12.22 23:00,Annual,Exports of waste for recovery - recycling,Total,Thousand tonnes,Luxembourg,2014,443,
ESTAT:ENV_AC_SD(1.0),09.12.22 23:00,Annual,Exports of waste for recovery - recycling,Total,Thousand tonnes,Luxembourg,2015,415,
ESTAT:ENV_AC_SD(1.0),09.12.22 23:00,Annual,Exports of waste for recovery - recycling,Total,Thousand tonnes,Luxembourg,2016,429,
ESTAT:ENV_AC_SD(1.0),09.12.22 23:00,Annual,Exports of waste for recovery - recycling,Total,Thousand tonnes,Luxembourg,2017,500,
ESTAT:ENV_AC_SD(1.0),09.12.22 23:00,Annual,Exports of waste for recovery - recycling,Total,Thousand tonnes,Luxembourg,2018,453,
ESTAT:ENV_AC_SD(1.0),09.12.22 23:00,Annual,Exports of waste for recovery - recycling,Total,Thousand tonnes,Luxembourg,2019,351,
ESTAT:ENV_AC_SD(1.0),09.12.22 23:00,Annual,Exports of waste for recovery - recycling,Total,Thousand tonnes,Luxembourg,2020,306,
ESTAT:ENV_AC_SD(1.0),09.12.22 23:00,Annual,Exports of waste for recovery - recycling,Total,Thousand tonnes,Luxembourg,2021,338,
ESTAT:ENV_AC_SD(1.0),09.12.22 23:00,Annual,Exports of waste for recovery - recycling,Total,Thousand tonnes,Latvia,2010,627,
ESTAT:ENV_AC_SD(1.0),09.12.22 23:00,Annual,Exports of waste for recovery - recycling,Total,Thousand tonnes,Latvia,2011,749,
ESTAT:ENV_AC_SD(1.0),09.12.22 23:00,Annual,Exports of waste for recovery - recycling,Total,Thousand tonnes,Latvia,2012,719,
ESTAT:ENV_AC_SD(1.0),09.12.22 23:00,Annual,Exports of waste for recovery - recycling,Total,Thousand tonnes,Latvia,2013,866,
ESTAT:ENV_AC_SD(1.0),09.12.22 23:00,Annual,Exports of waste for recovery - recycling,Total,Thousand tonnes,Latvia,2014,754,
ESTAT:ENV_AC_SD(1.0),09.12.22 23:00,Annual,Exports of waste for recovery - recycling,Total,Thousand tonnes,Latvia,2015,745,
ESTAT:ENV_AC_SD(1.0),09.12.22 23:00,Annual,Exports of waste for recovery - recycling,Total,Thousand tonnes,Latvia,2016,697,
ESTAT:ENV_AC_SD(1.0),09.12.22 23:00,Annual,Exports of waste for recovery - recycling,Total,Thousand tonnes,Latvia,2017,752,
ESTAT:ENV_AC_SD(1.0),09.12.22 23:00,Annual,Exports of waste for recovery - recycling,Total,Thousand tonnes,Latvia,2018,825,
ESTAT:ENV_AC_SD(1.0),09.12.22 23:00,Annual,Exports of waste for recovery - recycling,Total,Thousand tonnes,Latvia,2019,714,
ESTAT:ENV_AC_SD(1.0),09.12.22 23:00,Annual,Exports of waste for recovery - recycling,Total,Thousand tonnes,Latvia,2020,843,
ESTAT:ENV_AC_SD(1.0),09.12.22 23:00,Annual,Exports of waste for recovery - recycling,Total,Thousand tonnes,Latvia,2021,1018,
ESTAT:ENV_AC_SD(1.0),09.12.22 23:00,Annual,Exports of waste for recovery - recycling,Total,Thousand tonnes,Malta,2010,49,
ESTAT:ENV_AC_SD(1.0),09.12.22 23:00,Annual,Exports of waste for recovery - recycling,Total,Thousand tonnes,Malta,2011,68,
ESTAT:ENV_AC_SD(1.0),09.12.22 23:00,Annual,Exports of waste for recovery - recycling,Total,Thousand tonnes,Malta,2012,62,
ESTAT:ENV_AC_SD(1.0),09.12.22 23:00,Annual,Exports of waste for recovery - recycling,Total,Thousand tonnes,Malta,2013,57,
ESTAT:ENV_AC_SD(1.0),09.12.22 23:00,Annual,Exports of waste for recovery - recycling,Total,Thousand tonnes,Malta,2014,79,
ESTAT:ENV_AC_SD(1.0),09.12.22 23:00,Annual,Exports of waste for recovery - recycling,Total,Thousand tonnes,Malta,2015,62,
ESTAT:ENV_AC_SD(1.0),09.12.22 23:00,Annual,Exports of waste for recovery - recycling,Total,Thousand tonnes,Malta,2016,72,
ESTAT:ENV_AC_SD(1.0),09.12.22 23:00,Annual,Exports of waste for recovery - recycling,Total,Thousand tonnes,Malta,2017,77,
ESTAT:ENV_AC_SD(1.0),09.12.22 23:00,Annual,Exports of waste for recovery - recycling,Total,Thousand tonnes,Malta,2018,178,
ESTAT:ENV_AC_SD(1.0),09.12.22 23:00,Annual,Exports of waste for recovery - recycling,Total,Thousand tonnes,Malta,2019,67,
ESTAT:ENV_AC_SD(1.0),09.12.22 23:00,Annual,Exports of waste for recovery - recycling,Total,Thousand tonnes,Malta,2020,68,
ESTAT:ENV_AC_SD(1.0),09.12.22 23:00,Annual,Exports of waste for recovery - recycling,Total,Thousand tonnes,Malta,2021,76,
ESTAT:ENV_AC_SD(1.0),09.12.22 23:00,Annual,Exports of waste for recovery - recycling,Total,Thousand tonnes,Netherlands,2010,21209,
ESTAT:ENV_AC_SD(1.0),09.12.22 23:00,Annual,Exports of waste for recovery - recycling,Total,Thousand tonnes,Netherlands,2011,18574,
ESTAT:ENV_AC_SD(1.0),09.12.22 23:00,Annual,Exports of waste for recovery - recycling,Total,Thousand tonnes,Netherlands,2012,18465,
ESTAT:ENV_AC_SD(1.0),09.12.22 23:00,Annual,Exports of waste for recovery - recycling,Total,Thousand tonnes,Netherlands,2013,17118,
ESTAT:ENV_AC_SD(1.0),09.12.22 23:00,Annual,Exports of waste for recovery - recycling,Total,Thousand tonnes,Netherlands,2014,16887,
ESTAT:ENV_AC_SD(1.0),09.12.22 23:00,Annual,Exports of waste for recovery - recycling,Total,Thousand tonnes,Netherlands,2015,16923,
ESTAT:ENV_AC_SD(1.0),09.12.22 23:00,Annual,Exports of waste for recovery - recycling,Total,Thousand tonnes,Netherlands,2016,17957,
ESTAT:ENV_AC_SD(1.0),09.12.22 23:00,Annual,Exports of waste for recovery - recycling,Total,Thousand tonnes,Netherlands,2017,18128,
ESTAT:ENV_AC_SD(1.0),09.12.22 23:00,Annual,Exports of waste for recovery - recycling,Total,Thousand tonnes,Netherlands,2018,17915,
ESTAT:ENV_AC_SD(1.0),09.12.22 23:00,Annual,Exports of waste for recovery - recycling,Total,Thousand tonnes,Netherlands,2019,17393,
ESTAT:ENV_AC_SD(1.0),09.12.22 23:00,Annual,Exports of waste for recovery - recycling,Total,Thousand tonnes,Netherlands,2020,18055,
ESTAT:ENV_AC_SD(1.0),09.12.22 23:00,Annual,Exports of waste for recovery - recycling,Total,Thousand tonnes,Netherlands,2021,19241,
ESTAT:ENV_AC_SD(1.0),09.12.22 23:00,Annual,Exports of waste for recovery - recycling,Total,Thousand tonnes,Poland,2010,3374,
ESTAT:ENV_AC_SD(1.0),09.12.22 23:00,Annual,Exports of waste for recovery - recycling,Total,Thousand tonnes,Poland,2011,3911,
ESTAT:ENV_AC_SD(1.0),09.12.22 23:00,Annual,Exports of waste for recovery - recycling,Total,Thousand tonnes,Poland,2012,4219,
ESTAT:ENV_AC_SD(1.0),09.12.22 23:00,Annual,Exports of waste for recovery - recycling,Total,Thousand tonnes,Poland,2013,4442,
ESTAT:ENV_AC_SD(1.0),09.12.22 23:00,Annual,Exports of waste for recovery - recycling,Total,Thousand tonnes,Poland,2014,4936,
ESTAT:ENV_AC_SD(1.0),09.12.22 23:00,Annual,Exports of waste for recovery - recycling,Total,Thousand tonnes,Poland,2015,4424,
ESTAT:ENV_AC_SD(1.0),09.12.22 23:00,Annual,Exports of waste for recovery - recycling,Total,Thousand tonnes,Poland,2016,4686,
ESTAT:ENV_AC_SD(1.0),09.12.22 23:00,Annual,Exports of waste for recovery - recycling,Total,Thousand tonnes,Poland,2017,4883,
ESTAT:ENV_AC_SD(1.0),09.12.22 23:00,Annual,Exports of waste for recovery - recycling,Total,Thousand tonnes,Poland,2018,5441,
ESTAT:ENV_AC_SD(1.0),09.12.22 23:00,Annual,Exports of waste for recovery - recycling,Total,Thousand tonnes,Poland,2019,6077,
ESTAT:ENV_AC_SD(1.0),09.12.22 23:00,Annual,Exports of waste for recovery - recycling,Total,Thousand tonnes,Poland,2020,6267,
ESTAT:ENV_AC_SD(1.0),09.12.22 23:00,Annual,Exports of waste for recovery - recycling,Total,Thousand tonnes,Poland,2021,6875,
ESTAT:ENV_AC_SD(1.0),09.12.22 23:00,Annual,Exports of waste for recovery - recycling,Total,Thousand tonnes,Portugal,2010,1333,
ESTAT:ENV_AC_SD(1.0),09.12.22 23:00,Annual,Exports of waste for recovery - recycling,Total,Thousand tonnes,Portugal,2011,1196,
ESTAT:ENV_AC_SD(1.0),09.12.22 23:00,Annual,Exports of waste for recovery - recycling,Total,Thousand tonnes,Portugal,2012,1154,
ESTAT:ENV_AC_SD(1.0),09.12.22 23:00,Annual,Exports of waste for recovery - recycling,Total,Thousand tonnes,Portugal,2013,1231,
ESTAT:ENV_AC_SD(1.0),09.12.22 23:00,Annual,Exports of waste for recovery - recycling,Total,Thousand tonnes,Portugal,2014,1269,
ESTAT:ENV_AC_SD(1.0),09.12.22 23:00,Annual,Exports of waste for recovery - recycling,Total,Thousand tonnes,Portugal,2015,1179,
ESTAT:ENV_AC_SD(1.0),09.12.22 23:00,Annual,Exports of waste for recovery - recycling,Total,Thousand tonnes,Portugal,2016,1534,
ESTAT:ENV_AC_SD(1.0),09.12.22 23:00,Annual,Exports of waste for recovery - recycling,Total,Thousand tonnes,Portugal,2017,1510,
ESTAT:ENV_AC_SD(1.0),09.12.22 23:00,Annual,Exports of waste for recovery - recycling,Total,Thousand tonnes,Portugal,2018,1617,
ESTAT:ENV_AC_SD(1.0),09.12.22 23:00,Annual,Exports of waste for recovery - recycling,Total,Thousand tonnes,Portugal,2019,1500,
ESTAT:ENV_AC_SD(1.0),09.12.22 23:00,Annual,Exports of waste for recovery - recycling,Total,Thousand tonnes,Portugal,2020,1501,
ESTAT:ENV_AC_SD(1.0),09.12.22 23:00,Annual,Exports of waste for recovery - recycling,Total,Thousand tonnes,Portugal,2021,1622,
ESTAT:ENV_AC_SD(1.0),09.12.22 23:00,Annual,Exports of waste for recovery - recycling,Total,Thousand tonnes,Romania,2010,3166,
ESTAT:ENV_AC_SD(1.0),09.12.22 23:00,Annual,Exports of waste for recovery - recycling,Total,Thousand tonnes,Romania,2011,3161,
ESTAT:ENV_AC_SD(1.0),09.12.22 23:00,Annual,Exports of waste for recovery - recycling,Total,Thousand tonnes,Romania,2012,2657,
ESTAT:ENV_AC_SD(1.0),09.12.22 23:00,Annual,Exports of waste for recovery - recycling,Total,Thousand tonnes,Romania,2013,2853,
ESTAT:ENV_AC_SD(1.0),09.12.22 23:00,Annual,Exports of waste for recovery - recycling,Total,Thousand tonnes,Romania,2014,2512,
ESTAT:ENV_AC_SD(1.0),09.12.22 23:00,Annual,Exports of waste for recovery - recycling,Total,Thousand tonnes,Romania,2015,1968,
ESTAT:ENV_AC_SD(1.0),09.12.22 23:00,Annual,Exports of waste for recovery - recycling,Total,Thousand tonnes,Romania,2016,1819,
ESTAT:ENV_AC_SD(1.0),09.12.22 23:00,Annual,Exports of waste for recovery - recycling,Total,Thousand tonnes,Romania,2017,2240,
ESTAT:ENV_AC_SD(1.0),09.12.22 23:00,Annual,Exports of waste for recovery - recycling,Total,Thousand tonnes,Romania,2018,2417,
ESTAT:ENV_AC_SD(1.0),09.12.22 23:00,Annual,Exports of waste for recovery - recycling,Total,Thousand tonnes,Romania,2019,2453,
ESTAT:ENV_AC_SD(1.0),09.12.22 23:00,Annual,Exports of waste for recovery - recycling,Total,Thousand tonnes,Romania,2020,2638,
ESTAT:ENV_AC_SD(1.0),09.12.22 23:00,Annual,Exports of waste for recovery - recycling,Total,Thousand tonnes,Romania,2021,2900,
ESTAT:ENV_AC_SD(1.0),09.12.22 23:00,Annual,Exports of waste for recovery - recycling,Total,Thousand tonnes,Sweden,2010,2558,
ESTAT:ENV_AC_SD(1.0),09.12.22 23:00,Annual,Exports of waste for recovery - recycling,Total,Thousand tonnes,Sweden,2011,2787,
ESTAT:ENV_AC_SD(1.0),09.12.22 23:00,Annual,Exports of waste for recovery - recycling,Total,Thousand tonnes,Sweden,2012,2823,
ESTAT:ENV_AC_SD(1.0),09.12.22 23:00,Annual,Exports of waste for recovery - recycling,Total,Thousand tonnes,Sweden,2013,2681,
ESTAT:ENV_AC_SD(1.0),09.12.22 23:00,Annual,Exports of waste for recovery - recycling,Total,Thousand tonnes,Sweden,2014,2818,
ESTAT:ENV_AC_SD(1.0),09.12.22 23:00,Annual,Exports of waste for recovery - recycling,Total,Thousand tonnes,Sweden,2015,2640,
ESTAT:ENV_AC_SD(1.0),09.12.22 23:00,Annual,Exports of waste for recovery - recycling,Total,Thousand tonnes,Sweden,2016,2855,
ESTAT:ENV_AC_SD(1.0),09.12.22 23:00,Annual,Exports of waste for recovery - recycling,Total,Thousand tonnes,Sweden,2017,2831,
ESTAT:ENV_AC_SD(1.0),09.12.22 23:00,Annual,Exports of waste for recovery - recycling,Total,Thousand tonnes,Sweden,2018,2759,
ESTAT:ENV_AC_SD(1.0),09.12.22 23:00,Annual,Exports of waste for recovery - recycling,Total,Thousand tonnes,Sweden,2019,3083,
ESTAT:ENV_AC_SD(1.0),09.12.22 23:00,Annual,Exports of waste for recovery - recycling,Total,Thousand tonnes,Sweden,2020,3096,
ESTAT:ENV_AC_SD(1.0),09.12.22 23:00,Annual,Exports of waste for recovery - recycling,Total,Thousand tonnes,Sweden,2021,3288,
ESTAT:ENV_AC_SD(1.0),09.12.22 23:00,Annual,Exports of waste for recovery - recycling,Total,Thousand tonnes,Slovenia,2010,1884,
ESTAT:ENV_AC_SD(1.0),09.12.22 23:00,Annual,Exports of waste for recovery - recycling,Total,Thousand tonnes,Slovenia,2011,1734,
ESTAT:ENV_AC_SD(1.0),09.12.22 23:00,Annual,Exports of waste for recovery - recycling,Total,Thousand tonnes,Slovenia,2012,2139,
ESTAT:ENV_AC_SD(1.0),09.12.22 23:00,Annual,Exports of waste for recovery - recycling,Total,Thousand tonnes,Slovenia,2013,1866,
ESTAT:ENV_AC_SD(1.0),09.12.22 23:00,Annual,Exports of waste for recovery - recycling,Total,Thousand tonnes,Slovenia,2014,1710,
ESTAT:ENV_AC_SD(1.0),09.12.22 23:00,Annual,Exports of waste for recovery - recycling,Total,Thousand tonnes,Slovenia,2015,1966,
ESTAT:ENV_AC_SD(1.0),09.12.22 23:00,Annual,Exports of waste for recovery - recycling,Total,Thousand tonnes,Slovenia,2016,1899,
ESTAT:ENV_AC_SD(1.0),09.12.22 23:00,Annual,Exports of waste for recovery - recycling,Total,Thousand tonnes,Slovenia,2017,1783,
ESTAT:ENV_AC_SD(1.0),09.12.22 23:00,Annual,Exports of waste for recovery - recycling,Total,Thousand tonnes,Slovenia,2018,2001,
ESTAT:ENV_AC_SD(1.0),09.12.22 23:00,Annual,Exports of waste for recovery - recycling,Total,Thousand tonnes,Slovenia,2019,1863,
ESTAT:ENV_AC_SD(1.0),09.12.22 23:00,Annual,Exports of waste for recovery - recycling,Total,Thousand tonnes,Slovenia,2020,1859,
ESTAT:ENV_AC_SD(1.0),09.12.22 23:00,Annual,Exports of waste for recovery - recycling,Total,Thousand tonnes,Slovenia,2021,1983,
ESTAT:ENV_AC_SD(1.0),09.12.22 23:00,Annual,Exports of waste for recovery - recycling,Total,Thousand tonnes,Slovakia,2010,1149,
ESTAT:ENV_AC_SD(1.0),09.12.22 23:00,Annual,Exports of waste for recovery - recycling,Total,Thousand tonnes,Slovakia,2011,1540,
ESTAT:ENV_AC_SD(1.0),09.12.22 23:00,Annual,Exports of waste for recovery - recycling,Total,Thousand tonnes,Slovakia,2012,1491,
ESTAT:ENV_AC_SD(1.0),09.12.22 23:00,Annual,Exports of waste for recovery - recycling,Total,Thousand tonnes,Slovakia,2013,1546,
ESTAT:ENV_AC_SD(1.0),09.12.22 23:00,Annual,Exports of waste for recovery - recycling,Total,Thousand tonnes,Slovakia,2014,1700,
ESTAT:ENV_AC_SD(1.0),09.12.22 23:00,Annual,Exports of waste for recovery - recycling,Total,Thousand tonnes,Slovakia,2015,1557,
ESTAT:ENV_AC_SD(1.0),09.12.22 23:00,Annual,Exports of waste for recovery - recycling,Total,Thousand tonnes,Slovakia,2016,1609,
ESTAT:ENV_AC_SD(1.0),09.12.22 23:00,Annual,Exports of waste for recovery - recycling,Total,Thousand tonnes,Slovakia,2017,1883,
ESTAT:ENV_AC_SD(1.0),09.12.22 23:00,Annual,Exports of waste for recovery - recycling,Total,Thousand tonnes,Slovakia,2018,2041,
ESTAT:ENV_AC_SD(1.0),09.12.22 23:00,Annual,Exports of waste for recovery - recycling,Total,Thousand tonnes,Slovakia,2019,2354,
ESTAT:ENV_AC_SD(1.0),09.12.22 23:00,Annual,Exports of waste for recovery - recycling,Total,Thousand tonnes,Slovakia,2020,2191,
ESTAT:ENV_AC_SD(1.0),09.12.22 23:00,Annual,Exports of waste for recovery - recycling,Total,Thousand tonnes,Slovakia,2021,2537,