DATAFLOW,LAST UPDATE,freq,unit,na_item,geo,TIME_PERIOD,OBS_VALUE,OBS_FLAG
ESTAT:NAMA_10_GDP(1.0),05.12.22 23:00,Annual,"Current prices, million euro",Gross domestic product at market prices,Albania,2011,9268.30,
ESTAT:NAMA_10_GDP(1.0),05.12.22 23:00,Annual,"Current prices, million euro",Gross domestic product at market prices,Albania,2012,9585.80,
ESTAT:NAMA_10_GDP(1.0),05.12.22 23:00,Annual,"Current prices, million euro",Gross domestic product at market prices,Albania,2013,9625.40,
ESTAT:NAMA_10_GDP(1.0),05.12.22 23:00,Annual,"Current prices, million euro",Gross domestic product at market prices,Albania,2014,9968.60,
ESTAT:NAMA_10_GDP(1.0),05.12.22 23:00,Annual,"Current prices, million euro",Gross domestic product at market prices,Albania,2015,10264.10,
ESTAT:NAMA_10_GDP(1.0),05.12.22 23:00,Annual,"Current prices, million euro",Gross domestic product at market prices,Albania,2016,10719.90,
ESTAT:NAMA_10_GDP(1.0),05.12.22 23:00,Annual,"Current prices, million euro",Gross domestic product at market prices,Albania,2017,11559.00,
ESTAT:NAMA_10_GDP(1.0),05.12.22 23:00,Annual,"Current prices, million euro",Gross domestic product at market prices,Albania,2018,12828.10,
ESTAT:NAMA_10_GDP(1.0),05.12.22 23:00,Annual,"Current prices, million euro",Gross domestic product at market prices,Albania,2019,13754.20,
ESTAT:NAMA_10_GDP(1.0),05.12.22 23:00,Annual,"Current prices, million euro",Gross domestic product at market prices,Albania,2020,13283.30,p
ESTAT:NAMA_10_GDP(1.0),05.12.22 23:00,Annual,"Current prices, million euro",Gross domestic product at market prices,Albania,2021,15432.30,e
ESTAT:NAMA_10_GDP(1.0),05.12.22 23:00,Annual,"Current prices, million euro",Gross domestic product at market prices,Austria,2011,310128.70,
ESTAT:NAMA_10_GDP(1.0),05.12.22 23:00,Annual,"Current prices, million euro",Gross domestic product at market prices,Austria,2012,318653.00,
ESTAT:NAMA_10_GDP(1.0),05.12.22 23:00,Annual,"Current prices, million euro",Gross domestic product at market prices,Austria,2013,323910.20,
ESTAT:NAMA_10_GDP(1.0),05.12.22 23:00,Annual,"Current prices, million euro",Gross domestic product at market prices,Austria,2014,333146.10,
ESTAT:NAMA_10_GDP(1.0),05.12.22 23:00,Annual,"Current prices, million euro",Gross domestic product at market prices,Austria,2015,344269.20,
ESTAT:NAMA_10_GDP(1.0),05.12.22 23:00,Annual,"Current prices, million euro",Gross domestic product at market prices,Austria,2016,357608.00,
ESTAT:NAMA_10_GDP(1.0),05.12.22 23:00,Annual,"Current prices, million euro",Gross domestic product at market prices,Austria,2017,369361.90,
ESTAT:NAMA_10_GDP(1.0),05.12.22 23:00,Annual,"Current prices, million euro",Gross domestic product at market prices,Austria,2018,385274.10,
ESTAT:NAMA_10_GDP(1.0),05.12.22 23:00,Annual,"Current prices, million euro",Gross domestic product at market prices,Austria,2019,397169.50,
ESTAT:NAMA_10_GDP(1.0),05.12.22 23:00,Annual,"Current prices, million euro",Gross domestic product at market prices,Austria,2020,381042.50,
ESTAT:NAMA_10_GDP(1.0),05.12.22 23:00,Annual,"Current prices, million euro",Gross domestic product at market prices,Austria,2021,406148.70,
ESTAT:NAMA_10_GDP(1.0),05.12.22 23:00,Annual,"Current prices, million euro",Gross domestic product at market prices,Bosnia and Herzegovina,2011,13411.80,
ESTAT:NAMA_10_GDP(1.0),05.12.22 23:00,Annual,"Current prices, million euro",Gross domestic product at market prices,Bosnia and Herzegovina,2012,13407.50,
ESTAT:NAMA_10_GDP(1.0),05.12.22 23:00,Annual,"Current prices, million euro",Gross domestic product at market prices,Bosnia and Herzegovina,2013,13691.80,
ESTAT:NAMA_10_GDP(1.0),05.12.22 23:00,Annual,"Current prices, million euro",Gross domestic product at market prices,Bosnia and Herzegovina,2014,13988.30,
ESTAT:NAMA_10_GDP(1.0),05.12.22 23:00,Annual,"Current prices, million euro",Gross domestic product at market prices,Bosnia and Herzegovina,2015,14617.40,
ESTAT:NAMA_10_GDP(1.0),05.12.22 23:00,Annual,"Current prices, million euro",Gross domestic product at market prices,Bosnia and Herzegovina,2016,15289.90,
ESTAT:NAMA_10_GDP(1.0),05.12.22 23:00,Annual,"Current prices, million euro",Gross domestic product at market prices,Bosnia and Herzegovina,2017,16042.40,
ESTAT:NAMA_10_GDP(1.0),05.12.22 23:00,Annual,"Current prices, million euro",Gross domestic product at market prices,Bosnia and Herzegovina,2018,17099.70,
ESTAT:NAMA_10_GDP(1.0),05.12.22 23:00,Annual,"Current prices, million euro",Gross domestic product at market prices,Bosnia and Herzegovina,2019,18046.40,
ESTAT:NAMA_10_GDP(1.0),05.12.22 23:00,Annual,"Current prices, million euro",Gross domestic product at market prices,Bosnia and Herzegovina,2020,17514.30,
ESTAT:NAMA_10_GDP(1.0),05.12.22 23:00,Annual,"Current prices, million euro",Gross domestic product at market prices,Bosnia and Herzegovina,2021,19083.70,
ESTAT:NAMA_10_GDP(1.0),05.12.22 23:00,Annual,"Current prices, million euro",Gross domestic product at market prices,Belgium,2011,375967.80,
ESTAT:NAMA_10_GDP(1.0),05.12.22 23:00,Annual,"Current prices, million euro",Gross domestic product at market prices,Belgium,2012,386174.70,
ESTAT:NAMA_10_GDP(1.0),05.12.22 23:00,Annual,"Current prices, million euro",Gross domestic product at market prices,Belgium,2013,392880.00,
ESTAT:NAMA_10_GDP(1.0),05.12.22 23:00,Annual,"Current prices, million euro",Gross domestic product at market prices,Belgium,2014,403003.30,
ESTAT:NAMA_10_GDP(1.0),05.12.22 23:00,Annual,"Current prices, million euro",Gross domestic product at market prices,Belgium,2015,416701.40,
ESTAT:NAMA_10_GDP(1.0),05.12.22 23:00,Annual,"Current prices, million euro",Gross domestic product at market prices,Belgium,2016,430085.30,
ESTAT:NAMA_10_GDP(1.0),05.12.22 23:00,Annual,"Current prices, million euro",Gross domestic product at market prices,Belgium,2017,445050.10,
ESTAT:NAMA_10_GDP(1.0),05.12.22 23:00,Annual,"Current prices, million euro",Gross domestic product at market prices,Belgium,2018,460050.80,
ESTAT:NAMA_10_GDP(1.0),05.12.22 23:00,Annual,"Current prices, million euro",Gross domestic product at market prices,Belgium,2019,478645.00,
ESTAT:NAMA_10_GDP(1.0),05.12.22 23:00,Annual,"Current prices, million euro",Gross domestic product at market prices,Belgium,2020,459826.30,p
ESTAT:NAMA_10_GDP(1.0),05.12.22 23:00,Annual,"Current prices, million euro",Gross domestic product at market prices,Belgium,2021,502311.60,p
ESTAT:NAMA_10_GDP(1.0),05.12.22 23:00,Annual,"Current prices, million euro",Gross domestic product at market prices,Bulgaria,2011,41478.90,
ESTAT:NAMA_10_GDP(1.0),05.12.22 23:00,Annual,"Current prices, million euro",Gross domestic product at market prices,Bulgaria,2012,42256.80,
ESTAT:NAMA_10_GDP(1.0),05.12.22 23:00,Annual,"Current prices, million euro",Gross domestic product at market prices,Bulgaria,2013,42050.20,
ESTAT:NAMA_10_GDP(1.0),05.12.22 23:00,Annual,"Current prices, million euro",Gross domestic product at market prices,Bulgaria,2014,43026.00,
ESTAT:NAMA_10_GDP(1.0),05.12.22 23:00,Annual,"Current prices, million euro",Gross domestic product at market prices,Bulgaria,2015,45812.30,
ESTAT:NAMA_10_GDP(1.0),05.12.22 23:00,Annual,"Current prices, million euro",Gross domestic product at market prices,Bulgaria,2016,48773.10,
ESTAT:NAMA_10_GDP(1.0),05.12.22 23:00,Annual,"Current prices, million euro",Gross domestic product at market prices,Bulgaria,2017,52531.30,
ESTAT:NAMA_10_GDP(1.0),05.12.22 23:00,Annual,"Current prices, million euro",Gross domestic product at market prices,Bulgaria,2018,56224.80,
ESTAT:NAMA_10_GDP(1.0),05.12.22 23:00,Annual,"Current prices, million euro",Gross domestic product at market prices,Bulgaria,2019,61558.50,
ESTAT:NAMA_10_GDP(1.0),05.12.22 23:00,Annual,"Current prices, million euro",Gross domestic product at market prices,Bulgaria,2020,61638.90,
ESTAT:NAMA_10_GDP(1.0),05.12.22 23:00,Annual,"Current prices, million euro",Gross domestic product at market prices,Bulgaria,2021,71077.00,
ESTAT:NAMA_10_GDP(1.0),05.12.22 23:00,Annual,"Current prices, million euro",Gross domestic product at market prices,Switzerland,2011,515770.50,
ESTAT:NAMA_10_GDP(1.0),05.12.22 23:00,Annual,"Current prices, million euro",Gross domestic product at market prices,Switzerland,2012,534012.80,
ESTAT:NAMA_10_GDP(1.0),05.12.22 23:00,Annual,"Current prices, million euro",Gross domestic product at market prices,Switzerland,2013,531729.10,
ESTAT:NAMA_10_GDP(1.0),05.12.22 23:00,Annual,"Current prices, million euro",Gross domestic product at market prices,Switzerland,2014,548014.50,
ESTAT:NAMA_10_GDP(1.0),05.12.22 23:00,Annual,"Current prices, million euro",Gross domestic product at market prices,Switzerland,2015,625532.70,
ESTAT:NAMA_10_GDP(1.0),05.12.22 23:00,Annual,"Current prices, million euro",Gross domestic product at market prices,Switzerland,2016,621765.10,
ESTAT:NAMA_10_GDP(1.0),05.12.22 23:00,Annual,"Current prices, million euro",Gross domestic product at market prices,Switzerland,2017,615776.30,
ESTAT:NAMA_10_GDP(1.0),05.12.22 23:00,Annual,"Current prices, million euro",Gross domestic product at market prices,Switzerland,2018,614304.40,
ESTAT:NAMA_10_GDP(1.0),05.12.22 23:00,Annual,"Current prices, million euro",Gross domestic product at market prices,Switzerland,2019,644443.20,
ESTAT:NAMA_10_GDP(1.0),05.12.22 23:00,Annual,"Current prices, million euro",Gross domestic product at market prices,Switzerland,2020,648913.30,
ESTAT:NAMA_10_GDP(1.0),05.12.22 23:00,Annual,"Current prices, million euro",Gross domestic product at market prices,Switzerland,2021,676775.20,
ESTAT:NAMA_10_GDP(1.0),05.12.22 23:00,Annual,"Current prices, million euro",Gross domestic product at market prices,Cyprus,2011,19858.10,
ESTAT:NAMA_10_GDP(1.0),05.12.22 23:00,Annual,"Current prices, million euro",Gross domestic product at market prices,Cyprus,2012,19495.40,
ESTAT:NAMA_10_GDP(1.0),05.12.22 23:00,Annual,"Current prices, million euro",Gross domestic product at market prices,Cyprus,2013,18040.30,
ESTAT:NAMA_10_GDP(1.0),05.12.22 23:00,Annual,"Current prices, million euro",Gross domestic product at market prices,Cyprus,2014,17482.80,
ESTAT:NAMA_10_GDP(1.0),05.12.22 23:00,Annual,"Current prices, million euro",Gross domestic product at market prices,Cyprus,2015,17944.20,
ESTAT:NAMA_10_GDP(1.0),05.12.22 23:00,Annual,"Current prices, million euro",Gross domestic product at market prices,Cyprus,2016,19013.80,
ESTAT:NAMA_10_GDP(1.0),05.12.22 23:00,Annual,"Current prices, million euro",Gross domestic product at market prices,Cyprus,2017,20312.40,
ESTAT:NAMA_10_GDP(1.0),05.12.22 23:00,Annual,"Current prices, million euro",Gross domestic product at market prices,Cyprus,2018,21675.10,
ESTAT:NAMA_10_GDP(1.0),05.12.22 23:00,Annual,"Current prices, million euro",Gross domestic product at market prices,Cyprus,2019,23176.20,
ESTAT:NAMA_10_GDP(1.0),05.12.22 23:00,Annual,"Current prices, million euro",Gross domestic product at market prices,Cyprus,2020,21894.90,
ESTAT:NAMA_10_GDP(1.0),05.12.22 23:00,Annual,"Current prices, million euro",Gross domestic product at market prices,Cyprus,2021,24018.90,p
ESTAT:NAMA_10_GDP(1.0),05.12.22 23:00,Annual,"Current prices, million euro",Gross domestic product at market prices,Czechia,2011,165202.20,
ESTAT:NAMA_10_GDP(1.0),05.12.22 23:00,Annual,"Current prices, million euro",Gross domestic product at market prices,Czechia,2012,162587.50,
ESTAT:NAMA_10_GDP(1.0),05.12.22 23:00,Annual,"Current prices, million euro",Gross domestic product at market prices,Czechia,2013,159461.50,
ESTAT:NAMA_10_GDP(1.0),05.12.22 23:00,Annual,"Current prices, million euro",Gross domestic product at market prices,Czechia,2014,157821.30,
ESTAT:NAMA_10_GDP(1.0),05.12.22 23:00,Annual,"Current prices, million euro",Gross domestic product at market prices,Czechia,2015,169558.20,
ESTAT:NAMA_10_GDP(1.0),05.12.22 23:00,Annual,"Current prices, million euro",Gross domestic product at market prices,Czechia,2016,177438.50,
ESTAT:NAMA_10_GDP(1.0),05.12.22 23:00,Annual,"Current prices, million euro",Gross domestic product at market prices,Czechia,2017,194132.90,
ESTAT:NAMA_10_GDP(1.0),05.12.22 23:00,Annual,"Current prices, million euro",Gross domestic product at market prices,Czechia,2018,210970.50,
ESTAT:NAMA_10_GDP(1.0),05.12.22 23:00,Annual,"Current prices, million euro",Gross domestic product at market prices,Czechia,2019,225613.50,
ESTAT:NAMA_10_GDP(1.0),05.12.22 23:00,Annual,"Current prices, million euro",Gross domestic product at market prices,Czechia,2020,215805.40,
ESTAT:NAMA_10_GDP(1.0),05.12.22 23:00,Annual,"Current prices, million euro",Gross domestic product at market prices,Czechia,2021,238238.20,
ESTAT:NAMA_10_GDP(1.0),05.12.22 23:00,Annual,"Current prices, million euro",Gross domestic product at market prices,Germany,2011,2693560.00,
ESTAT:NAMA_10_GDP(1.0),05.12.22 23:00,Annual,"Current prices, million euro",Gross domestic product at market prices,Germany,2012,2745310.00,
ESTAT:NAMA_10_GDP(1.0),05.12.22 23:00,Annual,"Current prices, million euro",Gross domestic product at market prices,Germany,2013,2811350.00,
ESTAT:NAMA_10_GDP(1.0),05.12.22 23:00,Annual,"Current prices, million euro",Gross domestic product at market prices,Germany,2014,2927430.00,
ESTAT:NAMA_10_GDP(1.0),05.12.22 23:00,Annual,"Current prices, million euro",Gross domestic product at market prices,Germany,2015,3026180.00,
ESTAT:NAMA_10_GDP(1.0),05.12.22 23:00,Annual,"Current prices, million euro",Gross domestic product at market prices,Germany,2016,3134740.00,
ESTAT:NAMA_10_GDP(1.0),05.12.22 23:00,Annual,"Current prices, million euro",Gross domestic product at market prices,Germany,2017,3267160.00,
ESTAT:NAMA_10_GDP(1.0),05.12.22 23:00,Annual,"Current prices, million euro",Gross domestic product at market prices,Germany,2018,3365450.00,
ESTAT:NAMA_10_GDP(1.0),05.12.22 23:00,Annual,"Current prices, million euro",Gross domestic product at market prices,Germany,2019,3473260.00,p
ESTAT:NAMA_10_GDP(1.0),05.12.22 23:00,Annual,"Current prices, million euro",Gross domestic product at market prices,Germany,2020,3405430.00,p
ESTAT:NAMA_10_GDP(1.0),05.12.22 23:00,Annual,"Current prices, million euro",Gross domestic product at market prices,Germany,2021,3601750.00,p
ESTAT:NAMA_10_GDP(1.0),05.12.22 23:00,Annual,"Current prices, million euro",Gross domestic product at market prices,Denmark,2011,247879.90,
ESTAT:NAMA_10_GDP(1.0),05.12.22 23:00,Annual,"Current prices, million euro",Gross domestic product at market prices,Denmark,2012,254578.00,
ESTAT:NAMA_10_GDP(1.0),05.12.22 23:00,Annual,"Current prices, million euro",Gross domestic product at market prices,Denmark,2013,258742.70,
ESTAT:NAMA_10_GDP(1.0),05.12.22 23:00,Annual,"Current prices, million euro",Gross domestic product at market prices,Denmark,2014,265757.00,
ESTAT:NAMA_10_GDP(1.0),05.12.22 23:00,Annual,"Current prices, million euro",Gross domestic product at market prices,Denmark,2015,273017.60,
ESTAT:NAMA_10_GDP(1.0),05.12.22 23:00,Annual,"Current prices, million euro",Gross domestic product at market prices,Denmark,2016,283109.70,
ESTAT:NAMA_10_GDP(1.0),05.12.22 23:00,Annual,"Current prices, million euro",Gross domestic product at market prices,Denmark,2017,294808.20,
ESTAT:NAMA_10_GDP(1.0),05.12.22 23:00,Annual,"Current prices, million euro",Gross domestic product at market prices,Denmark,2018,302328.70,
ESTAT:NAMA_10_GDP(1.0),05.12.22 23:00,Annual,"Current prices, million euro",Gross domestic product at market prices,Denmark,2019,309526.40,
ESTAT:NAMA_10_GDP(1.0),05.12.22 23:00,Annual,"Current prices, million euro",Gross domestic product at market prices,Denmark,2020,311759.70,
ESTAT:NAMA_10_GDP(1.0),05.12.22 23:00,Annual,"Current prices, million euro",Gross domestic product at market prices,Denmark,2021,336718.80,
ESTAT:NAMA_10_GDP(1.0),05.12.22 23:00,Annual,"Current prices, million euro",Gross domestic product at market prices,Estonia,2011,16677.30,
ESTAT:NAMA_10_GDP(1.0),05.12.22 23:00,Annual,"Current prices, million euro",Gross domestic product at market prices,Estonia,2012,17916.70,
ESTAT:NAMA_10_GDP(1.0),05.12.22 23:00,Annual,"Current prices, million euro",Gross domestic product at market prices,Estonia,2013,18910.80,
ESTAT:NAMA_10_GDP(1.0),05.12.22 23:00,Annual,"Current prices, million euro",Gross domestic product at market prices,Estonia,2014,20048.20,
ESTAT:NAMA_10_GDP(1.0),05.12.22 23:00,Annual,"Current prices, million euro",Gross domestic product at market prices,Estonia,2015,20631.40,
ESTAT:NAMA_10_GDP(1.0),05.12.22 23:00,Annual,"Current prices, million euro",Gross domestic product at market prices,Estonia,2016,21747.90,
ESTAT:NAMA_10_GDP(1.0),05.12.22 23:00,Annual,"Current prices, million euro",Gross domestic product at market prices,Estonia,2017,23833.60,
ESTAT:NAMA_10_GDP(1.0),05.12.22 23:00,Annual,"Current prices, million euro",Gross domestic product at market prices,Estonia,2018,25932.20,
ESTAT:NAMA_10_GDP(1.0),05.12.22 23:00,Annual,"Current prices, million euro",Gross domestic product at market prices,Estonia,2019,27764.70,
ESTAT:NAMA_10_GDP(1.0),05.12.22 23:00,Annual,"Current prices, million euro",Gross domestic product at market prices,Estonia,2020,27465.00,
ESTAT:NAMA_10_GDP(1.0),05.12.22 23:00,Annual,"Current prices, million euro",Gross domestic product at market prices,Estonia,2021,31444.90,
ESTAT:NAMA_10_GDP(1.0),05.12.22 23:00,Annual,"Current prices, million euro",Gross domestic product at market prices,Greece,2011,203308.20,
ESTAT:NAMA_10_GDP(1.0),05.12.22 23:00,Annual,"Current prices, million euro",Gross domestic product at market prices,Greece,2012,188380.60,
ESTAT:NAMA_10_GDP(1.0),05.12.22 23:00,Annual,"Current prices, million euro",Gross domestic product at market prices,Greece,2013,179884.40,
ESTAT:NAMA_10_GDP(1.0),05.12.22 23:00,Annual,"Current prices, million euro",Gross domestic product at market prices,Greece,2014,177236.00,
ESTAT:NAMA_10_GDP(1.0),05.12.22 23:00,Annual,"Current prices, million euro",Gross domestic product at market prices,Greece,2015,176368.90,
ESTAT:NAMA_10_GDP(1.0),05.12.22 23:00,Annual,"Current prices, million euro",Gross domestic product at market prices,Greece,2016,174494.20,
ESTAT:NAMA_10_GDP(1.0),05.12.22 23:00,Annual,"Current prices, million euro",Gross domestic product at market prices,Greece,2017,176903.40,
ESTAT:NAMA_10_GDP(1.0),05.12.22 23:00,Annual,"Current prices, million euro",Gross domestic product at market prices,Greece,2018,179557.70,
ESTAT:NAMA_10_GDP(1.0),05.12.22 23:00,Annual,"Current prices, million euro",Gross domestic product at market prices,Greece,2019,183351.20,
ESTAT:NAMA_10_GDP(1.0),05.12.22 23:00,Annual,"Current prices, million euro",Gross domestic product at market prices,Greece,2020,165405.90,p
ESTAT:NAMA_10_GDP(1.0),05.12.22 23:00,Annual,"Current prices, million euro",Gross domestic product at market prices,Greece,2021,181674.60,p
ESTAT:NAMA_10_GDP(1.0),05.12.22 23:00,Annual,"Current prices, million euro",Gross domestic product at market prices,Spain,2011,1063763.00,
ESTAT:NAMA_10_GDP(1.0),05.12.22 23:00,Annual,"Current prices, million euro",Gross domestic product at market prices,Spain,2012,1031104.00,
ESTAT:NAMA_10_GDP(1.0),05.12.22 23:00,Annual,"Current prices, million euro",Gross domestic product at market prices,Spain,2013,1020677.00,
ESTAT:NAMA_10_GDP(1.0),05.12.22 23:00,Annual,"Current prices, million euro",Gross domestic product at market prices,Spain,2014,1032608.00,
ESTAT:NAMA_10_GDP(1.0),05.12.22 23:00,Annual,"Current prices, million euro",Gross domestic product at market prices,Spain,2015,1078092.00,
ESTAT:NAMA_10_GDP(1.0),05.12.22 23:00,Annual,"Current prices, million euro",Gross domestic product at market prices,Spain,2016,1114420.00,
ESTAT:NAMA_10_GDP(1.0),05.12.22 23:00,Annual,"Current prices, million euro",Gross domestic product at market prices,Spain,2017,1162492.00,
ESTAT:NAMA_10_GDP(1.0),05.12.22 23:00,Annual,"Current prices, million euro",Gross domestic product at market prices,Spain,2018,1203859.00,
ESTAT:NAMA_10_GDP(1.0),05.12.22 23:00,Annual,"Current prices, million euro",Gross domestic product at market prices,Spain,2019,1245513.00,
ESTAT:NAMA_10_GDP(1.0),05.12.22 23:00,Annual,"Current prices, million euro",Gross domestic product at market prices,Spain,2020,1117989.00,p
ESTAT:NAMA_10_GDP(1.0),05.12.22 23:00,Annual,"Current prices, million euro",Gross domestic product at market prices,Spain,2021,1206842.00,p
ESTAT:NAMA_10_GDP(1.0),05.12.22 23:00,Annual,"Current prices, million euro",Gross domestic product at market prices,European Union,2011,11328119.30,
ESTAT:NAMA_10_GDP(1.0),05.12.22 23:00,Annual,"Current prices, million euro",Gross domestic product at market prices,European Union,2012,11396311.80,
ESTAT:NAMA_10_GDP(1.0),05.12.22 23:00,Annual,"Current prices, million euro",Gross domestic product at market prices,European Union,2013,11516103.30,
ESTAT:NAMA_10_GDP(1.0),05.12.22 23:00,Annual,"Current prices, million euro",Gross domestic product at market prices,European Union,2014,11782014.70,
ESTAT:NAMA_10_GDP(1.0),05.12.22 23:00,Annual,"Current prices, million euro",Gross domestic product at market prices,European Union,2015,12215074.10,
ESTAT:NAMA_10_GDP(1.0),05.12.22 23:00,Annual,"Current prices, million euro",Gross domestic product at market prices,European Union,2016,12548613.30,
ESTAT:NAMA_10_GDP(1.0),05.12.22 23:00,Annual,"Current prices, million euro",Gross domestic product at market prices,European Union,2017,13074740.10,
ESTAT:NAMA_10_GDP(1.0),05.12.22 23:00,Annual,"Current prices, million euro",Gross domestic product at market prices,European Union,2018,13533272.80,
ESTAT:NAMA_10_GDP(1.0),05.12.22 23:00,Annual,"Current prices, million euro",Gross domestic product at market prices,European Union,2019,14018482.90,
ESTAT:NAMA_10_GDP(1.0),05.12.22 23:00,Annual,"Current prices, million euro",Gross domestic product at market prices,European Union,2020,13460834.40,
ESTAT:NAMA_10_GDP(1.0),05.12.22 23:00,Annual,"Current prices, million euro",Gross domestic product at market prices,European Union,2021,14522342.20,
ESTAT:NAMA_10_GDP(1.0),05.12.22 23:00,Annual,"Current prices, million euro",Gross domestic product at market prices,Finland,2011,197998.00,
ESTAT:NAMA_10_GDP(1.0),05.12.22 23:00,Annual,"Current prices, million euro",Gross domestic product at market prices,Finland,2012,201037.00,
ESTAT:NAMA_10_GDP(1.0),05.12.22 23:00,Annual,"Current prices, million euro",Gross domestic product at market prices,Finland,2013,204321.00,
ESTAT:NAMA_10_GDP(1.0),05.12.22 23:00,Annual,"Current prices, million euro",Gross domestic product at market prices,Finland,2014,206897.00,
ESTAT:NAMA_10_GDP(1.0),05.12.22 23:00,Annual,"Current prices, million euro",Gross domestic product at market prices,Finland,2015,211385.00,
ESTAT:NAMA_10_GDP(1.0),05.12.22 23:00,Annual,"Current prices, million euro",Gross domestic product at market prices,Finland,2016,217518.00,
ESTAT:NAMA_10_GDP(1.0),05.12.22 23:00,Annual,"Current prices, million euro",Gross domestic product at market prices,Finland,2017,226301.00,
ESTAT:NAMA_10_GDP(1.0),05.12.22 23:00,Annual,"Current prices, million euro",Gross domestic product at market prices,Finland,2018,233462.00,
ESTAT:NAMA_10_GDP(1.0),05.12.22 23:00,Annual,"Current prices, million euro",Gross domestic product at market prices,Finland,2019,239858.00,
ESTAT:NAMA_10_GDP(1.0),05.12.22 23:00,Annual,"Current prices, million euro",Gross domestic product at market prices,Finland,2020,238043.00,
ESTAT:NAMA_10_GDP(1.0),05.12.22 23:00,Annual,"Current prices, million euro",Gross domestic product at market prices,Finland,2021,251367.00,
ESTAT:NAMA_10_GDP(1.0),05.12.22 23:00,Annual,"Current prices, million euro",Gross domestic product at market prices,France,2011,2058369.00,
ESTAT:NAMA_10_GDP(1.0),05.12.22 23:00,Annual,"Current prices, million euro",Gross domestic product at market prices,France,2012,2088804.00,
ESTAT:NAMA_10_GDP(1.0),05.12.22 23:00,Annual,"Current prices, million euro",Gross domestic product at market prices,France,2013,2117189.00,
ESTAT:NAMA_10_GDP(1.0),05.12.22 23:00,Annual,"Current prices, million euro",Gross domestic product at market prices,France,2014,2149765.00,
ESTAT:NAMA_10_GDP(1.0),05.12.22 23:00,Annual,"Current prices, million euro",Gross domestic product at market prices,France,2015,2198432.00,
ESTAT:NAMA_10_GDP(1.0),05.12.22 23:00,Annual,"Current prices, million euro",Gross domestic product at market prices,France,2016,2234129.00,
ESTAT:NAMA_10_GDP(1.0),05.12.22 23:00,Annual,"Current prices, million euro",Gross domestic product at market prices,France,2017,2297242.00,
ESTAT:NAMA_10_GDP(1.0),05.12.22 23:00,Annual,"Current prices, million euro",Gross domestic product at market prices,France,2018,2363306.00,
ESTAT:NAMA_10_GDP(1.0),05.12.22 23:00,Annual,"Current prices, million euro",Gross domestic product at market prices,France,2019,2437635.00,p
ESTAT:NAMA_10_GDP(1.0),05.12.22 23:00,Annual,"Current prices, million euro",Gross domestic product at market prices,France,2020,2310469.00,p
ESTAT:NAMA_10_GDP(1.0),05.12.22 23:00,Annual,"Current prices, million euro",Gross domestic product at market prices,France,2021,2500870.00,
ESTAT:NAMA_10_GDP(1.0),05.12.22 23:00,Annual,"Current prices, million euro",Gross domestic product at market prices,Croatia,2011,45549.90,
ESTAT:NAMA_10_GDP(1.0),05.12.22 23:00,Annual,"Current prices, million euro",Gross domestic product at market prices,Croatia,2012,44621.20,
ESTAT:NAMA_10_GDP(1.0),05.12.22 23:00,Annual,"Current prices, million euro",Gross domestic product at market prices,Croatia,2013,44437.10,
ESTAT:NAMA_10_GDP(1.0),05.12.22 23:00,Annual,"Current prices, million euro",Gross domestic product at market prices,Croatia,2014,43989.10,
ESTAT:NAMA_10_GDP(1.0),05.12.22 23:00,Annual,"Current prices, million euro",Gross domestic product at market prices,Croatia,2015,45257.90,
ESTAT:NAMA_10_GDP(1.0),05.12.22 23:00,Annual,"Current prices, million euro",Gross domestic product at market prices,Croatia,2016,47338.70,
ESTAT:NAMA_10_GDP(1.0),05.12.22 23:00,Annual,"Current prices, million euro",Gross domestic product at market prices,Croatia,2017,49985.90,
ESTAT:NAMA_10_GDP(1.0),05.12.22 23:00,Annual,"Current prices, million euro",Gross domestic product at market prices,Croatia,2018,52747.20,
ESTAT:NAMA_10_GDP(1.0),05.12.22 23:00,Annual,"Current prices, million euro",Gross domestic product at market prices,Croatia,2019,55644.40,
ESTAT:NAMA_10_GDP(1.0),05.12.22 23:00,Annual,"Current prices, million euro",Gross domestic product at market prices,Croatia,2020,50424.90,
ESTAT:NAMA_10_GDP(1.0),05.12.22 23:00,Annual,"Current prices, million euro",Gross domestic product at market prices,Croatia,2021,58254.10,p
ESTAT:NAMA_10_GDP(1.0),05.12.22 23:00,Annual,"Current prices, million euro",Gross domestic product at market prices,Hungary,2011,102152.00,
ESTAT:NAMA_10_GDP(1.0),05.12.22 23:00,Annual,"Current prices, million euro",Gross domestic product at market prices,Hungary,2012,100247.60,
ESTAT:NAMA_10_GDP(1.0),05.12.22 23:00,Annual,"Current prices, million euro",Gross domestic product at market prices,Hungary,2013,102239.70,
ESTAT:NAMA_10_GDP(1.0),05.12.22 23:00,Annual,"Current prices, million euro",Gross domestic product at market prices,Hungary,2014,106263.80,
ESTAT:NAMA_10_GDP(1.0),05.12.22 23:00,Annual,"Current prices, million euro",Gross domestic product at market prices,Hungary,2015,112791.00,
ESTAT:NAMA_10_GDP(1.0),05.12.22 23:00,Annual,"Current prices, million euro",Gross domestic product at market prices,Hungary,2016,116255.70,
ESTAT:NAMA_10_GDP(1.0),05.12.22 23:00,Annual,"Current prices, million euro",Gross domestic product at market prices,Hungary,2017,127024.70,
ESTAT:NAMA_10_GDP(1.0),05.12.22 23:00,Annual,"Current prices, million euro",Gross domestic product at market prices,Hungary,2018,136054.60,
ESTAT:NAMA_10_GDP(1.0),05.12.22 23:00,Annual,"Current prices, million euro",Gross domestic product at market prices,Hungary,2019,146526.10,
ESTAT:NAMA_10_GDP(1.0),05.12.22 23:00,Annual,"Current prices, million euro",Gross domestic product at market prices,Hungary,2020,137826.50,
ESTAT:NAMA_10_GDP(1.0),05.12.22 23:00,Annual,"Current prices, million euro",Gross domestic product at market prices,Hungary,2021,153758.70,p
ESTAT:NAMA_10_GDP(1.0),05.12.22 23:00,Annual,"Current prices, million euro",Gross domestic product at market prices,Ireland,2011,171703.20,
ESTAT:NAMA_10_GDP(1.0),05.12.22 23:00,Annual,"Current prices, million euro",Gross domestic product at market prices,Ireland,2012,175615.40,
ESTAT:NAMA_10_GDP(1.0),05.12.22 23:00,Annual,"Current prices, million euro",Gross domestic product at market prices,Ireland,2013,179457.60,
ESTAT:NAMA_10_GDP(1.0),05.12.22 23:00,Annual,"Current prices, million euro",Gross domestic product at market prices,Ireland,2014,195085.20,
ESTAT:NAMA_10_GDP(1.0),05.12.22 23:00,Annual,"Current prices, million euro",Gross domestic product at market prices,Ireland,2015,262975.90,
ESTAT:NAMA_10_GDP(1.0),05.12.22 23:00,Annual,"Current prices, million euro",Gross domestic product at market prices,Ireland,2016,270205.30,
ESTAT:NAMA_10_GDP(1.0),05.12.22 23:00,Annual,"Current prices, million euro",Gross domestic product at market prices,Ireland,2017,297763.20,
ESTAT:NAMA_10_GDP(1.0),05.12.22 23:00,Annual,"Current prices, million euro",Gross domestic product at market prices,Ireland,2018,326631.30,
ESTAT:NAMA_10_GDP(1.0),05.12.22 23:00,Annual,"Current prices, million euro",Gross domestic product at market prices,Ireland,2019,356704.60,
ESTAT:NAMA_10_GDP(1.0),05.12.22 23:00,Annual,"Current prices, million euro",Gross domestic product at market prices,Ireland,2020,372836.40,
ESTAT:NAMA_10_GDP(1.0),05.12.22 23:00,Annual,"Current prices, million euro",Gross domestic product at market prices,Ireland,2021,426283.40,
ESTAT:NAMA_10_GDP(1.0),05.12.22 23:00,Annual,"Current prices, million euro",Gross domestic product at market prices,Iceland,2011,10934.30,
ESTAT:NAMA_10_GDP(1.0),05.12.22 23:00,Annual,"Current prices, million euro",Gross domestic product at market prices,Iceland,2012,11479.90,
ESTAT:NAMA_10_GDP(1.0),05.12.22 23:00,Annual,"Current prices, million euro",Gross domestic product at market prices,Iceland,2013,12132.90,
ESTAT:NAMA_10_GDP(1.0),05.12.22 23:00,Annual,"Current prices, million euro",Gross domestic product at market prices,Iceland,2014,13472.60,
ESTAT:NAMA_10_GDP(1.0),05.12.22 23:00,Annual,"Current prices, million euro",Gross domestic product at market prices,Iceland,2015,15795.30,
ESTAT:NAMA_10_GDP(1.0),05.12.22 23:00,Annual,"Current prices, million euro",Gross domestic product at market prices,Iceland,2016,18804.20,
ESTAT:NAMA_10_GDP(1.0),05.12.22 23:00,Annual,"Current prices, million euro",Gross domestic product at market prices,Iceland,2017,21917.70,
ESTAT:NAMA_10_GDP(1.0),05.12.22 23:00,Annual,"Current prices, million euro",Gross domestic product at market prices,Iceland,2018,22241.10,
ESTAT:NAMA_10_GDP(1.0),05.12.22 23:00,Annual,"Current prices, million euro",Gross domestic product at market prices,Iceland,2019,22172.60,
ESTAT:NAMA_10_GDP(1.0),05.12.22 23:00,Annual,"Current prices, million euro",Gross domestic product at market prices,Iceland,2020,19004.70,
ESTAT:NAMA_10_GDP(1.0),05.12.22 23:00,Annual,"Current prices, million euro",Gross domestic product at market prices,Iceland,2021,21653.20,
ESTAT:NAMA_10_GDP(1.0),05.12.22 23:00,Annual,"Current prices, million euro",Gross domestic product at market prices,Italy,2011,1648755.80,
ESTAT:NAMA_10_GDP(1.0),05.12.22 23:00,Annual,"Current prices, million euro",Gross domestic product at market prices,Italy,2012,1624358.70,
ESTAT:NAMA_10_GDP(1.0),05.12.22 23:00,Annual,"Current prices, million euro",Gross domestic product at market prices,Italy,2013,1612751.30,
ESTAT:NAMA_10_GDP(1.0),05.12.22 23:00,Annual,"Current prices, million euro",Gross domestic product at market prices,Italy,2014,1627405.60,
ESTAT:NAMA_10_GDP(1.0),05.12.22 23:00,Annual,"Current prices, million euro",Gross domestic product at market prices,Italy,2015,1655355.00,
ESTAT:NAMA_10_GDP(1.0),05.12.22 23:00,Annual,"Current prices, million euro",Gross domestic product at market prices,Italy,2016,1695786.80,
ESTAT:NAMA_10_GDP(1.0),05.12.22 23:00,Annual,"Current prices, million euro",Gross domestic product at market prices,Italy,2017,1736592.80,
ESTAT:NAMA_10_GDP(1.0),05.12.22 23:00,Annual,"Current prices, million euro",Gross domestic product at market prices,Italy,2018,1771391.20,
ESTAT:NAMA_10_GDP(1.0),05.12.22 23:00,Annual,"Current prices, million euro",Gross domestic product at market prices,Italy,2019,1796648.50,
ESTAT:NAMA_10_GDP(1.0),05.12.22 23:00,Annual,"Current prices, million euro",Gross domestic product at market prices,Italy,2020,1660621.40,
ESTAT:NAMA_10_GDP(1.0),05.12.22 23:00,Annual,"Current prices, million euro",Gross domestic product at market prices,Italy,2021,1782050.40,
ESTAT:NAMA_10_GDP(1.0),05.12.22 23:00,Annual,"Current prices, million euro",Gross domestic product at market prices,Liechtenstein,2013,4812.40,
ESTAT:NAMA_10_GDP(1.0),05.12.22 23:00,Annual,"Current prices, million euro",Gross domestic product at market prices,Liechtenstein,2014,5021.70,
ESTAT:NAMA_10_GDP(1.0),05.12.22 23:00,Annual,"Current prices, million euro",Gross domestic product at market prices,Liechtenstein,2015,5649.10,
ESTAT:NAMA_10_GDP(1.0),05.12.22 23:00,Annual,"Current prices, million euro",Gross domestic product at market prices,Liechtenstein,2016,5637.70,
ESTAT:NAMA_10_GDP(1.0),05.12.22 23:00,Annual,"Current prices, million euro",Gross domestic product at market prices,Liechtenstein,2017,5734.60,
ESTAT:NAMA_10_GDP(1.0),05.12.22 23:00,Annual,"Current prices, million euro",Gross domestic product at market prices,Liechtenstein,2018,5666.30,
ESTAT:NAMA_10_GDP(1.0),05.12.22 23:00,Annual,"Current prices, million euro",Gross domestic product at market prices,Liechtenstein,2019,5750.10,
ESTAT:NAMA_10_GDP(1.0),05.12.22 23:00,Annual,"Current prices, million euro",Gross domestic product at market prices,Liechtenstein,2020,5617.90,p
ESTAT:NAMA_10_GDP(1.0),05.12.22 23:00,Annual,"Current prices, million euro",Gross domestic product at market prices,Lithuania,2011,31317.20,
ESTAT:NAMA_10_GDP(1.0),05.12.22 23:00,Annual,"Current prices, million euro",Gross domestic product at market prices,Lithuania,2012,33410.20,
ESTAT:NAMA_10_GDP(1.0),05.12.22 23:00,Annual,"Current prices, million euro",Gross domestic product at market prices,Lithuania,2013,35039.50,
ESTAT:NAMA_10_GDP(1.0),05.12.22 23:00,Annual,"Current prices, million euro",Gross domestic product at market prices,Lithuania,2014,36581.30,
ESTAT:NAMA_10_GDP(1.0),05.12.22 23:00,Annual,"Current prices, million euro",Gross domestic product at market prices,Lithuania,2015,37345.70,
ESTAT:NAMA_10_GDP(1.0),05.12.22 23:00,Annual,"Current prices, million euro",Gross domestic product at market prices,Lithuania,2016,38889.90,
ESTAT:NAMA_10_GDP(1.0),05.12.22 23:00,Annual,"Current prices, million euro",Gross domestic product at market prices,Lithuania,2017,42276.30,
ESTAT:NAMA_10_GDP(1.0),05.12.22 23:00,Annual,"Current prices, million euro",Gross domestic product at market prices,Lithuania,2018,45515.20,
ESTAT:NAMA_10_GDP(1.0),05.12.22 23:00,Annual,"Current prices, million euro",Gross domestic product at market prices,Lithuania,2019,48908.20,
ESTAT:NAMA_10_GDP(1.0),05.12.22 23:00,Annual,"Current prices, million euro",Gross domestic product at market prices,Lithuania,2020,49769.60,
ESTAT:NAMA_10_GDP(1.0),05.12.22 23:00,Annual,"Current prices, million euro",Gross domestic product at market prices,Lithuania,2021,56179.10,
ESTAT:NAMA_10_GDP(1.0),05.12.22 23:00,Annual,"Current prices, million euro",Gross domestic product at market prices,Luxembourg,2011,44323.50,
ESTAT:NAMA_10_GDP(1.0),05.12.22 23:00,Annual,"Current prices, million euro",Gross domestic product at market prices,Luxembourg,2012,46526.20,
ESTAT:NAMA_10_GDP(1.0),05.12.22 23:00,Annual,"Current prices, million euro",Gross domestic product at market prices,Luxembourg,2013,49094.50,
ESTAT:NAMA_10_GDP(1.0),05.12.22 23:00,Annual,"Current prices, million euro",Gross domestic product at market prices,Luxembourg,2014,51791.30,
ESTAT:NAMA_10_GDP(1.0),05.12.22 23:00,Annual,"Current prices, million euro",Gross domestic product at market prices,Luxembourg,2015,54142.30,
ESTAT:NAMA_10_GDP(1.0),05.12.22 23:00,Annual,"Current prices, million euro",Gross domestic product at market prices,Luxembourg,2016,56208.10,
ESTAT:NAMA_10_GDP(1.0),05.12.22 23:00,Annual,"Current prices, million euro",Gross domestic product at market prices,Luxembourg,2017,58168.80,
ESTAT:NAMA_10_GDP(1.0),05.12.22 23:00,Annual,"Current prices, million euro",Gross domestic product at market prices,Luxembourg,2018,60121.20,
ESTAT:NAMA_10_GDP(1.0),05.12.22 23:00,Annual,"Current prices, million euro",Gross domestic product at market prices,Luxembourg,2019,62373.60,
ESTAT:NAMA_10_GDP(1.0),05.12.22 23:00,Annual,"Current prices, million euro",Gross domestic product at market prices,Luxembourg,2020,64781.00,
ESTAT:NAMA_10_GDP(1.0),05.12.22 23:00,Annual,"Current prices, million euro",Gross domestic product at market prices,Luxembourg,2021,72295.00,p
ESTAT:NAMA_10_GDP(1.0),05.12.22 23:00,Annual,"Current prices, million euro",Gross domestic product at market prices,Latvia,2011,19666.00,
ESTAT:NAMA_10_GDP(1.0),05.12.22 23:00,Annual,"Current prices, million euro",Gross domestic product at market prices,Latvia,2012,22097.50,
ESTAT:NAMA_10_GDP(1.0),05.12.22 23:00,Annual,"Current prices, million euro",Gross domestic product at market prices,Latvia,2013,22791.30,
ESTAT:NAMA_10_GDP(1.0),05.12.22 23:00,Annual,"Current prices, million euro",Gross domestic product at market prices,Latvia,2014,23625.80,
ESTAT:NAMA_10_GDP(1.0),05.12.22 23:00,Annual,"Current prices, million euro",Gross domestic product at market prices,Latvia,2015,24572.10,
ESTAT:NAMA_10_GDP(1.0),05.12.22 23:00,Annual,"Current prices, million euro",Gross domestic product at market prices,Latvia,2016,25371.30,
ESTAT:NAMA_10_GDP(1.0),05.12.22 23:00,Annual,"Current prices, million euro",Gross domestic product at market prices,Latvia,2017,26984.40,
ESTAT:NAMA_10_GDP(1.0),05.12.22 23:00,Annual,"Current prices, million euro",Gross domestic product at market prices,Latvia,2018,29153.60,
ESTAT:NAMA_10_GDP(1.0),05.12.22 23:00,Annual,"Current prices, million euro",Gross domestic product at market prices,Latvia,2019,30678.60,
ESTAT:NAMA_10_GDP(1.0),05.12.22 23:00,Annual,"Current prices, million euro",Gross domestic product at market prices,Latvia,2020,30294.00,
ESTAT:NAMA_10_GDP(1.0),05.12.22 23:00,Annual,"Current prices, million euro",Gross domestic product at market prices,Latvia,2021,33695.90,
ESTAT:NAMA_10_GDP(1.0),05.12.22 23:00,Annual,"Current prices, million euro",Gross domestic product at market prices,Montenegro,2011,3264.80,
ESTAT:NAMA_10_GDP(1.0),05.12.22 23:00,Annual,"Current prices, million euro",Gross domestic product at market prices,Montenegro,2012,3181.50,
ESTAT:NAMA_10_GDP(1.0),05.12.22 23:00,Annual,"Current prices, million euro",Gross domestic product at market prices,Montenegro,2013,3362.50,
ESTAT:NAMA_10_GDP(1.0),05.12.22 23:00,Annual,"Current prices, million euro",Gross domestic product at market prices,Montenegro,2014,3457.90,
ESTAT:NAMA_10_GDP(1.0),05.12.22 23:00,Annual,"Current prices, million euro",Gross domestic product at market prices,Montenegro,2015,3654.50,
ESTAT:NAMA_10_GDP(1.0),05.12.22 23:00,Annual,"Current prices, million euro",Gross domestic product at market prices,Montenegro,2016,3954.20,
ESTAT:NAMA_10_GDP(1.0),05.12.22 23:00,Annual,"Current prices, million euro",Gross domestic product at market prices,Montenegro,2017,4299.10,
ESTAT:NAMA_10_GDP(1.0),05.12.22 23:00,Annual,"Current prices, million euro",Gross domestic product at market prices,Montenegro,2018,4663.10,
ESTAT:NAMA_10_GDP(1.0),05.12.22 23:00,Annual,"Current prices, million euro",Gross domestic product at market prices,Montenegro,2019,4950.70,
ESTAT:NAMA_10_GDP(1.0),05.12.22 23:00,Annual,"Current prices, million euro",Gross domestic product at market prices,Montenegro,2020,4185.60,
ESTAT:NAMA_10_GDP(1.0),05.12.22 23:00,Annual,"Current prices, million euro",Gross domestic product at market prices,Montenegro,2021,4955.10,
ESTAT:NAMA_10_GDP(1.0),05.12.22 23:00,Annual,"Current prices, million euro",Gross domestic product at market prices,North Macedonia,2011,7544.20,
ESTAT:NAMA_10_GDP(1.0),05.12.22 23:00,Annual,"Current prices, million euro",Gross domestic product at market prices,North Macedonia,2012,7584.80,
ESTAT:NAMA_10_GDP(1.0),05.12.22 23:00,Annual,"Current prices, million euro",Gross domestic product at market prices,North Macedonia,2013,8149.60,
ESTAT:NAMA_10_GDP(1.0),05.12.22 23:00,Annual,"Current prices, million euro",Gross domestic product at market prices,North Macedonia,2014,8562.00,
ESTAT:NAMA_10_GDP(1.0),05.12.22 23:00,Annual,"Current prices, million euro",Gross domestic product at market prices,North Macedonia,2015,9072.30,
ESTAT:NAMA_10_GDP(1.0),05.12.22 23:00,Annual,"Current prices, million euro",Gross domestic product at market prices,North Macedonia,2016,9656.50,
ESTAT:NAMA_10_GDP(1.0),05.12.22 23:00,Annual,"Current prices, million euro",Gross domestic product at market prices,North Macedonia,2017,10038.30,
ESTAT:NAMA_10_GDP(1.0),05.12.22 23:00,Annual,"Current prices, million euro",Gross domestic product at market prices,North Macedonia,2018,10744.00,
ESTAT:NAMA_10_GDP(1.0),05.12.22 23:00,Annual,"Current prices, million euro",Gross domestic product at market prices,North Macedonia,2019,11262.00,
ESTAT:NAMA_10_GDP(1.0),05.12.22 23:00,Annual,"Current prices, million euro",Gross domestic product at market prices,North Macedonia,2020,10635.30,p
ESTAT:NAMA_10_GDP(1.0),05.12.22 23:00,Annual,"Current prices, million euro",Gross domestic product at market prices,North Macedonia,2021,11734.00,e
ESTAT:NAMA_10_GDP(1.0),05.12.22 23:00,Annual,"Current prices, million euro",Gross domestic product at market prices,Malta,2011,6924.60,
ESTAT:NAMA_10_GDP(1.0),05.12.22 23:00,Annual,"Current prices, million euro",Gross domestic product at market prices,Malta,2012,7364.50,
ESTAT:NAMA_10_GDP(1.0),05.12.22 23:00,Annual,"Current prices, million euro",Gross domestic product at market prices,Malta,2013,7944.30,
ESTAT:NAMA_10_GDP(1.0),05.12.22 23:00,Annual,"Current prices, million euro",Gross domestic product at market prices,Malta,2014,8751.10,
ESTAT:NAMA_10_GDP(1.0),05.12.22 23:00,Annual,"Current prices, million euro",Gross domestic product at market prices,Malta,2015,9996.70,
ESTAT:NAMA_10_GDP(1.0),05.12.22 23:00,Annual,"Current prices, million euro",Gross domestic product at market prices,Malta,2016,10541.10,
ESTAT:NAMA_10_GDP(1.0),05.12.22 23:00,Annual,"Current prices, million euro",Gross domestic product at market prices,Malta,2017,11936.60,
ESTAT:NAMA_10_GDP(1.0),05.12.22 23:00,Annual,"Current prices, million euro",Gross domestic product at market prices,Malta,2018,12951.00,
ESTAT:NAMA_10_GDP(1.0),05.12.22 23:00,Annual,"Current prices, million euro",Gross domestic product at market prices,Malta,2019,14177.90,
ESTAT:NAMA_10_GDP(1.0),05.12.22 23:00,Annual,"Current prices, million euro",Gross domestic product at market prices,Malta,2020,13164.00,
ESTAT:NAMA_10_GDP(1.0),05.12.22 23:00,Annual,"Current prices, million euro",Gross domestic product at market prices,Malta,2021,14982.70,
ESTAT:NAMA_10_GDP(1.0),05.12.22 23:00,Annual,"Current prices, million euro",Gross domestic product at market prices,Netherlands,2011,650359.00,
ESTAT:NAMA_10_GDP(1.0),05.12.22 23:00,Annual,"Current prices, million euro",Gross domestic product at market prices,Netherlands,2012,652966.00,
ESTAT:NAMA_10_GDP(1.0),05.12.22 23:00,Annual,"Current prices, million euro",Gross domestic product at market prices,Netherlands,2013,660463.00,
ESTAT:NAMA_10_GDP(1.0),05.12.22 23:00,Annual,"Current prices, million euro",Gross domestic product at market prices,Netherlands,2014,671560.00,
ESTAT:NAMA_10_GDP(1.0),05.12.22 23:00,Annual,"Current prices, million euro",Gross domestic product at market prices,Netherlands,2015,690008.00,
ESTAT:NAMA_10_GDP(1.0),05.12.22 23:00,Annual,"Current prices, million euro",Gross domestic product at market prices,Netherlands,2016,708337.00,
ESTAT:NAMA_10_GDP(1.0),05.12.22 23:00,Annual,"Current prices, million euro",Gross domestic product at market prices,Netherlands,2017,738146.00,
ESTAT:NAMA_10_GDP(1.0),05.12.22 23:00,Annual,"Current prices, million euro",Gross domestic product at market prices,Netherlands,2018,773987.00,
ESTAT:NAMA_10_GDP(1.0),05.12.22 23:00,Annual,"Current prices, million euro",Gross domestic product at market prices,Netherlands,2019,813055.00,
ESTAT:NAMA_10_GDP(1.0),05.12.22 23:00,Annual,"Current prices, million euro",Gross domestic product at market prices,Netherlands,2020,796530.00,
ESTAT:NAMA_10_GDP(1.0),05.12.22 23:00,Annual,"Current prices, million euro",Gross domestic product at market prices,Netherlands,2021,856356.00,p
ESTAT:NAMA_10_GDP(1.0),05.12.22 23:00,Annual,"Current prices, million euro",Gross domestic product at market prices,Norway,2011,360552.40,
ESTAT:NAMA_10_GDP(1.0),05.12.22 23:00,Annual,"Current prices, million euro",Gross domestic product at market prices,Norway,2012,399069.20,
ESTAT:NAMA_10_GDP(1.0),05.12.22 23:00,Annual,"Current prices, million euro",Gross domestic product at market prices,Norway,2013,395856.80,
ESTAT:NAMA_10_GDP(1.0),05.12.22 23:00,Annual,"Current prices, million euro",Gross domestic product at market prices,Norway,2014,378456.40,
ESTAT:NAMA_10_GDP(1.0),05.12.22 23:00,Annual,"Current prices, million euro",Gross domestic product at market prices,Norway,2015,349756.70,
ESTAT:NAMA_10_GDP(1.0),05.12.22 23:00,Annual,"Current prices, million euro",Gross domestic product at market prices,Norway,2016,335396.50,
ESTAT:NAMA_10_GDP(1.0),05.12.22 23:00,Annual,"Current prices, million euro",Gross domestic product at market prices,Norway,2017,356288.50,
ESTAT:NAMA_10_GDP(1.0),05.12.22 23:00,Annual,"Current prices, million euro",Gross domestic product at market prices,Norway,2018,372657.60,
ESTAT:NAMA_10_GDP(1.0),05.12.22 23:00,Annual,"Current prices, million euro",Gross domestic product at market prices,Norway,2019,365130.50,
ESTAT:NAMA_10_GDP(1.0),05.12.22 23:00,Annual,"Current prices, million euro",Gross domestic product at market prices,Norway,2020,322823.80,
ESTAT:NAMA_10_GDP(1.0),05.12.22 23:00,Annual,"Current prices, million euro",Gross domestic product at market prices,Norway,2021,414187.30,
ESTAT:NAMA_10_GDP(1.0),05.12.22 23:00,Annual,"Current prices, million euro",Gross domestic product at market prices,Poland,2011,377042.40,
ESTAT:NAMA_10_GDP(1.0),05.12.22 23:00,Annual,"Current prices, million euro",Gross domestic product at market prices,Poland,2012,385389.40,
ESTAT:NAMA_10_GDP(1.0),05.12.22 23:00,Annual,"Current prices, million euro",Gross domestic product at market prices,Poland,2013,388356.40,
ESTAT:NAMA_10_GDP(1.0),05.12.22 23:00,Annual,"Current prices, million euro",Gross domestic product at market prices,Poland,2014,406412.50,
ESTAT:NAMA_10_GDP(1.0),05.12.22 23:00,Annual,"Current prices, million euro",Gross domestic product at market prices,Poland,2015,429834.60,
ESTAT:NAMA_10_GDP(1.0),05.12.22 23:00,Annual,"Current prices, million euro",Gross domestic product at market prices,Poland,2016,424735.30,
ESTAT:NAMA_10_GDP(1.0),05.12.22 23:00,Annual,"Current prices, million euro",Gross domestic product at market prices,Poland,2017,465772.60,
ESTAT:NAMA_10_GDP(1.0),05.12.22 23:00,Annual,"Current prices, million euro",Gross domestic product at market prices,Poland,2018,499004.10,
ESTAT:NAMA_10_GDP(1.0),05.12.22 23:00,Annual,"Current prices, million euro",Gross domestic product at market prices,Poland,2019,532504.70,
ESTAT:NAMA_10_GDP(1.0),05.12.22 23:00,Annual,"Current prices, million euro",Gross domestic product at market prices,Poland,2020,526147.20,
ESTAT:NAMA_10_GDP(1.0),05.12.22 23:00,Annual,"Current prices, million euro",Gross domestic product at market prices,Poland,2021,574771.80,
ESTAT:NAMA_10_GDP(1.0),05.12.22 23:00,Annual,"Current prices, million euro",Gross domestic product at market prices,Portugal,2011,176096.20,
ESTAT:NAMA_10_GDP(1.0),05.12.22 23:00,Annual,"Current prices, million euro",Gross domestic product at market prices,Portugal,2012,168295.60,
ESTAT:NAMA_10_GDP(1.0),05.12.22 23:00,Annual,"Current prices, million euro",Gross domestic product at market prices,Portugal,2013,170492.30,
ESTAT:NAMA_10_GDP(1.0),05.12.22 23:00,Annual,"Current prices, million euro",Gross domestic product at market prices,Portugal,2014,173053.70,
ESTAT:NAMA_10_GDP(1.0),05.12.22 23:00,Annual,"Current prices, million euro",Gross domestic product at market prices,Portugal,2015,179713.20,
ESTAT:NAMA_10_GDP(1.0),05.12.22 23:00,Annual,"Current prices, million euro",Gross domestic product at market prices,Portugal,2016,186489.80,
ESTAT:NAMA_10_GDP(1.0),05.12.22 23:00,Annual,"Current prices, million euro",Gross domestic product at market prices,Portugal,2017,195947.20,
ESTAT:NAMA_10_GDP(1.0),05.12.22 23:00,Annual,"Current prices, million euro",Gross domestic product at market prices,Portugal,2018,205184.10,
ESTAT:NAMA_10_GDP(1.0),05.12.22 23:00,Annual,"Current prices, million euro",Gross domestic product at market prices,Portugal,2019,214374.60,
ESTAT:NAMA_10_GDP(1.0),05.12.22 23:00,Annual,"Current prices, million euro",Gross domestic product at market prices,Portugal,2020,200518.90,
ESTAT:NAMA_10_GDP(1.0),05.12.22 23:00,Annual,"Current prices, million euro",Gross domestic product at market prices,Portugal,2021,214470.70,p
ESTAT:NAMA_10_GDP(1.0),05.12.22 23:00,Annual,"Current prices, million euro",Gross domestic product at market prices,Romania,2011,138520.70,
ESTAT:NAMA_10_GDP(1.0),05.12.22 23:00,Annual,"Current prices, million euro",Gross domestic product at market prices,Romania,2012,139319.80,
ESTAT:NAMA_10_GDP(1.0),05.12.22 23:00,Annual,"Current prices, million euro",Gross domestic product at market prices,Romania,2013,142928.90,
ESTAT:NAMA_10_GDP(1.0),05.12.22 23:00,Annual,"Current prices, million euro",Gross domestic product at market prices,Romania,2014,150522.40,
ESTAT:NAMA_10_GDP(1.0),05.12.22 23:00,Annual,"Current prices, million euro",Gross domestic product at market prices,Romania,2015,160287.80,
ESTAT:NAMA_10_GDP(1.0),05.12.22 23:00,Annual,"Current prices, million euro",Gross domestic product at market prices,Romania,2016,167494.30,
ESTAT:NAMA_10_GDP(1.0),05.12.22 23:00,Annual,"Current prices, million euro",Gross domestic product at market prices,Romania,2017,186399.00,
ESTAT:NAMA_10_GDP(1.0),05.12.22 23:00,Annual,"Current prices, million euro",Gross domestic product at market prices,Romania,2018,206071.90,
ESTAT:NAMA_10_GDP(1.0),05.12.22 23:00,Annual,"Current prices, million euro",Gross domestic product at market prices,Romania,2019,224178.60,
ESTAT:NAMA_10_GDP(1.0),05.12.22 23:00,Annual,"Current prices, million euro",Gross domestic product at market prices,Romania,2020,220486.60,
ESTAT:NAMA_10_GDP(1.0),05.12.22 23:00,Annual,"Current prices, million euro",Gross domestic product at market prices,Romania,2021,240154.00,p
ESTAT:NAMA_10_GDP(1.0),05.12.22 23:00,Annual,"Current prices, million euro",Gross domestic product at market prices,Serbia,2011,35431.70,
ESTAT:NAMA_10_GDP(1.0),05.12.22 23:00,Annual,"Current prices, million euro",Gross domestic product at market prices,Serbia,2012,33679.30,
ESTAT:NAMA_10_GDP(1.0),05.12.22 23:00,Annual,"Current prices, million euro",Gross domestic product at market prices,Serbia,2013,36426.70,
ESTAT:NAMA_10_GDP(1.0),05.12.22 23:00,Annual,"Current prices, million euro",Gross domestic product at market prices,Serbia,2014,35467.50,
ESTAT:NAMA_10_GDP(1.0),05.12.22 23:00,Annual,"Current prices, million euro",Gross domestic product at market prices,Serbia,2015,35740.20,
ESTAT:NAMA_10_GDP(1.0),05.12.22 23:00,Annual,"Current prices, million euro",Gross domestic product at market prices,Serbia,2016,36779.30,
ESTAT:NAMA_10_GDP(1.0),05.12.22 23:00,Annual,"Current prices, million euro",Gross domestic product at market prices,Serbia,2017,39235.30,
ESTAT:NAMA_10_GDP(1.0),05.12.22 23:00,Annual,"Current prices, million euro",Gross domestic product at market prices,Serbia,2018,42892.20,
ESTAT:NAMA_10_GDP(1.0),05.12.22 23:00,Annual,"Current prices, million euro",Gross domestic product at market prices,Serbia,2019,46005.40,
ESTAT:NAMA_10_GDP(1.0),05.12.22 23:00,Annual,"Current prices, million euro",Gross domestic product at market prices,Serbia,2020,46815.30,
ESTAT:NAMA_10_GDP(1.0),05.12.22 23:00,Annual,"Current prices, million euro",Gross domestic product at market prices,Serbia,2021,53329.30,p
ESTAT:NAMA_10_GDP(1.0),05.12.22 23:00,Annual,"Current prices, million euro",Gross domestic product at market prices,Sweden,2011,412844.70,
ESTAT:NAMA_10_GDP(1.0),05.12.22 23:00,Annual,"Current prices, million euro",Gross domestic product at market prices,Sweden,2012,430037.10,
ESTAT:NAMA_10_GDP(1.0),05.12.22 23:00,Annual,"Current prices, million euro",Gross domestic product at market prices,Sweden,2013,441850.70,
ESTAT:NAMA_10_GDP(1.0),05.12.22 23:00,Annual,"Current prices, million euro",Gross domestic product at market prices,Sweden,2014,438833.90,
ESTAT:NAMA_10_GDP(1.0),05.12.22 23:00,Annual,"Current prices, million euro",Gross domestic product at market prices,Sweden,2015,455494.70,
ESTAT:NAMA_10_GDP(1.0),05.12.22 23:00,Annual,"Current prices, million euro",Gross domestic product at market prices,Sweden,2016,466266.50,
ESTAT:NAMA_10_GDP(1.0),05.12.22 23:00,Annual,"Current prices, million euro",Gross domestic product at market prices,Sweden,2017,480025.50,
ESTAT:NAMA_10_GDP(1.0),05.12.22 23:00,Annual,"Current prices, million euro",Gross domestic product at market prices,Sweden,2018,470673.10,
ESTAT:NAMA_10_GDP(1.0),05.12.22 23:00,Annual,"Current prices, million euro",Gross domestic product at market prices,Sweden,2019,476869.50,
ESTAT:NAMA_10_GDP(1.0),05.12.22 23:00,Annual,"Current prices, million euro",Gross domestic product at market prices,Sweden,2020,480556.40,
ESTAT:NAMA_10_GDP(1.0),05.12.22 23:00,Annual,"Current prices, million euro",Gross domestic product at market prices,Sweden,2021,537085.00,
ESTAT:NAMA_10_GDP(1.0),05.12.22 23:00,Annual,"Current prices, million euro",Gross domestic product at market prices,Slovenia,2011,37058.60,
ESTAT:NAMA_10_GDP(1.0),05.12.22 23:00,Annual,"Current prices, million euro",Gross domestic product at market prices,Slovenia,2012,36253.30,
ESTAT:NAMA_10_GDP(1.0),05.12.22 23:00,Annual,"Current prices, million euro",Gross domestic product at market prices,Slovenia,2013,36454.30,
ESTAT:NAMA_10_GDP(1.0),05.12.22 23:00,Annual,"Current prices, million euro",Gross domestic product at market prices,Slovenia,2014,37634.30,
ESTAT:NAMA_10_GDP(1.0),05.12.22 23:00,Annual,"Current prices, million euro",Gross domestic product at market prices,Slovenia,2015,38852.60,
ESTAT:NAMA_10_GDP(1.0),05.12.22 23:00,Annual,"Current prices, million euro",Gross domestic product at market prices,Slovenia,2016,40443.20,
ESTAT:NAMA_10_GDP(1.0),05.12.22 23:00,Annual,"Current prices, million euro",Gross domestic product at market prices,Slovenia,2017,43011.30,
ESTAT:NAMA_10_GDP(1.0),05.12.22 23:00,Annual,"Current prices, million euro",Gross domestic product at market prices,Slovenia,2018,45876.30,
ESTAT:NAMA_10_GDP(1.0),05.12.22 23:00,Annual,"Current prices, million euro",Gross domestic product at market prices,Slovenia,2019,48533.10,
ESTAT:NAMA_10_GDP(1.0),05.12.22 23:00,Annual,"Current prices, million euro",Gross domestic product at market prices,Slovenia,2020,47020.60,
ESTAT:NAMA_10_GDP(1.0),05.12.22 23:00,Annual,"Current prices, million euro",Gross domestic product at market prices,Slovenia,2021,52208.10,
ESTAT:NAMA_10_GDP(1.0),05.12.22 23:00,Annual,"Current prices, million euro",Gross domestic product at market prices,Slovakia,2011,71785.80,
ESTAT:NAMA_10_GDP(1.0),05.12.22 23:00,Annual,"Current prices, million euro",Gross domestic product at market prices,Slovakia,2012,73649.30,
ESTAT:NAMA_10_GDP(1.0),05.12.22 23:00,Annual,"Current prices, million euro",Gross domestic product at market prices,Slovakia,2013,74492.80,
ESTAT:NAMA_10_GDP(1.0),05.12.22 23:00,Annual,"Current prices, million euro",Gross domestic product at market prices,Slovakia,2014,76354.50,
ESTAT:NAMA_10_GDP(1.0),05.12.22 23:00,Annual,"Current prices, million euro",Gross domestic product at market prices,Slovakia,2015,80126.00,
ESTAT:NAMA_10_GDP(1.0),05.12.22 23:00,Annual,"Current prices, million euro",Gross domestic product at market prices,Slovakia,2016,81265.20,
ESTAT:NAMA_10_GDP(1.0),05.12.22 23:00,Annual,"Current prices, million euro",Gross domestic product at market prices,Slovakia,2017,84669.90,
ESTAT:NAMA_10_GDP(1.0),05.12.22 23:00,Annual,"Current prices, million euro",Gross domestic product at market prices,Slovakia,2018,89874.70,
ESTAT:NAMA_10_GDP(1.0),05.12.22 23:00,Annual,"Current prices, million euro",Gross domestic product at market prices,Slovakia,2019,94437.50,
ESTAT:NAMA_10_GDP(1.0),05.12.22 23:00,Annual,"Current prices, million euro",Gross domestic product at market prices,Slovakia,2020,93413.80,
ESTAT:NAMA_10_GDP(1.0),05.12.22 23:00,Annual,"Current prices, million euro",Gross domestic product at market prices,Slovakia,2021,98523.00,
ESTAT:NAMA_10_GDP(1.0),05.12.22 23:00,Annual,"Current prices, million euro",Gross domestic product at market prices,Turkiye,2011,600961.40,
ESTAT:NAMA_10_GDP(1.0),05.12.22 23:00,Annual,"Current prices, million euro",Gross domestic product at market prices,Turkiye,2012,683587.30,
ESTAT:NAMA_10_GDP(1.0),05.12.22 23:00,Annual,"Current prices, million euro",Gross domestic product at market prices,Turkiye,2013,719726.60,
ESTAT:NAMA_10_GDP(1.0),05.12.22 23:00,Annual,"Current prices, million euro",Gross domestic product at market prices,Turkiye,2014,707000.80,
ESTAT:NAMA_10_GDP(1.0),05.12.22 23:00,Annual,"Current prices, million euro",Gross domestic product at market prices,Turkiye,2015,777042.30,
ESTAT:NAMA_10_GDP(1.0),05.12.22 23:00,Annual,"Current prices, million euro",Gross domestic product at market prices,Turkiye,2016,785618.90,
ESTAT:NAMA_10_GDP(1.0),05.12.22 23:00,Annual,"Current prices, million euro",Gross domestic product at market prices,Turkiye,2017,760497.10,
ESTAT:NAMA_10_GDP(1.0),05.12.22 23:00,Annual,"Current prices, million euro",Gross domestic product at market prices,Turkiye,2018,658544.40,
ESTAT:NAMA_10_GDP(1.0),05.12.22 23:00,Annual,"Current prices, million euro",Gross domestic product at market prices,Turkiye,2019,678180.00,
ESTAT:NAMA_10_GDP(1.0),05.12.22 23:00,Annual,"Current prices, million euro",Gross domestic product at market prices,Turkiye,2020,626742.20,
ESTAT:NAMA_10_GDP(1.0),05.12.22 23:00,Annual,"Current prices, million euro",Gross domestic product at market prices,Turkiye,2021,689546.50,
ESTAT:NAMA_10_GDP(1.0),05.12.22 23:00,Annual,"Current prices, million euro",Gross domestic product at market prices,United Kingdom,2011,1912869.30,
ESTAT:NAMA_10_GDP(1.0),05.12.22 23:00,Annual,"Current prices, million euro",Gross domestic product at market prices,United Kingdom,2012,2111028.90,
ESTAT:NAMA_10_GDP(1.0),05.12.22 23:00,Annual,"Current prices, million euro",Gross domestic product at market prices,United Kingdom,2013,2096338.00,
ESTAT:NAMA_10_GDP(1.0),05.12.22 23:00,Annual,"Current prices, million euro",Gross domestic product at market prices,United Kingdom,2014,2311080.20,
ESTAT:NAMA_10_GDP(1.0),05.12.22 23:00,Annual,"Current prices, million euro",Gross domestic product at market prices,United Kingdom,2015,2644716.50,
ESTAT:NAMA_10_GDP(1.0),05.12.22 23:00,Annual,"Current prices, million euro",Gross domestic product at market prices,United Kingdom,2016,2434119.20,
ESTAT:NAMA_10_GDP(1.0),05.12.22 23:00,Annual,"Current prices, million euro",Gross domestic product at market prices,United Kingdom,2017,2359789.90,
ESTAT:NAMA_10_GDP(1.0),05.12.22 23:00,Annual,"Current prices, million euro",Gross domestic product at market prices,United Kingdom,2018,2420897.20,
ESTAT:NAMA_10_GDP(1.0),05.12.22 23:00,Annual,"Current prices, million euro",Gross domestic product at market prices,United Kingdom,2019,2526615.20,
ESTAT:NAMA_10_GDP(1.0),05.12.22 23:00,Annual,"Current prices, million euro",Gross domestic product at market prices,Kosovo,2011,4555.90,
ESTAT:NAMA_10_GDP(1.0),05.12.22 23:00,Annual,"Current prices, million euro",Gross domestic product at market prices,Kosovo,2012,4797.30,
ESTAT:NAMA_10_GDP(1.0),05.12.22 23:00,Annual,"Current prices, million euro",Gross domestic product at market prices,Kosovo,2013,5071.30,
ESTAT:NAMA_10_GDP(1.0),05.12.22 23:00,Annual,"Current prices, million euro",Gross domestic product at market prices,Kosovo,2014,5325.10,
ESTAT:NAMA_10_GDP(1.0),05.12.22 23:00,Annual,"Current prices, million euro",Gross domestic product at market prices,Kosovo,2015,5674.40,
ESTAT:NAMA_10_GDP(1.0),05.12.22 23:00,Annual,"Current prices, million euro",Gross domestic product at market prices,Kosovo,2016,6037.30,
ESTAT:NAMA_10_GDP(1.0),05.12.22 23:00,Annual,"Current prices, million euro",Gross domestic product at market prices,Kosovo,2017,6356.50,
ESTAT:NAMA_10_GDP(1.0),05.12.22 23:00,Annual,"Current prices, million euro",Gross domestic product at market prices,Kosovo,2018,6671.50,
ESTAT:NAMA_10_GDP(1.0),05.12.22 23:00,Annual,"Current prices, million euro",Gross domestic product at market prices,Kosovo,2019,7056.20,
ESTAT:NAMA_10_GDP(1.0),05.12.22 23:00,Annual,"Current prices, million euro",Gross domestic product at market prices,Kosovo,2020,6771.60,
ESTAT:NAMA_10_GDP(1.0),05.12.22 23:00,Annual,"Current prices, million euro",Gross domestic product at market prices,Kosovo,2021,7957.90,