DATAFLOW,LAST UPDATE,freq,cpatc,unit,geo,TIME_PERIOD,OBS_VALUE,OBS_FLAG
ESTAT:CEI_CIE020(1.0),05.07.22 23:00,Annual,Climate change mitigation technologies related to wastewater treatment or waste management,Number,Austria,2000,9.17,
ESTAT:CEI_CIE020(1.0),05.07.22 23:00,Annual,Climate change mitigation technologies related to wastewater treatment or waste management,Number,Austria,2001,7.46,
ESTAT:CEI_CIE020(1.0),05.07.22 23:00,Annual,Climate change mitigation technologies related to wastewater treatment or waste management,Number,Austria,2002,17.74,
ESTAT:CEI_CIE020(1.0),05.07.22 23:00,Annual,Climate change mitigation technologies related to wastewater treatment or waste management,Number,Austria,2003,11.91,
ESTAT:CEI_CIE020(1.0),05.07.22 23:00,Annual,Climate change mitigation technologies related to wastewater treatment or waste management,Number,Austria,2004,9.3,
ESTAT:CEI_CIE020(1.0),05.07.22 23:00,Annual,Climate change mitigation technologies related to wastewater treatment or waste management,Number,Austria,2005,10.26,
ESTAT:CEI_CIE020(1.0),05.07.22 23:00,Annual,Climate change mitigation technologies related to wastewater treatment or waste management,Number,Austria,2006,9,
ESTAT:CEI_CIE020(1.0),05.07.22 23:00,Annual,Climate change mitigation technologies related to wastewater treatment or waste management,Number,Austria,2007,7.93,
ESTAT:CEI_CIE020(1.0),05.07.22 23:00,Annual,Climate change mitigation technologies related to wastewater treatment or waste management,Number,Austria,2008,8.86,
ESTAT:CEI_CIE020(1.0),05.07.22 23:00,Annual,Climate change mitigation technologies related to wastewater treatment or waste management,Number,Austria,2009,5.54,
ESTAT:CEI_CIE020(1.0),05.07.22 23:00,Annual,Climate change mitigation technologies related to wastewater treatment or waste management,Number,Austria,2010,10.14,
ESTAT:CEI_CIE020(1.0),05.07.22 23:00,Annual,Climate change mitigation technologies related to wastewater treatment or waste management,Number,Austria,2011,15.95,
ESTAT:CEI_CIE020(1.0),05.07.22 23:00,Annual,Climate change mitigation technologies related to wastewater treatment or waste management,Number,Austria,2012,11,
ESTAT:CEI_CIE020(1.0),05.07.22 23:00,Annual,Climate change mitigation technologies related to wastewater treatment or waste management,Number,Austria,2013,10.44,
ESTAT:CEI_CIE020(1.0),05.07.22 23:00,Annual,Climate change mitigation technologies related to wastewater treatment or waste management,Number,Austria,2014,10.04,
ESTAT:CEI_CIE020(1.0),05.07.22 23:00,Annual,Climate change mitigation technologies related to wastewater treatment or waste management,Number,Austria,2015,9.67,
ESTAT:CEI_CIE020(1.0),05.07.22 23:00,Annual,Climate change mitigation technologies related to wastewater treatment or waste management,Number,Austria,2016,5.72,
ESTAT:CEI_CIE020(1.0),05.07.22 23:00,Annual,Climate change mitigation technologies related to wastewater treatment or waste management,Number,Austria,2017,6.33,
ESTAT:CEI_CIE020(1.0),05.07.22 23:00,Annual,Climate change mitigation technologies related to wastewater treatment or waste management,Number,Austria,2018,9.86,
ESTAT:CEI_CIE020(1.0),05.07.22 23:00,Annual,Climate change mitigation technologies related to wastewater treatment or waste management,Number,Austria,2019,9.9,
ESTAT:CEI_CIE020(1.0),05.07.22 23:00,Annual,Climate change mitigation technologies related to wastewater treatment or waste management,Number,Belgium,2000,10.46,
ESTAT:CEI_CIE020(1.0),05.07.22 23:00,Annual,Climate change mitigation technologies related to wastewater treatment or waste management,Number,Belgium,2001,8.44,
ESTAT:CEI_CIE020(1.0),05.07.22 23:00,Annual,Climate change mitigation technologies related to wastewater treatment or waste management,Number,Belgium,2002,8.57,
ESTAT:CEI_CIE020(1.0),05.07.22 23:00,Annual,Climate change mitigation technologies related to wastewater treatment or waste management,Number,Belgium,2003,3.71,
ESTAT:CEI_CIE020(1.0),05.07.22 23:00,Annual,Climate change mitigation technologies related to wastewater treatment or waste management,Number,Belgium,2004,8.46,
ESTAT:CEI_CIE020(1.0),05.07.22 23:00,Annual,Climate change mitigation technologies related to wastewater treatment or waste management,Number,Belgium,2005,3.05,
ESTAT:CEI_CIE020(1.0),05.07.22 23:00,Annual,Climate change mitigation technologies related to wastewater treatment or waste management,Number,Belgium,2006,5.3,
ESTAT:CEI_CIE020(1.0),05.07.22 23:00,Annual,Climate change mitigation technologies related to wastewater treatment or waste management,Number,Belgium,2007,6.55,
ESTAT:CEI_CIE020(1.0),05.07.22 23:00,Annual,Climate change mitigation technologies related to wastewater treatment or waste management,Number,Belgium,2008,7.86,
ESTAT:CEI_CIE020(1.0),05.07.22 23:00,Annual,Climate change mitigation technologies related to wastewater treatment or waste management,Number,Belgium,2009,8.85,
ESTAT:CEI_CIE020(1.0),05.07.22 23:00,Annual,Climate change mitigation technologies related to wastewater treatment or waste management,Number,Belgium,2010,13.23,
ESTAT:CEI_CIE020(1.0),05.07.22 23:00,Annual,Climate change mitigation technologies related to wastewater treatment or waste management,Number,Belgium,2011,8.39,
ESTAT:CEI_CIE020(1.0),05.07.22 23:00,Annual,Climate change mitigation technologies related to wastewater treatment or waste management,Number,Belgium,2012,8.92,
ESTAT:CEI_CIE020(1.0),05.07.22 23:00,Annual,Climate change mitigation technologies related to wastewater treatment or waste management,Number,Belgium,2013,15.41,
ESTAT:CEI_CIE020(1.0),05.07.22 23:00,Annual,Climate change mitigation technologies related to wastewater treatment or waste management,Number,Belgium,2014,12.32,
ESTAT:CEI_CIE020(1.0),05.07.22 23:00,Annual,Climate change mitigation technologies related to wastewater treatment or waste management,Number,Belgium,2015,17.24,
ESTAT:CEI_CIE020(1.0),05.07.22 23:00,Annual,Climate change mitigation technologies related to wastewater treatment or waste management,Number,Belgium,2016,15.6,
ESTAT:CEI_CIE020(1.0),05.07.22 23:00,Annual,Climate change mitigation technologies related to wastewater treatment or waste management,Number,Belgium,2017,18.26,
ESTAT:CEI_CIE020(1.0),05.07.22 23:00,Annual,Climate change mitigation technologies related to wastewater treatment or waste management,Number,Belgium,2018,15.67,
ESTAT:CEI_CIE020(1.0),05.07.22 23:00,Annual,Climate change mitigation technologies related to wastewater treatment or waste management,Number,Belgium,2019,10.5,
ESTAT:CEI_CIE020(1.0),05.07.22 23:00,Annual,Climate change mitigation technologies related to wastewater treatment or waste management,Number,Bulgaria,2000,0,
ESTAT:CEI_CIE020(1.0),05.07.22 23:00,Annual,Climate change mitigation technologies related to wastewater treatment or waste management,Number,Bulgaria,2001,0,
ESTAT:CEI_CIE020(1.0),05.07.22 23:00,Annual,Climate change mitigation technologies related to wastewater treatment or waste management,Number,Bulgaria,2002,0,
ESTAT:CEI_CIE020(1.0),05.07.22 23:00,Annual,Climate change mitigation technologies related to wastewater treatment or waste management,Number,Bulgaria,2003,0.33,
ESTAT:CEI_CIE020(1.0),05.07.22 23:00,Annual,Climate change mitigation technologies related to wastewater treatment or waste management,Number,Bulgaria,2004,0,
ESTAT:CEI_CIE020(1.0),05.07.22 23:00,Annual,Climate change mitigation technologies related to wastewater treatment or waste management,Number,Bulgaria,2005,0,
ESTAT:CEI_CIE020(1.0),05.07.22 23:00,Annual,Climate change mitigation technologies related to wastewater treatment or waste management,Number,Bulgaria,2006,1,
ESTAT:CEI_CIE020(1.0),05.07.22 23:00,Annual,Climate change mitigation technologies related to wastewater treatment or waste management,Number,Bulgaria,2007,1,
ESTAT:CEI_CIE020(1.0),05.07.22 23:00,Annual,Climate change mitigation technologies related to wastewater treatment or waste management,Number,Bulgaria,2008,1,
ESTAT:CEI_CIE020(1.0),05.07.22 23:00,Annual,Climate change mitigation technologies related to wastewater treatment or waste management,Number,Bulgaria,2009,1,
ESTAT:CEI_CIE020(1.0),05.07.22 23:00,Annual,Climate change mitigation technologies related to wastewater treatment or waste management,Number,Bulgaria,2010,1,
ESTAT:CEI_CIE020(1.0),05.07.22 23:00,Annual,Climate change mitigation technologies related to wastewater treatment or waste management,Number,Bulgaria,2011,1,
ESTAT:CEI_CIE020(1.0),05.07.22 23:00,Annual,Climate change mitigation technologies related to wastewater treatment or waste management,Number,Bulgaria,2012,0,
ESTAT:CEI_CIE020(1.0),05.07.22 23:00,Annual,Climate change mitigation technologies related to wastewater treatment or waste management,Number,Bulgaria,2013,0,
ESTAT:CEI_CIE020(1.0),05.07.22 23:00,Annual,Climate change mitigation technologies related to wastewater treatment or waste management,Number,Bulgaria,2014,1.5,
ESTAT:CEI_CIE020(1.0),05.07.22 23:00,Annual,Climate change mitigation technologies related to wastewater treatment or waste management,Number,Bulgaria,2015,0.5,
ESTAT:CEI_CIE020(1.0),05.07.22 23:00,Annual,Climate change mitigation technologies related to wastewater treatment or waste management,Number,Bulgaria,2016,0.33,
ESTAT:CEI_CIE020(1.0),05.07.22 23:00,Annual,Climate change mitigation technologies related to wastewater treatment or waste management,Number,Bulgaria,2017,0.22,
ESTAT:CEI_CIE020(1.0),05.07.22 23:00,Annual,Climate change mitigation technologies related to wastewater treatment or waste management,Number,Bulgaria,2018,0.5,
ESTAT:CEI_CIE020(1.0),05.07.22 23:00,Annual,Climate change mitigation technologies related to wastewater treatment or waste management,Number,Bulgaria,2019,0,
ESTAT:CEI_CIE020(1.0),05.07.22 23:00,Annual,Climate change mitigation technologies related to wastewater treatment or waste management,Number,Cyprus,2000,0,
ESTAT:CEI_CIE020(1.0),05.07.22 23:00,Annual,Climate change mitigation technologies related to wastewater treatment or waste management,Number,Cyprus,2001,0.5,
ESTAT:CEI_CIE020(1.0),05.07.22 23:00,Annual,Climate change mitigation technologies related to wastewater treatment or waste management,Number,Cyprus,2002,1.27,
ESTAT:CEI_CIE020(1.0),05.07.22 23:00,Annual,Climate change mitigation technologies related to wastewater treatment or waste management,Number,Cyprus,2003,0,
ESTAT:CEI_CIE020(1.0),05.07.22 23:00,Annual,Climate change mitigation technologies related to wastewater treatment or waste management,Number,Cyprus,2004,0,
ESTAT:CEI_CIE020(1.0),05.07.22 23:00,Annual,Climate change mitigation technologies related to wastewater treatment or waste management,Number,Cyprus,2005,0,
ESTAT:CEI_CIE020(1.0),05.07.22 23:00,Annual,Climate change mitigation technologies related to wastewater treatment or waste management,Number,Cyprus,2006,0.5,
ESTAT:CEI_CIE020(1.0),05.07.22 23:00,Annual,Climate change mitigation technologies related to wastewater treatment or waste management,Number,Cyprus,2007,0.2,
ESTAT:CEI_CIE020(1.0),05.07.22 23:00,Annual,Climate change mitigation technologies related to wastewater treatment or waste management,Number,Cyprus,2008,0,
ESTAT:CEI_CIE020(1.0),05.07.22 23:00,Annual,Climate change mitigation technologies related to wastewater treatment or waste management,Number,Cyprus,2009,0.04,
ESTAT:CEI_CIE020(1.0),05.07.22 23:00,Annual,Climate change mitigation technologies related to wastewater treatment or waste management,Number,Cyprus,2010,0,
ESTAT:CEI_CIE020(1.0),05.07.22 23:00,Annual,Climate change mitigation technologies related to wastewater treatment or waste management,Number,Cyprus,2011,1.8,
ESTAT:CEI_CIE020(1.0),05.07.22 23:00,Annual,Climate change mitigation technologies related to wastewater treatment or waste management,Number,Cyprus,2012,0,
ESTAT:CEI_CIE020(1.0),05.07.22 23:00,Annual,Climate change mitigation technologies related to wastewater treatment or waste management,Number,Cyprus,2013,0,
ESTAT:CEI_CIE020(1.0),05.07.22 23:00,Annual,Climate change mitigation technologies related to wastewater treatment or waste management,Number,Cyprus,2014,0,
ESTAT:CEI_CIE020(1.0),05.07.22 23:00,Annual,Climate change mitigation technologies related to wastewater treatment or waste management,Number,Cyprus,2015,1,
ESTAT:CEI_CIE020(1.0),05.07.22 23:00,Annual,Climate change mitigation technologies related to wastewater treatment or waste management,Number,Cyprus,2016,0,
ESTAT:CEI_CIE020(1.0),05.07.22 23:00,Annual,Climate change mitigation technologies related to wastewater treatment or waste management,Number,Cyprus,2017,0,
ESTAT:CEI_CIE020(1.0),05.07.22 23:00,Annual,Climate change mitigation technologies related to wastewater treatment or waste management,Number,Cyprus,2018,0,
ESTAT:CEI_CIE020(1.0),05.07.22 23:00,Annual,Climate change mitigation technologies related to wastewater treatment or waste management,Number,Cyprus,2019,0,
ESTAT:CEI_CIE020(1.0),05.07.22 23:00,Annual,Climate change mitigation technologies related to wastewater treatment or waste management,Number,Czechia,2000,2.5,
ESTAT:CEI_CIE020(1.0),05.07.22 23:00,Annual,Climate change mitigation technologies related to wastewater treatment or waste management,Number,Czechia,2001,4.5,
ESTAT:CEI_CIE020(1.0),05.07.22 23:00,Annual,Climate change mitigation technologies related to wastewater treatment or waste management,Number,Czechia,2002,0.9,
ESTAT:CEI_CIE020(1.0),05.07.22 23:00,Annual,Climate change mitigation technologies related to wastewater treatment or waste management,Number,Czechia,2003,2.69,
ESTAT:CEI_CIE020(1.0),05.07.22 23:00,Annual,Climate change mitigation technologies related to wastewater treatment or waste management,Number,Czechia,2004,4.17,
ESTAT:CEI_CIE020(1.0),05.07.22 23:00,Annual,Climate change mitigation technologies related to wastewater treatment or waste management,Number,Czechia,2005,6.23,
ESTAT:CEI_CIE020(1.0),05.07.22 23:00,Annual,Climate change mitigation technologies related to wastewater treatment or waste management,Number,Czechia,2006,1.24,
ESTAT:CEI_CIE020(1.0),05.07.22 23:00,Annual,Climate change mitigation technologies related to wastewater treatment or waste management,Number,Czechia,2007,6.18,
ESTAT:CEI_CIE020(1.0),05.07.22 23:00,Annual,Climate change mitigation technologies related to wastewater treatment or waste management,Number,Czechia,2008,2.06,
ESTAT:CEI_CIE020(1.0),05.07.22 23:00,Annual,Climate change mitigation technologies related to wastewater treatment or waste management,Number,Czechia,2009,5.35,
ESTAT:CEI_CIE020(1.0),05.07.22 23:00,Annual,Climate change mitigation technologies related to wastewater treatment or waste management,Number,Czechia,2010,7.64,
ESTAT:CEI_CIE020(1.0),05.07.22 23:00,Annual,Climate change mitigation technologies related to wastewater treatment or waste management,Number,Czechia,2011,4.46,
ESTAT:CEI_CIE020(1.0),05.07.22 23:00,Annual,Climate change mitigation technologies related to wastewater treatment or waste management,Number,Czechia,2012,7.32,
ESTAT:CEI_CIE020(1.0),05.07.22 23:00,Annual,Climate change mitigation technologies related to wastewater treatment or waste management,Number,Czechia,2013,5,
ESTAT:CEI_CIE020(1.0),05.07.22 23:00,Annual,Climate change mitigation technologies related to wastewater treatment or waste management,Number,Czechia,2014,4.33,
ESTAT:CEI_CIE020(1.0),05.07.22 23:00,Annual,Climate change mitigation technologies related to wastewater treatment or waste management,Number,Czechia,2015,2.66,
ESTAT:CEI_CIE020(1.0),05.07.22 23:00,Annual,Climate change mitigation technologies related to wastewater treatment or waste management,Number,Czechia,2016,1.53,
ESTAT:CEI_CIE020(1.0),05.07.22 23:00,Annual,Climate change mitigation technologies related to wastewater treatment or waste management,Number,Czechia,2017,5.4,
ESTAT:CEI_CIE020(1.0),05.07.22 23:00,Annual,Climate change mitigation technologies related to wastewater treatment or waste management,Number,Czechia,2018,4.67,
ESTAT:CEI_CIE020(1.0),05.07.22 23:00,Annual,Climate change mitigation technologies related to wastewater treatment or waste management,Number,Czechia,2019,9.59,
ESTAT:CEI_CIE020(1.0),05.07.22 23:00,Annual,Climate change mitigation technologies related to wastewater treatment or waste management,Number,Germany,2000,127.16,
ESTAT:CEI_CIE020(1.0),05.07.22 23:00,Annual,Climate change mitigation technologies related to wastewater treatment or waste management,Number,Germany,2001,105.19,
ESTAT:CEI_CIE020(1.0),05.07.22 23:00,Annual,Climate change mitigation technologies related to wastewater treatment or waste management,Number,Germany,2002,109.5,
ESTAT:CEI_CIE020(1.0),05.07.22 23:00,Annual,Climate change mitigation technologies related to wastewater treatment or waste management,Number,Germany,2003,104.15,
ESTAT:CEI_CIE020(1.0),05.07.22 23:00,Annual,Climate change mitigation technologies related to wastewater treatment or waste management,Number,Germany,2004,97.64,
ESTAT:CEI_CIE020(1.0),05.07.22 23:00,Annual,Climate change mitigation technologies related to wastewater treatment or waste management,Number,Germany,2005,100.01,
ESTAT:CEI_CIE020(1.0),05.07.22 23:00,Annual,Climate change mitigation technologies related to wastewater treatment or waste management,Number,Germany,2006,86.99,
ESTAT:CEI_CIE020(1.0),05.07.22 23:00,Annual,Climate change mitigation technologies related to wastewater treatment or waste management,Number,Germany,2007,85.25,
ESTAT:CEI_CIE020(1.0),05.07.22 23:00,Annual,Climate change mitigation technologies related to wastewater treatment or waste management,Number,Germany,2008,104.74,
ESTAT:CEI_CIE020(1.0),05.07.22 23:00,Annual,Climate change mitigation technologies related to wastewater treatment or waste management,Number,Germany,2009,112.21,
ESTAT:CEI_CIE020(1.0),05.07.22 23:00,Annual,Climate change mitigation technologies related to wastewater treatment or waste management,Number,Germany,2010,90.73,
ESTAT:CEI_CIE020(1.0),05.07.22 23:00,Annual,Climate change mitigation technologies related to wastewater treatment or waste management,Number,Germany,2011,109.1,
ESTAT:CEI_CIE020(1.0),05.07.22 23:00,Annual,Climate change mitigation technologies related to wastewater treatment or waste management,Number,Germany,2012,90.56,
ESTAT:CEI_CIE020(1.0),05.07.22 23:00,Annual,Climate change mitigation technologies related to wastewater treatment or waste management,Number,Germany,2013,85.84,
ESTAT:CEI_CIE020(1.0),05.07.22 23:00,Annual,Climate change mitigation technologies related to wastewater treatment or waste management,Number,Germany,2014,82.99,
ESTAT:CEI_CIE020(1.0),05.07.22 23:00,Annual,Climate change mitigation technologies related to wastewater treatment or waste management,Number,Germany,2015,87.46,
ESTAT:CEI_CIE020(1.0),05.07.22 23:00,Annual,Climate change mitigation technologies related to wastewater treatment or waste management,Number,Germany,2016,80.54,
ESTAT:CEI_CIE020(1.0),05.07.22 23:00,Annual,Climate change mitigation technologies related to wastewater treatment or waste management,Number,Germany,2017,68.16,
ESTAT:CEI_CIE020(1.0),05.07.22 23:00,Annual,Climate change mitigation technologies related to wastewater treatment or waste management,Number,Germany,2018,77.68,
ESTAT:CEI_CIE020(1.0),05.07.22 23:00,Annual,Climate change mitigation technologies related to wastewater treatment or waste management,Number,Germany,2019,85.7,
ESTAT:CEI_CIE020(1.0),05.07.22 23:00,Annual,Climate change mitigation technologies related to wastewater treatment or waste management,Number,Denmark,2000,3.15,
ESTAT:CEI_CIE020(1.0),05.07.22 23:00,Annual,Climate change mitigation technologies related to wastewater treatment or waste management,Number,Denmark,2001,4.67,
ESTAT:CEI_CIE020(1.0),05.07.22 23:00,Annual,Climate change mitigation technologies related to wastewater treatment or waste management,Number,Denmark,2002,4.31,
ESTAT:CEI_CIE020(1.0),05.07.22 23:00,Annual,Climate change mitigation technologies related to wastewater treatment or waste management,Number,Denmark,2003,4.05,
ESTAT:CEI_CIE020(1.0),05.07.22 23:00,Annual,Climate change mitigation technologies related to wastewater treatment or waste management,Number,Denmark,2004,7.11,
ESTAT:CEI_CIE020(1.0),05.07.22 23:00,Annual,Climate change mitigation technologies related to wastewater treatment or waste management,Number,Denmark,2005,8.12,
ESTAT:CEI_CIE020(1.0),05.07.22 23:00,Annual,Climate change mitigation technologies related to wastewater treatment or waste management,Number,Denmark,2006,2.83,
ESTAT:CEI_CIE020(1.0),05.07.22 23:00,Annual,Climate change mitigation technologies related to wastewater treatment or waste management,Number,Denmark,2007,5.9,
ESTAT:CEI_CIE020(1.0),05.07.22 23:00,Annual,Climate change mitigation technologies related to wastewater treatment or waste management,Number,Denmark,2008,2.54,
ESTAT:CEI_CIE020(1.0),05.07.22 23:00,Annual,Climate change mitigation technologies related to wastewater treatment or waste management,Number,Denmark,2009,1.03,
ESTAT:CEI_CIE020(1.0),05.07.22 23:00,Annual,Climate change mitigation technologies related to wastewater treatment or waste management,Number,Denmark,2010,0.31,
ESTAT:CEI_CIE020(1.0),05.07.22 23:00,Annual,Climate change mitigation technologies related to wastewater treatment or waste management,Number,Denmark,2011,4.99,
ESTAT:CEI_CIE020(1.0),05.07.22 23:00,Annual,Climate change mitigation technologies related to wastewater treatment or waste management,Number,Denmark,2012,3.84,
ESTAT:CEI_CIE020(1.0),05.07.22 23:00,Annual,Climate change mitigation technologies related to wastewater treatment or waste management,Number,Denmark,2013,6.94,
ESTAT:CEI_CIE020(1.0),05.07.22 23:00,Annual,Climate change mitigation technologies related to wastewater treatment or waste management,Number,Denmark,2014,8.93,
ESTAT:CEI_CIE020(1.0),05.07.22 23:00,Annual,Climate change mitigation technologies related to wastewater treatment or waste management,Number,Denmark,2015,5.83,
ESTAT:CEI_CIE020(1.0),05.07.22 23:00,Annual,Climate change mitigation technologies related to wastewater treatment or waste management,Number,Denmark,2016,7.27,
ESTAT:CEI_CIE020(1.0),05.07.22 23:00,Annual,Climate change mitigation technologies related to wastewater treatment or waste management,Number,Denmark,2017,5.67,
ESTAT:CEI_CIE020(1.0),05.07.22 23:00,Annual,Climate change mitigation technologies related to wastewater treatment or waste management,Number,Denmark,2018,5.63,
ESTAT:CEI_CIE020(1.0),05.07.22 23:00,Annual,Climate change mitigation technologies related to wastewater treatment or waste management,Number,Denmark,2019,7.08,
ESTAT:CEI_CIE020(1.0),05.07.22 23:00,Annual,Climate change mitigation technologies related to wastewater treatment or waste management,Number,Estonia,2000,0,
ESTAT:CEI_CIE020(1.0),05.07.22 23:00,Annual,Climate change mitigation technologies related to wastewater treatment or waste management,Number,Estonia,2001,0,
ESTAT:CEI_CIE020(1.0),05.07.22 23:00,Annual,Climate change mitigation technologies related to wastewater treatment or waste management,Number,Estonia,2002,0,
ESTAT:CEI_CIE020(1.0),05.07.22 23:00,Annual,Climate change mitigation technologies related to wastewater treatment or waste management,Number,Estonia,2003,0,
ESTAT:CEI_CIE020(1.0),05.07.22 23:00,Annual,Climate change mitigation technologies related to wastewater treatment or waste management,Number,Estonia,2004,0,
ESTAT:CEI_CIE020(1.0),05.07.22 23:00,Annual,Climate change mitigation technologies related to wastewater treatment or waste management,Number,Estonia,2005,0,
ESTAT:CEI_CIE020(1.0),05.07.22 23:00,Annual,Climate change mitigation technologies related to wastewater treatment or waste management,Number,Estonia,2006,0,
ESTAT:CEI_CIE020(1.0),05.07.22 23:00,Annual,Climate change mitigation technologies related to wastewater treatment or waste management,Number,Estonia,2007,0,
ESTAT:CEI_CIE020(1.0),05.07.22 23:00,Annual,Climate change mitigation technologies related to wastewater treatment or waste management,Number,Estonia,2008,0,
ESTAT:CEI_CIE020(1.0),05.07.22 23:00,Annual,Climate change mitigation technologies related to wastewater treatment or waste management,Number,Estonia,2009,1,
ESTAT:CEI_CIE020(1.0),05.07.22 23:00,Annual,Climate change mitigation technologies related to wastewater treatment or waste management,Number,Estonia,2010,0.25,
ESTAT:CEI_CIE020(1.0),05.07.22 23:00,Annual,Climate change mitigation technologies related to wastewater treatment or waste management,Number,Estonia,2011,0,
ESTAT:CEI_CIE020(1.0),05.07.22 23:00,Annual,Climate change mitigation technologies related to wastewater treatment or waste management,Number,Estonia,2012,0.25,
ESTAT:CEI_CIE020(1.0),05.07.22 23:00,Annual,Climate change mitigation technologies related to wastewater treatment or waste management,Number,Estonia,2013,0,
ESTAT:CEI_CIE020(1.0),05.07.22 23:00,Annual,Climate change mitigation technologies related to wastewater treatment or waste management,Number,Estonia,2014,3,
ESTAT:CEI_CIE020(1.0),05.07.22 23:00,Annual,Climate change mitigation technologies related to wastewater treatment or waste management,Number,Estonia,2015,0,
ESTAT:CEI_CIE020(1.0),05.07.22 23:00,Annual,Climate change mitigation technologies related to wastewater treatment or waste management,Number,Estonia,2016,1,
ESTAT:CEI_CIE020(1.0),05.07.22 23:00,Annual,Climate change mitigation technologies related to wastewater treatment or waste management,Number,Estonia,2017,0,
ESTAT:CEI_CIE020(1.0),05.07.22 23:00,Annual,Climate change mitigation technologies related to wastewater treatment or waste management,Number,Estonia,2018,0,
ESTAT:CEI_CIE020(1.0),05.07.22 23:00,Annual,Climate change mitigation technologies related to wastewater treatment or waste management,Number,Estonia,2019,0,
ESTAT:CEI_CIE020(1.0),05.07.22 23:00,Annual,Climate change mitigation technologies related to wastewater treatment or waste management,Number,Greece,2000,0.25,
ESTAT:CEI_CIE020(1.0),05.07.22 23:00,Annual,Climate change mitigation technologies related to wastewater treatment or waste management,Number,Greece,2001,0,
ESTAT:CEI_CIE020(1.0),05.07.22 23:00,Annual,Climate change mitigation technologies related to wastewater treatment or waste management,Number,Greece,2002,0,
ESTAT:CEI_CIE020(1.0),05.07.22 23:00,Annual,Climate change mitigation technologies related to wastewater treatment or waste management,Number,Greece,2003,0.5,
ESTAT:CEI_CIE020(1.0),05.07.22 23:00,Annual,Climate change mitigation technologies related to wastewater treatment or waste management,Number,Greece,2004,0,
ESTAT:CEI_CIE020(1.0),05.07.22 23:00,Annual,Climate change mitigation technologies related to wastewater treatment or waste management,Number,Greece,2005,0.22,
ESTAT:CEI_CIE020(1.0),05.07.22 23:00,Annual,Climate change mitigation technologies related to wastewater treatment or waste management,Number,Greece,2006,0,
ESTAT:CEI_CIE020(1.0),05.07.22 23:00,Annual,Climate change mitigation technologies related to wastewater treatment or waste management,Number,Greece,2007,1.08,
ESTAT:CEI_CIE020(1.0),05.07.22 23:00,Annual,Climate change mitigation technologies related to wastewater treatment or waste management,Number,Greece,2008,0,
ESTAT:CEI_CIE020(1.0),05.07.22 23:00,Annual,Climate change mitigation technologies related to wastewater treatment or waste management,Number,Greece,2009,0,
ESTAT:CEI_CIE020(1.0),05.07.22 23:00,Annual,Climate change mitigation technologies related to wastewater treatment or waste management,Number,Greece,2010,1.29,
ESTAT:CEI_CIE020(1.0),05.07.22 23:00,Annual,Climate change mitigation technologies related to wastewater treatment or waste management,Number,Greece,2011,0,
ESTAT:CEI_CIE020(1.0),05.07.22 23:00,Annual,Climate change mitigation technologies related to wastewater treatment or waste management,Number,Greece,2012,0,
ESTAT:CEI_CIE020(1.0),05.07.22 23:00,Annual,Climate change mitigation technologies related to wastewater treatment or waste management,Number,Greece,2013,0,
ESTAT:CEI_CIE020(1.0),05.07.22 23:00,Annual,Climate change mitigation technologies related to wastewater treatment or waste management,Number,Greece,2014,0.5,
ESTAT:CEI_CIE020(1.0),05.07.22 23:00,Annual,Climate change mitigation technologies related to wastewater treatment or waste management,Number,Greece,2015,1.5,
ESTAT:CEI_CIE020(1.0),05.07.22 23:00,Annual,Climate change mitigation technologies related to wastewater treatment or waste management,Number,Greece,2016,1,
ESTAT:CEI_CIE020(1.0),05.07.22 23:00,Annual,Climate change mitigation technologies related to wastewater treatment or waste management,Number,Greece,2017,1.75,
ESTAT:CEI_CIE020(1.0),05.07.22 23:00,Annual,Climate change mitigation technologies related to wastewater treatment or waste management,Number,Greece,2018,0,
ESTAT:CEI_CIE020(1.0),05.07.22 23:00,Annual,Climate change mitigation technologies related to wastewater treatment or waste management,Number,Greece,2019,0,
ESTAT:CEI_CIE020(1.0),05.07.22 23:00,Annual,Climate change mitigation technologies related to wastewater treatment or waste management,Number,Spain,2000,10,
ESTAT:CEI_CIE020(1.0),05.07.22 23:00,Annual,Climate change mitigation technologies related to wastewater treatment or waste management,Number,Spain,2001,14.13,
ESTAT:CEI_CIE020(1.0),05.07.22 23:00,Annual,Climate change mitigation technologies related to wastewater treatment or waste management,Number,Spain,2002,12.76,
ESTAT:CEI_CIE020(1.0),05.07.22 23:00,Annual,Climate change mitigation technologies related to wastewater treatment or waste management,Number,Spain,2003,13.1,
ESTAT:CEI_CIE020(1.0),05.07.22 23:00,Annual,Climate change mitigation technologies related to wastewater treatment or waste management,Number,Spain,2004,7.07,
ESTAT:CEI_CIE020(1.0),05.07.22 23:00,Annual,Climate change mitigation technologies related to wastewater treatment or waste management,Number,Spain,2005,20.19,
ESTAT:CEI_CIE020(1.0),05.07.22 23:00,Annual,Climate change mitigation technologies related to wastewater treatment or waste management,Number,Spain,2006,10.72,
ESTAT:CEI_CIE020(1.0),05.07.22 23:00,Annual,Climate change mitigation technologies related to wastewater treatment or waste management,Number,Spain,2007,18.64,
ESTAT:CEI_CIE020(1.0),05.07.22 23:00,Annual,Climate change mitigation technologies related to wastewater treatment or waste management,Number,Spain,2008,22.37,
ESTAT:CEI_CIE020(1.0),05.07.22 23:00,Annual,Climate change mitigation technologies related to wastewater treatment or waste management,Number,Spain,2009,22.15,
ESTAT:CEI_CIE020(1.0),05.07.22 23:00,Annual,Climate change mitigation technologies related to wastewater treatment or waste management,Number,Spain,2010,17.72,
ESTAT:CEI_CIE020(1.0),05.07.22 23:00,Annual,Climate change mitigation technologies related to wastewater treatment or waste management,Number,Spain,2011,17.66,
ESTAT:CEI_CIE020(1.0),05.07.22 23:00,Annual,Climate change mitigation technologies related to wastewater treatment or waste management,Number,Spain,2012,18.37,
ESTAT:CEI_CIE020(1.0),05.07.22 23:00,Annual,Climate change mitigation technologies related to wastewater treatment or waste management,Number,Spain,2013,29.64,
ESTAT:CEI_CIE020(1.0),05.07.22 23:00,Annual,Climate change mitigation technologies related to wastewater treatment or waste management,Number,Spain,2014,22.7,
ESTAT:CEI_CIE020(1.0),05.07.22 23:00,Annual,Climate change mitigation technologies related to wastewater treatment or waste management,Number,Spain,2015,17.32,
ESTAT:CEI_CIE020(1.0),05.07.22 23:00,Annual,Climate change mitigation technologies related to wastewater treatment or waste management,Number,Spain,2016,30.29,
ESTAT:CEI_CIE020(1.0),05.07.22 23:00,Annual,Climate change mitigation technologies related to wastewater treatment or waste management,Number,Spain,2017,14.29,
ESTAT:CEI_CIE020(1.0),05.07.22 23:00,Annual,Climate change mitigation technologies related to wastewater treatment or waste management,Number,Spain,2018,19.97,
ESTAT:CEI_CIE020(1.0),05.07.22 23:00,Annual,Climate change mitigation technologies related to wastewater treatment or waste management,Number,Spain,2019,17.05,
ESTAT:CEI_CIE020(1.0),05.07.22 23:00,Annual,Climate change mitigation technologies related to wastewater treatment or waste management,Number,European Union ,2000,259.18,
ESTAT:CEI_CIE020(1.0),05.07.22 23:00,Annual,Climate change mitigation technologies related to wastewater treatment or waste management,Number,European Union ,2001,237.74,
ESTAT:CEI_CIE020(1.0),05.07.22 23:00,Annual,Climate change mitigation technologies related to wastewater treatment or waste management,Number,European Union ,2002,255.42,
ESTAT:CEI_CIE020(1.0),05.07.22 23:00,Annual,Climate change mitigation technologies related to wastewater treatment or waste management,Number,European Union ,2003,245.39,
ESTAT:CEI_CIE020(1.0),05.07.22 23:00,Annual,Climate change mitigation technologies related to wastewater treatment or waste management,Number,European Union ,2004,226.75,
ESTAT:CEI_CIE020(1.0),05.07.22 23:00,Annual,Climate change mitigation technologies related to wastewater treatment or waste management,Number,European Union ,2005,256.86,
ESTAT:CEI_CIE020(1.0),05.07.22 23:00,Annual,Climate change mitigation technologies related to wastewater treatment or waste management,Number,European Union ,2006,231.82,
ESTAT:CEI_CIE020(1.0),05.07.22 23:00,Annual,Climate change mitigation technologies related to wastewater treatment or waste management,Number,European Union ,2007,233.17,
ESTAT:CEI_CIE020(1.0),05.07.22 23:00,Annual,Climate change mitigation technologies related to wastewater treatment or waste management,Number,European Union ,2008,272.03,
ESTAT:CEI_CIE020(1.0),05.07.22 23:00,Annual,Climate change mitigation technologies related to wastewater treatment or waste management,Number,European Union ,2009,290.94,
ESTAT:CEI_CIE020(1.0),05.07.22 23:00,Annual,Climate change mitigation technologies related to wastewater treatment or waste management,Number,European Union ,2010,306.15,
ESTAT:CEI_CIE020(1.0),05.07.22 23:00,Annual,Climate change mitigation technologies related to wastewater treatment or waste management,Number,European Union ,2011,322.66,
ESTAT:CEI_CIE020(1.0),05.07.22 23:00,Annual,Climate change mitigation technologies related to wastewater treatment or waste management,Number,European Union ,2012,338.56,
ESTAT:CEI_CIE020(1.0),05.07.22 23:00,Annual,Climate change mitigation technologies related to wastewater treatment or waste management,Number,European Union ,2013,316.25,
ESTAT:CEI_CIE020(1.0),05.07.22 23:00,Annual,Climate change mitigation technologies related to wastewater treatment or waste management,Number,European Union ,2014,329.65,
ESTAT:CEI_CIE020(1.0),05.07.22 23:00,Annual,Climate change mitigation technologies related to wastewater treatment or waste management,Number,European Union ,2015,350.03,
ESTAT:CEI_CIE020(1.0),05.07.22 23:00,Annual,Climate change mitigation technologies related to wastewater treatment or waste management,Number,European Union ,2016,320.89,
ESTAT:CEI_CIE020(1.0),05.07.22 23:00,Annual,Climate change mitigation technologies related to wastewater treatment or waste management,Number,European Union ,2017,298.52,
ESTAT:CEI_CIE020(1.0),05.07.22 23:00,Annual,Climate change mitigation technologies related to wastewater treatment or waste management,Number,European Union ,2018,298.43,
ESTAT:CEI_CIE020(1.0),05.07.22 23:00,Annual,Climate change mitigation technologies related to wastewater treatment or waste management,Number,European Union ,2019,295.32,
ESTAT:CEI_CIE020(1.0),05.07.22 23:00,Annual,Climate change mitigation technologies related to wastewater treatment or waste management,Number,Finland,2000,6.01,
ESTAT:CEI_CIE020(1.0),05.07.22 23:00,Annual,Climate change mitigation technologies related to wastewater treatment or waste management,Number,Finland,2001,11.03,
ESTAT:CEI_CIE020(1.0),05.07.22 23:00,Annual,Climate change mitigation technologies related to wastewater treatment or waste management,Number,Finland,2002,10.25,
ESTAT:CEI_CIE020(1.0),05.07.22 23:00,Annual,Climate change mitigation technologies related to wastewater treatment or waste management,Number,Finland,2003,8.36,
ESTAT:CEI_CIE020(1.0),05.07.22 23:00,Annual,Climate change mitigation technologies related to wastewater treatment or waste management,Number,Finland,2004,6.37,
ESTAT:CEI_CIE020(1.0),05.07.22 23:00,Annual,Climate change mitigation technologies related to wastewater treatment or waste management,Number,Finland,2005,8.49,
ESTAT:CEI_CIE020(1.0),05.07.22 23:00,Annual,Climate change mitigation technologies related to wastewater treatment or waste management,Number,Finland,2006,11.36,
ESTAT:CEI_CIE020(1.0),05.07.22 23:00,Annual,Climate change mitigation technologies related to wastewater treatment or waste management,Number,Finland,2007,10.44,
ESTAT:CEI_CIE020(1.0),05.07.22 23:00,Annual,Climate change mitigation technologies related to wastewater treatment or waste management,Number,Finland,2008,5.38,
ESTAT:CEI_CIE020(1.0),05.07.22 23:00,Annual,Climate change mitigation technologies related to wastewater treatment or waste management,Number,Finland,2009,10.46,
ESTAT:CEI_CIE020(1.0),05.07.22 23:00,Annual,Climate change mitigation technologies related to wastewater treatment or waste management,Number,Finland,2010,14.54,
ESTAT:CEI_CIE020(1.0),05.07.22 23:00,Annual,Climate change mitigation technologies related to wastewater treatment or waste management,Number,Finland,2011,7.79,
ESTAT:CEI_CIE020(1.0),05.07.22 23:00,Annual,Climate change mitigation technologies related to wastewater treatment or waste management,Number,Finland,2012,11.73,
ESTAT:CEI_CIE020(1.0),05.07.22 23:00,Annual,Climate change mitigation technologies related to wastewater treatment or waste management,Number,Finland,2013,13.09,
ESTAT:CEI_CIE020(1.0),05.07.22 23:00,Annual,Climate change mitigation technologies related to wastewater treatment or waste management,Number,Finland,2014,15.35,
ESTAT:CEI_CIE020(1.0),05.07.22 23:00,Annual,Climate change mitigation technologies related to wastewater treatment or waste management,Number,Finland,2015,17.14,
ESTAT:CEI_CIE020(1.0),05.07.22 23:00,Annual,Climate change mitigation technologies related to wastewater treatment or waste management,Number,Finland,2016,16.19,
ESTAT:CEI_CIE020(1.0),05.07.22 23:00,Annual,Climate change mitigation technologies related to wastewater treatment or waste management,Number,Finland,2017,17.83,
ESTAT:CEI_CIE020(1.0),05.07.22 23:00,Annual,Climate change mitigation technologies related to wastewater treatment or waste management,Number,Finland,2018,16.1,
ESTAT:CEI_CIE020(1.0),05.07.22 23:00,Annual,Climate change mitigation technologies related to wastewater treatment or waste management,Number,Finland,2019,16.33,
ESTAT:CEI_CIE020(1.0),05.07.22 23:00,Annual,Climate change mitigation technologies related to wastewater treatment or waste management,Number,France,2000,38.99,
ESTAT:CEI_CIE020(1.0),05.07.22 23:00,Annual,Climate change mitigation technologies related to wastewater treatment or waste management,Number,France,2001,35.24,
ESTAT:CEI_CIE020(1.0),05.07.22 23:00,Annual,Climate change mitigation technologies related to wastewater treatment or waste management,Number,France,2002,34.48,
ESTAT:CEI_CIE020(1.0),05.07.22 23:00,Annual,Climate change mitigation technologies related to wastewater treatment or waste management,Number,France,2003,41.39,
ESTAT:CEI_CIE020(1.0),05.07.22 23:00,Annual,Climate change mitigation technologies related to wastewater treatment or waste management,Number,France,2004,36.72,
ESTAT:CEI_CIE020(1.0),05.07.22 23:00,Annual,Climate change mitigation technologies related to wastewater treatment or waste management,Number,France,2005,32.88,
ESTAT:CEI_CIE020(1.0),05.07.22 23:00,Annual,Climate change mitigation technologies related to wastewater treatment or waste management,Number,France,2006,40.34,
ESTAT:CEI_CIE020(1.0),05.07.22 23:00,Annual,Climate change mitigation technologies related to wastewater treatment or waste management,Number,France,2007,33.65,
ESTAT:CEI_CIE020(1.0),05.07.22 23:00,Annual,Climate change mitigation technologies related to wastewater treatment or waste management,Number,France,2008,37.08,
ESTAT:CEI_CIE020(1.0),05.07.22 23:00,Annual,Climate change mitigation technologies related to wastewater treatment or waste management,Number,France,2009,32.62,
ESTAT:CEI_CIE020(1.0),05.07.22 23:00,Annual,Climate change mitigation technologies related to wastewater treatment or waste management,Number,France,2010,49.03,
ESTAT:CEI_CIE020(1.0),05.07.22 23:00,Annual,Climate change mitigation technologies related to wastewater treatment or waste management,Number,France,2011,37.42,
ESTAT:CEI_CIE020(1.0),05.07.22 23:00,Annual,Climate change mitigation technologies related to wastewater treatment or waste management,Number,France,2012,53.48,
ESTAT:CEI_CIE020(1.0),05.07.22 23:00,Annual,Climate change mitigation technologies related to wastewater treatment or waste management,Number,France,2013,40.93,
ESTAT:CEI_CIE020(1.0),05.07.22 23:00,Annual,Climate change mitigation technologies related to wastewater treatment or waste management,Number,France,2014,72.48,
ESTAT:CEI_CIE020(1.0),05.07.22 23:00,Annual,Climate change mitigation technologies related to wastewater treatment or waste management,Number,France,2015,42.08,
ESTAT:CEI_CIE020(1.0),05.07.22 23:00,Annual,Climate change mitigation technologies related to wastewater treatment or waste management,Number,France,2016,38.39,
ESTAT:CEI_CIE020(1.0),05.07.22 23:00,Annual,Climate change mitigation technologies related to wastewater treatment or waste management,Number,France,2017,37.59,
ESTAT:CEI_CIE020(1.0),05.07.22 23:00,Annual,Climate change mitigation technologies related to wastewater treatment or waste management,Number,France,2018,36.19,
ESTAT:CEI_CIE020(1.0),05.07.22 23:00,Annual,Climate change mitigation technologies related to wastewater treatment or waste management,Number,France,2019,38.78,
ESTAT:CEI_CIE020(1.0),05.07.22 23:00,Annual,Climate change mitigation technologies related to wastewater treatment or waste management,Number,Croatia,2000,0,
ESTAT:CEI_CIE020(1.0),05.07.22 23:00,Annual,Climate change mitigation technologies related to wastewater treatment or waste management,Number,Croatia,2001,0,
ESTAT:CEI_CIE020(1.0),05.07.22 23:00,Annual,Climate change mitigation technologies related to wastewater treatment or waste management,Number,Croatia,2002,1,
ESTAT:CEI_CIE020(1.0),05.07.22 23:00,Annual,Climate change mitigation technologies related to wastewater treatment or waste management,Number,Croatia,2003,0,
ESTAT:CEI_CIE020(1.0),05.07.22 23:00,Annual,Climate change mitigation technologies related to wastewater treatment or waste management,Number,Croatia,2004,0,
ESTAT:CEI_CIE020(1.0),05.07.22 23:00,Annual,Climate change mitigation technologies related to wastewater treatment or waste management,Number,Croatia,2005,0.63,
ESTAT:CEI_CIE020(1.0),05.07.22 23:00,Annual,Climate change mitigation technologies related to wastewater treatment or waste management,Number,Croatia,2006,0,
ESTAT:CEI_CIE020(1.0),05.07.22 23:00,Annual,Climate change mitigation technologies related to wastewater treatment or waste management,Number,Croatia,2007,0.56,
ESTAT:CEI_CIE020(1.0),05.07.22 23:00,Annual,Climate change mitigation technologies related to wastewater treatment or waste management,Number,Croatia,2008,0,
ESTAT:CEI_CIE020(1.0),05.07.22 23:00,Annual,Climate change mitigation technologies related to wastewater treatment or waste management,Number,Croatia,2009,0,
ESTAT:CEI_CIE020(1.0),05.07.22 23:00,Annual,Climate change mitigation technologies related to wastewater treatment or waste management,Number,Croatia,2010,1,
ESTAT:CEI_CIE020(1.0),05.07.22 23:00,Annual,Climate change mitigation technologies related to wastewater treatment or waste management,Number,Croatia,2011,0.67,
ESTAT:CEI_CIE020(1.0),05.07.22 23:00,Annual,Climate change mitigation technologies related to wastewater treatment or waste management,Number,Croatia,2012,0.17,
ESTAT:CEI_CIE020(1.0),05.07.22 23:00,Annual,Climate change mitigation technologies related to wastewater treatment or waste management,Number,Croatia,2013,0,
ESTAT:CEI_CIE020(1.0),05.07.22 23:00,Annual,Climate change mitigation technologies related to wastewater treatment or waste management,Number,Croatia,2014,0,
ESTAT:CEI_CIE020(1.0),05.07.22 23:00,Annual,Climate change mitigation technologies related to wastewater treatment or waste management,Number,Croatia,2015,0,
ESTAT:CEI_CIE020(1.0),05.07.22 23:00,Annual,Climate change mitigation technologies related to wastewater treatment or waste management,Number,Croatia,2016,2.16,
ESTAT:CEI_CIE020(1.0),05.07.22 23:00,Annual,Climate change mitigation technologies related to wastewater treatment or waste management,Number,Croatia,2017,0,
ESTAT:CEI_CIE020(1.0),05.07.22 23:00,Annual,Climate change mitigation technologies related to wastewater treatment or waste management,Number,Croatia,2018,0,
ESTAT:CEI_CIE020(1.0),05.07.22 23:00,Annual,Climate change mitigation technologies related to wastewater treatment or waste management,Number,Croatia,2019,0,
ESTAT:CEI_CIE020(1.0),05.07.22 23:00,Annual,Climate change mitigation technologies related to wastewater treatment or waste management,Number,Hungary,2000,0.95,
ESTAT:CEI_CIE020(1.0),05.07.22 23:00,Annual,Climate change mitigation technologies related to wastewater treatment or waste management,Number,Hungary,2001,0.5,
ESTAT:CEI_CIE020(1.0),05.07.22 23:00,Annual,Climate change mitigation technologies related to wastewater treatment or waste management,Number,Hungary,2002,0,
ESTAT:CEI_CIE020(1.0),05.07.22 23:00,Annual,Climate change mitigation technologies related to wastewater treatment or waste management,Number,Hungary,2003,3,
ESTAT:CEI_CIE020(1.0),05.07.22 23:00,Annual,Climate change mitigation technologies related to wastewater treatment or waste management,Number,Hungary,2004,3.74,
ESTAT:CEI_CIE020(1.0),05.07.22 23:00,Annual,Climate change mitigation technologies related to wastewater treatment or waste management,Number,Hungary,2005,1,
ESTAT:CEI_CIE020(1.0),05.07.22 23:00,Annual,Climate change mitigation technologies related to wastewater treatment or waste management,Number,Hungary,2006,6.07,
ESTAT:CEI_CIE020(1.0),05.07.22 23:00,Annual,Climate change mitigation technologies related to wastewater treatment or waste management,Number,Hungary,2007,1.41,
ESTAT:CEI_CIE020(1.0),05.07.22 23:00,Annual,Climate change mitigation technologies related to wastewater treatment or waste management,Number,Hungary,2008,3.45,
ESTAT:CEI_CIE020(1.0),05.07.22 23:00,Annual,Climate change mitigation technologies related to wastewater treatment or waste management,Number,Hungary,2009,1.69,
ESTAT:CEI_CIE020(1.0),05.07.22 23:00,Annual,Climate change mitigation technologies related to wastewater treatment or waste management,Number,Hungary,2010,6.32,
ESTAT:CEI_CIE020(1.0),05.07.22 23:00,Annual,Climate change mitigation technologies related to wastewater treatment or waste management,Number,Hungary,2011,4.57,
ESTAT:CEI_CIE020(1.0),05.07.22 23:00,Annual,Climate change mitigation technologies related to wastewater treatment or waste management,Number,Hungary,2012,3.4,
ESTAT:CEI_CIE020(1.0),05.07.22 23:00,Annual,Climate change mitigation technologies related to wastewater treatment or waste management,Number,Hungary,2013,1.25,
ESTAT:CEI_CIE020(1.0),05.07.22 23:00,Annual,Climate change mitigation technologies related to wastewater treatment or waste management,Number,Hungary,2014,2.92,
ESTAT:CEI_CIE020(1.0),05.07.22 23:00,Annual,Climate change mitigation technologies related to wastewater treatment or waste management,Number,Hungary,2015,2.33,
ESTAT:CEI_CIE020(1.0),05.07.22 23:00,Annual,Climate change mitigation technologies related to wastewater treatment or waste management,Number,Hungary,2016,3.16,
ESTAT:CEI_CIE020(1.0),05.07.22 23:00,Annual,Climate change mitigation technologies related to wastewater treatment or waste management,Number,Hungary,2017,1,
ESTAT:CEI_CIE020(1.0),05.07.22 23:00,Annual,Climate change mitigation technologies related to wastewater treatment or waste management,Number,Hungary,2018,2,
ESTAT:CEI_CIE020(1.0),05.07.22 23:00,Annual,Climate change mitigation technologies related to wastewater treatment or waste management,Number,Hungary,2019,1,
ESTAT:CEI_CIE020(1.0),05.07.22 23:00,Annual,Climate change mitigation technologies related to wastewater treatment or waste management,Number,Ireland,2000,4.19,
ESTAT:CEI_CIE020(1.0),05.07.22 23:00,Annual,Climate change mitigation technologies related to wastewater treatment or waste management,Number,Ireland,2001,2.47,
ESTAT:CEI_CIE020(1.0),05.07.22 23:00,Annual,Climate change mitigation technologies related to wastewater treatment or waste management,Number,Ireland,2002,5.85,
ESTAT:CEI_CIE020(1.0),05.07.22 23:00,Annual,Climate change mitigation technologies related to wastewater treatment or waste management,Number,Ireland,2003,4.42,
ESTAT:CEI_CIE020(1.0),05.07.22 23:00,Annual,Climate change mitigation technologies related to wastewater treatment or waste management,Number,Ireland,2004,2.41,
ESTAT:CEI_CIE020(1.0),05.07.22 23:00,Annual,Climate change mitigation technologies related to wastewater treatment or waste management,Number,Ireland,2005,0.5,
ESTAT:CEI_CIE020(1.0),05.07.22 23:00,Annual,Climate change mitigation technologies related to wastewater treatment or waste management,Number,Ireland,2006,1.75,
ESTAT:CEI_CIE020(1.0),05.07.22 23:00,Annual,Climate change mitigation technologies related to wastewater treatment or waste management,Number,Ireland,2007,1.98,
ESTAT:CEI_CIE020(1.0),05.07.22 23:00,Annual,Climate change mitigation technologies related to wastewater treatment or waste management,Number,Ireland,2008,4.97,
ESTAT:CEI_CIE020(1.0),05.07.22 23:00,Annual,Climate change mitigation technologies related to wastewater treatment or waste management,Number,Ireland,2009,3.33,
ESTAT:CEI_CIE020(1.0),05.07.22 23:00,Annual,Climate change mitigation technologies related to wastewater treatment or waste management,Number,Ireland,2010,2.09,
ESTAT:CEI_CIE020(1.0),05.07.22 23:00,Annual,Climate change mitigation technologies related to wastewater treatment or waste management,Number,Ireland,2011,4.08,
ESTAT:CEI_CIE020(1.0),05.07.22 23:00,Annual,Climate change mitigation technologies related to wastewater treatment or waste management,Number,Ireland,2012,1.4,
ESTAT:CEI_CIE020(1.0),05.07.22 23:00,Annual,Climate change mitigation technologies related to wastewater treatment or waste management,Number,Ireland,2013,2.46,
ESTAT:CEI_CIE020(1.0),05.07.22 23:00,Annual,Climate change mitigation technologies related to wastewater treatment or waste management,Number,Ireland,2014,2.67,
ESTAT:CEI_CIE020(1.0),05.07.22 23:00,Annual,Climate change mitigation technologies related to wastewater treatment or waste management,Number,Ireland,2015,1.65,
ESTAT:CEI_CIE020(1.0),05.07.22 23:00,Annual,Climate change mitigation technologies related to wastewater treatment or waste management,Number,Ireland,2016,5.04,
ESTAT:CEI_CIE020(1.0),05.07.22 23:00,Annual,Climate change mitigation technologies related to wastewater treatment or waste management,Number,Ireland,2017,4.08,
ESTAT:CEI_CIE020(1.0),05.07.22 23:00,Annual,Climate change mitigation technologies related to wastewater treatment or waste management,Number,Ireland,2018,1.75,
ESTAT:CEI_CIE020(1.0),05.07.22 23:00,Annual,Climate change mitigation technologies related to wastewater treatment or waste management,Number,Ireland,2019,7,
ESTAT:CEI_CIE020(1.0),05.07.22 23:00,Annual,Climate change mitigation technologies related to wastewater treatment or waste management,Number,Italy,2000,10.69,
ESTAT:CEI_CIE020(1.0),05.07.22 23:00,Annual,Climate change mitigation technologies related to wastewater treatment or waste management,Number,Italy,2001,11.98,
ESTAT:CEI_CIE020(1.0),05.07.22 23:00,Annual,Climate change mitigation technologies related to wastewater treatment or waste management,Number,Italy,2002,11.48,
ESTAT:CEI_CIE020(1.0),05.07.22 23:00,Annual,Climate change mitigation technologies related to wastewater treatment or waste management,Number,Italy,2003,13.24,
ESTAT:CEI_CIE020(1.0),05.07.22 23:00,Annual,Climate change mitigation technologies related to wastewater treatment or waste management,Number,Italy,2004,15.62,
ESTAT:CEI_CIE020(1.0),05.07.22 23:00,Annual,Climate change mitigation technologies related to wastewater treatment or waste management,Number,Italy,2005,16.66,
ESTAT:CEI_CIE020(1.0),05.07.22 23:00,Annual,Climate change mitigation technologies related to wastewater treatment or waste management,Number,Italy,2006,17.55,
ESTAT:CEI_CIE020(1.0),05.07.22 23:00,Annual,Climate change mitigation technologies related to wastewater treatment or waste management,Number,Italy,2007,16.85,
ESTAT:CEI_CIE020(1.0),05.07.22 23:00,Annual,Climate change mitigation technologies related to wastewater treatment or waste management,Number,Italy,2008,23.95,
ESTAT:CEI_CIE020(1.0),05.07.22 23:00,Annual,Climate change mitigation technologies related to wastewater treatment or waste management,Number,Italy,2009,36.1,
ESTAT:CEI_CIE020(1.0),05.07.22 23:00,Annual,Climate change mitigation technologies related to wastewater treatment or waste management,Number,Italy,2010,28.7,
ESTAT:CEI_CIE020(1.0),05.07.22 23:00,Annual,Climate change mitigation technologies related to wastewater treatment or waste management,Number,Italy,2011,28.41,
ESTAT:CEI_CIE020(1.0),05.07.22 23:00,Annual,Climate change mitigation technologies related to wastewater treatment or waste management,Number,Italy,2012,33.59,
ESTAT:CEI_CIE020(1.0),05.07.22 23:00,Annual,Climate change mitigation technologies related to wastewater treatment or waste management,Number,Italy,2013,27.02,
ESTAT:CEI_CIE020(1.0),05.07.22 23:00,Annual,Climate change mitigation technologies related to wastewater treatment or waste management,Number,Italy,2014,18.55,
ESTAT:CEI_CIE020(1.0),05.07.22 23:00,Annual,Climate change mitigation technologies related to wastewater treatment or waste management,Number,Italy,2015,20.61,
ESTAT:CEI_CIE020(1.0),05.07.22 23:00,Annual,Climate change mitigation technologies related to wastewater treatment or waste management,Number,Italy,2016,27.45,
ESTAT:CEI_CIE020(1.0),05.07.22 23:00,Annual,Climate change mitigation technologies related to wastewater treatment or waste management,Number,Italy,2017,26.85,
ESTAT:CEI_CIE020(1.0),05.07.22 23:00,Annual,Climate change mitigation technologies related to wastewater treatment or waste management,Number,Italy,2018,21.27,
ESTAT:CEI_CIE020(1.0),05.07.22 23:00,Annual,Climate change mitigation technologies related to wastewater treatment or waste management,Number,Italy,2019,31.44,
ESTAT:CEI_CIE020(1.0),05.07.22 23:00,Annual,Climate change mitigation technologies related to wastewater treatment or waste management,Number,Lithuania,2000,0,
ESTAT:CEI_CIE020(1.0),05.07.22 23:00,Annual,Climate change mitigation technologies related to wastewater treatment or waste management,Number,Lithuania,2001,0,
ESTAT:CEI_CIE020(1.0),05.07.22 23:00,Annual,Climate change mitigation technologies related to wastewater treatment or waste management,Number,Lithuania,2002,3,
ESTAT:CEI_CIE020(1.0),05.07.22 23:00,Annual,Climate change mitigation technologies related to wastewater treatment or waste management,Number,Lithuania,2003,2,
ESTAT:CEI_CIE020(1.0),05.07.22 23:00,Annual,Climate change mitigation technologies related to wastewater treatment or waste management,Number,Lithuania,2004,0,
ESTAT:CEI_CIE020(1.0),05.07.22 23:00,Annual,Climate change mitigation technologies related to wastewater treatment or waste management,Number,Lithuania,2005,2,
ESTAT:CEI_CIE020(1.0),05.07.22 23:00,Annual,Climate change mitigation technologies related to wastewater treatment or waste management,Number,Lithuania,2006,2.3,
ESTAT:CEI_CIE020(1.0),05.07.22 23:00,Annual,Climate change mitigation technologies related to wastewater treatment or waste management,Number,Lithuania,2007,0,
ESTAT:CEI_CIE020(1.0),05.07.22 23:00,Annual,Climate change mitigation technologies related to wastewater treatment or waste management,Number,Lithuania,2008,1,
ESTAT:CEI_CIE020(1.0),05.07.22 23:00,Annual,Climate change mitigation technologies related to wastewater treatment or waste management,Number,Lithuania,2009,0,
ESTAT:CEI_CIE020(1.0),05.07.22 23:00,Annual,Climate change mitigation technologies related to wastewater treatment or waste management,Number,Lithuania,2010,2,
ESTAT:CEI_CIE020(1.0),05.07.22 23:00,Annual,Climate change mitigation technologies related to wastewater treatment or waste management,Number,Lithuania,2011,1.5,
ESTAT:CEI_CIE020(1.0),05.07.22 23:00,Annual,Climate change mitigation technologies related to wastewater treatment or waste management,Number,Lithuania,2012,1.14,
ESTAT:CEI_CIE020(1.0),05.07.22 23:00,Annual,Climate change mitigation technologies related to wastewater treatment or waste management,Number,Lithuania,2013,1,
ESTAT:CEI_CIE020(1.0),05.07.22 23:00,Annual,Climate change mitigation technologies related to wastewater treatment or waste management,Number,Lithuania,2014,0,
ESTAT:CEI_CIE020(1.0),05.07.22 23:00,Annual,Climate change mitigation technologies related to wastewater treatment or waste management,Number,Lithuania,2015,0,
ESTAT:CEI_CIE020(1.0),05.07.22 23:00,Annual,Climate change mitigation technologies related to wastewater treatment or waste management,Number,Lithuania,2016,0,
ESTAT:CEI_CIE020(1.0),05.07.22 23:00,Annual,Climate change mitigation technologies related to wastewater treatment or waste management,Number,Lithuania,2017,0,
ESTAT:CEI_CIE020(1.0),05.07.22 23:00,Annual,Climate change mitigation technologies related to wastewater treatment or waste management,Number,Lithuania,2018,0,
ESTAT:CEI_CIE020(1.0),05.07.22 23:00,Annual,Climate change mitigation technologies related to wastewater treatment or waste management,Number,Lithuania,2019,1,
ESTAT:CEI_CIE020(1.0),05.07.22 23:00,Annual,Climate change mitigation technologies related to wastewater treatment or waste management,Number,Luxembourg,2000,2.15,
ESTAT:CEI_CIE020(1.0),05.07.22 23:00,Annual,Climate change mitigation technologies related to wastewater treatment or waste management,Number,Luxembourg,2001,2,
ESTAT:CEI_CIE020(1.0),05.07.22 23:00,Annual,Climate change mitigation technologies related to wastewater treatment or waste management,Number,Luxembourg,2002,0,
ESTAT:CEI_CIE020(1.0),05.07.22 23:00,Annual,Climate change mitigation technologies related to wastewater treatment or waste management,Number,Luxembourg,2003,0,
ESTAT:CEI_CIE020(1.0),05.07.22 23:00,Annual,Climate change mitigation technologies related to wastewater treatment or waste management,Number,Luxembourg,2004,1.83,
ESTAT:CEI_CIE020(1.0),05.07.22 23:00,Annual,Climate change mitigation technologies related to wastewater treatment or waste management,Number,Luxembourg,2005,1.59,
ESTAT:CEI_CIE020(1.0),05.07.22 23:00,Annual,Climate change mitigation technologies related to wastewater treatment or waste management,Number,Luxembourg,2006,1.5,
ESTAT:CEI_CIE020(1.0),05.07.22 23:00,Annual,Climate change mitigation technologies related to wastewater treatment or waste management,Number,Luxembourg,2007,0.23,
ESTAT:CEI_CIE020(1.0),05.07.22 23:00,Annual,Climate change mitigation technologies related to wastewater treatment or waste management,Number,Luxembourg,2008,1.13,
ESTAT:CEI_CIE020(1.0),05.07.22 23:00,Annual,Climate change mitigation technologies related to wastewater treatment or waste management,Number,Luxembourg,2009,5.26,
ESTAT:CEI_CIE020(1.0),05.07.22 23:00,Annual,Climate change mitigation technologies related to wastewater treatment or waste management,Number,Luxembourg,2010,1.8,
ESTAT:CEI_CIE020(1.0),05.07.22 23:00,Annual,Climate change mitigation technologies related to wastewater treatment or waste management,Number,Luxembourg,2011,1.67,
ESTAT:CEI_CIE020(1.0),05.07.22 23:00,Annual,Climate change mitigation technologies related to wastewater treatment or waste management,Number,Luxembourg,2012,2.87,
ESTAT:CEI_CIE020(1.0),05.07.22 23:00,Annual,Climate change mitigation technologies related to wastewater treatment or waste management,Number,Luxembourg,2013,3.53,
ESTAT:CEI_CIE020(1.0),05.07.22 23:00,Annual,Climate change mitigation technologies related to wastewater treatment or waste management,Number,Luxembourg,2014,6.6,
ESTAT:CEI_CIE020(1.0),05.07.22 23:00,Annual,Climate change mitigation technologies related to wastewater treatment or waste management,Number,Luxembourg,2015,2.57,
ESTAT:CEI_CIE020(1.0),05.07.22 23:00,Annual,Climate change mitigation technologies related to wastewater treatment or waste management,Number,Luxembourg,2016,2.5,
ESTAT:CEI_CIE020(1.0),05.07.22 23:00,Annual,Climate change mitigation technologies related to wastewater treatment or waste management,Number,Luxembourg,2017,5.61,
ESTAT:CEI_CIE020(1.0),05.07.22 23:00,Annual,Climate change mitigation technologies related to wastewater treatment or waste management,Number,Luxembourg,2018,2.33,
ESTAT:CEI_CIE020(1.0),05.07.22 23:00,Annual,Climate change mitigation technologies related to wastewater treatment or waste management,Number,Luxembourg,2019,1,
ESTAT:CEI_CIE020(1.0),05.07.22 23:00,Annual,Climate change mitigation technologies related to wastewater treatment or waste management,Number,Latvia,2000,1,
ESTAT:CEI_CIE020(1.0),05.07.22 23:00,Annual,Climate change mitigation technologies related to wastewater treatment or waste management,Number,Latvia,2001,1,
ESTAT:CEI_CIE020(1.0),05.07.22 23:00,Annual,Climate change mitigation technologies related to wastewater treatment or waste management,Number,Latvia,2002,2,
ESTAT:CEI_CIE020(1.0),05.07.22 23:00,Annual,Climate change mitigation technologies related to wastewater treatment or waste management,Number,Latvia,2003,0,
ESTAT:CEI_CIE020(1.0),05.07.22 23:00,Annual,Climate change mitigation technologies related to wastewater treatment or waste management,Number,Latvia,2004,1,
ESTAT:CEI_CIE020(1.0),05.07.22 23:00,Annual,Climate change mitigation technologies related to wastewater treatment or waste management,Number,Latvia,2005,0,
ESTAT:CEI_CIE020(1.0),05.07.22 23:00,Annual,Climate change mitigation technologies related to wastewater treatment or waste management,Number,Latvia,2006,0,
ESTAT:CEI_CIE020(1.0),05.07.22 23:00,Annual,Climate change mitigation technologies related to wastewater treatment or waste management,Number,Latvia,2007,0,
ESTAT:CEI_CIE020(1.0),05.07.22 23:00,Annual,Climate change mitigation technologies related to wastewater treatment or waste management,Number,Latvia,2008,0.06,
ESTAT:CEI_CIE020(1.0),05.07.22 23:00,Annual,Climate change mitigation technologies related to wastewater treatment or waste management,Number,Latvia,2009,2.17,
ESTAT:CEI_CIE020(1.0),05.07.22 23:00,Annual,Climate change mitigation technologies related to wastewater treatment or waste management,Number,Latvia,2010,1.5,
ESTAT:CEI_CIE020(1.0),05.07.22 23:00,Annual,Climate change mitigation technologies related to wastewater treatment or waste management,Number,Latvia,2011,0,
ESTAT:CEI_CIE020(1.0),05.07.22 23:00,Annual,Climate change mitigation technologies related to wastewater treatment or waste management,Number,Latvia,2012,2.33,
ESTAT:CEI_CIE020(1.0),05.07.22 23:00,Annual,Climate change mitigation technologies related to wastewater treatment or waste management,Number,Latvia,2013,4,
ESTAT:CEI_CIE020(1.0),05.07.22 23:00,Annual,Climate change mitigation technologies related to wastewater treatment or waste management,Number,Latvia,2014,0.08,
ESTAT:CEI_CIE020(1.0),05.07.22 23:00,Annual,Climate change mitigation technologies related to wastewater treatment or waste management,Number,Latvia,2015,2.3,
ESTAT:CEI_CIE020(1.0),05.07.22 23:00,Annual,Climate change mitigation technologies related to wastewater treatment or waste management,Number,Latvia,2016,1,
ESTAT:CEI_CIE020(1.0),05.07.22 23:00,Annual,Climate change mitigation technologies related to wastewater treatment or waste management,Number,Latvia,2017,1,
ESTAT:CEI_CIE020(1.0),05.07.22 23:00,Annual,Climate change mitigation technologies related to wastewater treatment or waste management,Number,Latvia,2018,0,
ESTAT:CEI_CIE020(1.0),05.07.22 23:00,Annual,Climate change mitigation technologies related to wastewater treatment or waste management,Number,Latvia,2019,0,
ESTAT:CEI_CIE020(1.0),05.07.22 23:00,Annual,Climate change mitigation technologies related to wastewater treatment or waste management,Number,Malta,2000,0,
ESTAT:CEI_CIE020(1.0),05.07.22 23:00,Annual,Climate change mitigation technologies related to wastewater treatment or waste management,Number,Malta,2001,0,
ESTAT:CEI_CIE020(1.0),05.07.22 23:00,Annual,Climate change mitigation technologies related to wastewater treatment or waste management,Number,Malta,2002,0,
ESTAT:CEI_CIE020(1.0),05.07.22 23:00,Annual,Climate change mitigation technologies related to wastewater treatment or waste management,Number,Malta,2003,0.5,
ESTAT:CEI_CIE020(1.0),05.07.22 23:00,Annual,Climate change mitigation technologies related to wastewater treatment or waste management,Number,Malta,2004,0,
ESTAT:CEI_CIE020(1.0),05.07.22 23:00,Annual,Climate change mitigation technologies related to wastewater treatment or waste management,Number,Malta,2005,0,
ESTAT:CEI_CIE020(1.0),05.07.22 23:00,Annual,Climate change mitigation technologies related to wastewater treatment or waste management,Number,Malta,2006,0.26,
ESTAT:CEI_CIE020(1.0),05.07.22 23:00,Annual,Climate change mitigation technologies related to wastewater treatment or waste management,Number,Malta,2007,0,
ESTAT:CEI_CIE020(1.0),05.07.22 23:00,Annual,Climate change mitigation technologies related to wastewater treatment or waste management,Number,Malta,2008,0,
ESTAT:CEI_CIE020(1.0),05.07.22 23:00,Annual,Climate change mitigation technologies related to wastewater treatment or waste management,Number,Malta,2009,0.12,
ESTAT:CEI_CIE020(1.0),05.07.22 23:00,Annual,Climate change mitigation technologies related to wastewater treatment or waste management,Number,Malta,2010,0,
ESTAT:CEI_CIE020(1.0),05.07.22 23:00,Annual,Climate change mitigation technologies related to wastewater treatment or waste management,Number,Malta,2011,0,
ESTAT:CEI_CIE020(1.0),05.07.22 23:00,Annual,Climate change mitigation technologies related to wastewater treatment or waste management,Number,Malta,2012,0,
ESTAT:CEI_CIE020(1.0),05.07.22 23:00,Annual,Climate change mitigation technologies related to wastewater treatment or waste management,Number,Malta,2013,0,
ESTAT:CEI_CIE020(1.0),05.07.22 23:00,Annual,Climate change mitigation technologies related to wastewater treatment or waste management,Number,Malta,2014,0.75,
ESTAT:CEI_CIE020(1.0),05.07.22 23:00,Annual,Climate change mitigation technologies related to wastewater treatment or waste management,Number,Malta,2015,1,
ESTAT:CEI_CIE020(1.0),05.07.22 23:00,Annual,Climate change mitigation technologies related to wastewater treatment or waste management,Number,Malta,2016,0,
ESTAT:CEI_CIE020(1.0),05.07.22 23:00,Annual,Climate change mitigation technologies related to wastewater treatment or waste management,Number,Malta,2017,0,
ESTAT:CEI_CIE020(1.0),05.07.22 23:00,Annual,Climate change mitigation technologies related to wastewater treatment or waste management,Number,Malta,2018,0,
ESTAT:CEI_CIE020(1.0),05.07.22 23:00,Annual,Climate change mitigation technologies related to wastewater treatment or waste management,Number,Malta,2019,0,
ESTAT:CEI_CIE020(1.0),05.07.22 23:00,Annual,Climate change mitigation technologies related to wastewater treatment or waste management,Number,Netherlands,2000,15.68,
ESTAT:CEI_CIE020(1.0),05.07.22 23:00,Annual,Climate change mitigation technologies related to wastewater treatment or waste management,Number,Netherlands,2001,13.23,
ESTAT:CEI_CIE020(1.0),05.07.22 23:00,Annual,Climate change mitigation technologies related to wastewater treatment or waste management,Number,Netherlands,2002,12.83,
ESTAT:CEI_CIE020(1.0),05.07.22 23:00,Annual,Climate change mitigation technologies related to wastewater treatment or waste management,Number,Netherlands,2003,11.62,
ESTAT:CEI_CIE020(1.0),05.07.22 23:00,Annual,Climate change mitigation technologies related to wastewater treatment or waste management,Number,Netherlands,2004,7.76,
ESTAT:CEI_CIE020(1.0),05.07.22 23:00,Annual,Climate change mitigation technologies related to wastewater treatment or waste management,Number,Netherlands,2005,19.73,
ESTAT:CEI_CIE020(1.0),05.07.22 23:00,Annual,Climate change mitigation technologies related to wastewater treatment or waste management,Number,Netherlands,2006,15.61,
ESTAT:CEI_CIE020(1.0),05.07.22 23:00,Annual,Climate change mitigation technologies related to wastewater treatment or waste management,Number,Netherlands,2007,17.39,
ESTAT:CEI_CIE020(1.0),05.07.22 23:00,Annual,Climate change mitigation technologies related to wastewater treatment or waste management,Number,Netherlands,2008,10.62,
ESTAT:CEI_CIE020(1.0),05.07.22 23:00,Annual,Climate change mitigation technologies related to wastewater treatment or waste management,Number,Netherlands,2009,15.24,
ESTAT:CEI_CIE020(1.0),05.07.22 23:00,Annual,Climate change mitigation technologies related to wastewater treatment or waste management,Number,Netherlands,2010,11.38,
ESTAT:CEI_CIE020(1.0),05.07.22 23:00,Annual,Climate change mitigation technologies related to wastewater treatment or waste management,Number,Netherlands,2011,18.52,
ESTAT:CEI_CIE020(1.0),05.07.22 23:00,Annual,Climate change mitigation technologies related to wastewater treatment or waste management,Number,Netherlands,2012,18.63,
ESTAT:CEI_CIE020(1.0),05.07.22 23:00,Annual,Climate change mitigation technologies related to wastewater treatment or waste management,Number,Netherlands,2013,17.95,
ESTAT:CEI_CIE020(1.0),05.07.22 23:00,Annual,Climate change mitigation technologies related to wastewater treatment or waste management,Number,Netherlands,2014,22.34,
ESTAT:CEI_CIE020(1.0),05.07.22 23:00,Annual,Climate change mitigation technologies related to wastewater treatment or waste management,Number,Netherlands,2015,24.18,
ESTAT:CEI_CIE020(1.0),05.07.22 23:00,Annual,Climate change mitigation technologies related to wastewater treatment or waste management,Number,Netherlands,2016,24.83,
ESTAT:CEI_CIE020(1.0),05.07.22 23:00,Annual,Climate change mitigation technologies related to wastewater treatment or waste management,Number,Netherlands,2017,24.88,
ESTAT:CEI_CIE020(1.0),05.07.22 23:00,Annual,Climate change mitigation technologies related to wastewater treatment or waste management,Number,Netherlands,2018,33.72,
ESTAT:CEI_CIE020(1.0),05.07.22 23:00,Annual,Climate change mitigation technologies related to wastewater treatment or waste management,Number,Netherlands,2019,21.16,
ESTAT:CEI_CIE020(1.0),05.07.22 23:00,Annual,Climate change mitigation technologies related to wastewater treatment or waste management,Number,Poland,2000,10.25,
ESTAT:CEI_CIE020(1.0),05.07.22 23:00,Annual,Climate change mitigation technologies related to wastewater treatment or waste management,Number,Poland,2001,9,
ESTAT:CEI_CIE020(1.0),05.07.22 23:00,Annual,Climate change mitigation technologies related to wastewater treatment or waste management,Number,Poland,2002,13.75,
ESTAT:CEI_CIE020(1.0),05.07.22 23:00,Annual,Climate change mitigation technologies related to wastewater treatment or waste management,Number,Poland,2003,8.86,
ESTAT:CEI_CIE020(1.0),05.07.22 23:00,Annual,Climate change mitigation technologies related to wastewater treatment or waste management,Number,Poland,2004,12.83,
ESTAT:CEI_CIE020(1.0),05.07.22 23:00,Annual,Climate change mitigation technologies related to wastewater treatment or waste management,Number,Poland,2005,14.75,
ESTAT:CEI_CIE020(1.0),05.07.22 23:00,Annual,Climate change mitigation technologies related to wastewater treatment or waste management,Number,Poland,2006,12.83,
ESTAT:CEI_CIE020(1.0),05.07.22 23:00,Annual,Climate change mitigation technologies related to wastewater treatment or waste management,Number,Poland,2007,8.8,
ESTAT:CEI_CIE020(1.0),05.07.22 23:00,Annual,Climate change mitigation technologies related to wastewater treatment or waste management,Number,Poland,2008,21.81,
ESTAT:CEI_CIE020(1.0),05.07.22 23:00,Annual,Climate change mitigation technologies related to wastewater treatment or waste management,Number,Poland,2009,18.15,
ESTAT:CEI_CIE020(1.0),05.07.22 23:00,Annual,Climate change mitigation technologies related to wastewater treatment or waste management,Number,Poland,2010,34.67,
ESTAT:CEI_CIE020(1.0),05.07.22 23:00,Annual,Climate change mitigation technologies related to wastewater treatment or waste management,Number,Poland,2011,36.9,
ESTAT:CEI_CIE020(1.0),05.07.22 23:00,Annual,Climate change mitigation technologies related to wastewater treatment or waste management,Number,Poland,2012,55.67,
ESTAT:CEI_CIE020(1.0),05.07.22 23:00,Annual,Climate change mitigation technologies related to wastewater treatment or waste management,Number,Poland,2013,36.71,
ESTAT:CEI_CIE020(1.0),05.07.22 23:00,Annual,Climate change mitigation technologies related to wastewater treatment or waste management,Number,Poland,2014,28.22,
ESTAT:CEI_CIE020(1.0),05.07.22 23:00,Annual,Climate change mitigation technologies related to wastewater treatment or waste management,Number,Poland,2015,69.61,
ESTAT:CEI_CIE020(1.0),05.07.22 23:00,Annual,Climate change mitigation technologies related to wastewater treatment or waste management,Number,Poland,2016,44.4,
ESTAT:CEI_CIE020(1.0),05.07.22 23:00,Annual,Climate change mitigation technologies related to wastewater treatment or waste management,Number,Poland,2017,34.25,
ESTAT:CEI_CIE020(1.0),05.07.22 23:00,Annual,Climate change mitigation technologies related to wastewater treatment or waste management,Number,Poland,2018,22.25,
ESTAT:CEI_CIE020(1.0),05.07.22 23:00,Annual,Climate change mitigation technologies related to wastewater treatment or waste management,Number,Poland,2019,15.25,
ESTAT:CEI_CIE020(1.0),05.07.22 23:00,Annual,Climate change mitigation technologies related to wastewater treatment or waste management,Number,Portugal,2000,0.67,
ESTAT:CEI_CIE020(1.0),05.07.22 23:00,Annual,Climate change mitigation technologies related to wastewater treatment or waste management,Number,Portugal,2001,0,
ESTAT:CEI_CIE020(1.0),05.07.22 23:00,Annual,Climate change mitigation technologies related to wastewater treatment or waste management,Number,Portugal,2002,0,
ESTAT:CEI_CIE020(1.0),05.07.22 23:00,Annual,Climate change mitigation technologies related to wastewater treatment or waste management,Number,Portugal,2003,0.83,
ESTAT:CEI_CIE020(1.0),05.07.22 23:00,Annual,Climate change mitigation technologies related to wastewater treatment or waste management,Number,Portugal,2004,0,
ESTAT:CEI_CIE020(1.0),05.07.22 23:00,Annual,Climate change mitigation technologies related to wastewater treatment or waste management,Number,Portugal,2005,4.75,
ESTAT:CEI_CIE020(1.0),05.07.22 23:00,Annual,Climate change mitigation technologies related to wastewater treatment or waste management,Number,Portugal,2006,1.75,
ESTAT:CEI_CIE020(1.0),05.07.22 23:00,Annual,Climate change mitigation technologies related to wastewater treatment or waste management,Number,Portugal,2007,4.92,
ESTAT:CEI_CIE020(1.0),05.07.22 23:00,Annual,Climate change mitigation technologies related to wastewater treatment or waste management,Number,Portugal,2008,0.71,
ESTAT:CEI_CIE020(1.0),05.07.22 23:00,Annual,Climate change mitigation technologies related to wastewater treatment or waste management,Number,Portugal,2009,0,
ESTAT:CEI_CIE020(1.0),05.07.22 23:00,Annual,Climate change mitigation technologies related to wastewater treatment or waste management,Number,Portugal,2010,2.5,
ESTAT:CEI_CIE020(1.0),05.07.22 23:00,Annual,Climate change mitigation technologies related to wastewater treatment or waste management,Number,Portugal,2011,5.25,
ESTAT:CEI_CIE020(1.0),05.07.22 23:00,Annual,Climate change mitigation technologies related to wastewater treatment or waste management,Number,Portugal,2012,2.83,
ESTAT:CEI_CIE020(1.0),05.07.22 23:00,Annual,Climate change mitigation technologies related to wastewater treatment or waste management,Number,Portugal,2013,3,
ESTAT:CEI_CIE020(1.0),05.07.22 23:00,Annual,Climate change mitigation technologies related to wastewater treatment or waste management,Number,Portugal,2014,0,
ESTAT:CEI_CIE020(1.0),05.07.22 23:00,Annual,Climate change mitigation technologies related to wastewater treatment or waste management,Number,Portugal,2015,5,
ESTAT:CEI_CIE020(1.0),05.07.22 23:00,Annual,Climate change mitigation technologies related to wastewater treatment or waste management,Number,Portugal,2016,1,
ESTAT:CEI_CIE020(1.0),05.07.22 23:00,Annual,Climate change mitigation technologies related to wastewater treatment or waste management,Number,Portugal,2017,1,
ESTAT:CEI_CIE020(1.0),05.07.22 23:00,Annual,Climate change mitigation technologies related to wastewater treatment or waste management,Number,Portugal,2018,3,
ESTAT:CEI_CIE020(1.0),05.07.22 23:00,Annual,Climate change mitigation technologies related to wastewater treatment or waste management,Number,Portugal,2019,2,
ESTAT:CEI_CIE020(1.0),05.07.22 23:00,Annual,Climate change mitigation technologies related to wastewater treatment or waste management,Number,Romania,2000,0,
ESTAT:CEI_CIE020(1.0),05.07.22 23:00,Annual,Climate change mitigation technologies related to wastewater treatment or waste management,Number,Romania,2001,1,
ESTAT:CEI_CIE020(1.0),05.07.22 23:00,Annual,Climate change mitigation technologies related to wastewater treatment or waste management,Number,Romania,2002,1,
ESTAT:CEI_CIE020(1.0),05.07.22 23:00,Annual,Climate change mitigation technologies related to wastewater treatment or waste management,Number,Romania,2003,2,
ESTAT:CEI_CIE020(1.0),05.07.22 23:00,Annual,Climate change mitigation technologies related to wastewater treatment or waste management,Number,Romania,2004,1,
ESTAT:CEI_CIE020(1.0),05.07.22 23:00,Annual,Climate change mitigation technologies related to wastewater treatment or waste management,Number,Romania,2005,1,
ESTAT:CEI_CIE020(1.0),05.07.22 23:00,Annual,Climate change mitigation technologies related to wastewater treatment or waste management,Number,Romania,2006,0.5,
ESTAT:CEI_CIE020(1.0),05.07.22 23:00,Annual,Climate change mitigation technologies related to wastewater treatment or waste management,Number,Romania,2007,2,
ESTAT:CEI_CIE020(1.0),05.07.22 23:00,Annual,Climate change mitigation technologies related to wastewater treatment or waste management,Number,Romania,2008,2.5,
ESTAT:CEI_CIE020(1.0),05.07.22 23:00,Annual,Climate change mitigation technologies related to wastewater treatment or waste management,Number,Romania,2009,5.33,
ESTAT:CEI_CIE020(1.0),05.07.22 23:00,Annual,Climate change mitigation technologies related to wastewater treatment or waste management,Number,Romania,2010,4.97,
ESTAT:CEI_CIE020(1.0),05.07.22 23:00,Annual,Climate change mitigation technologies related to wastewater treatment or waste management,Number,Romania,2011,5,
ESTAT:CEI_CIE020(1.0),05.07.22 23:00,Annual,Climate change mitigation technologies related to wastewater treatment or waste management,Number,Romania,2012,4.99,
ESTAT:CEI_CIE020(1.0),05.07.22 23:00,Annual,Climate change mitigation technologies related to wastewater treatment or waste management,Number,Romania,2013,2.33,
ESTAT:CEI_CIE020(1.0),05.07.22 23:00,Annual,Climate change mitigation technologies related to wastewater treatment or waste management,Number,Romania,2014,5,
ESTAT:CEI_CIE020(1.0),05.07.22 23:00,Annual,Climate change mitigation technologies related to wastewater treatment or waste management,Number,Romania,2015,4.5,
ESTAT:CEI_CIE020(1.0),05.07.22 23:00,Annual,Climate change mitigation technologies related to wastewater treatment or waste management,Number,Romania,2016,5.67,
ESTAT:CEI_CIE020(1.0),05.07.22 23:00,Annual,Climate change mitigation technologies related to wastewater treatment or waste management,Number,Romania,2017,8.49,
ESTAT:CEI_CIE020(1.0),05.07.22 23:00,Annual,Climate change mitigation technologies related to wastewater treatment or waste management,Number,Romania,2018,9.5,
ESTAT:CEI_CIE020(1.0),05.07.22 23:00,Annual,Climate change mitigation technologies related to wastewater treatment or waste management,Number,Romania,2019,5.5,
ESTAT:CEI_CIE020(1.0),05.07.22 23:00,Annual,Climate change mitigation technologies related to wastewater treatment or waste management,Number,Sweden,2000,3.8,
ESTAT:CEI_CIE020(1.0),05.07.22 23:00,Annual,Climate change mitigation technologies related to wastewater treatment or waste management,Number,Sweden,2001,4.82,
ESTAT:CEI_CIE020(1.0),05.07.22 23:00,Annual,Climate change mitigation technologies related to wastewater treatment or waste management,Number,Sweden,2002,3.79,
ESTAT:CEI_CIE020(1.0),05.07.22 23:00,Annual,Climate change mitigation technologies related to wastewater treatment or waste management,Number,Sweden,2003,5.13,
ESTAT:CEI_CIE020(1.0),05.07.22 23:00,Annual,Climate change mitigation technologies related to wastewater treatment or waste management,Number,Sweden,2004,3.72,
ESTAT:CEI_CIE020(1.0),05.07.22 23:00,Annual,Climate change mitigation technologies related to wastewater treatment or waste management,Number,Sweden,2005,3.8,
ESTAT:CEI_CIE020(1.0),05.07.22 23:00,Annual,Climate change mitigation technologies related to wastewater treatment or waste management,Number,Sweden,2006,1.67,
ESTAT:CEI_CIE020(1.0),05.07.22 23:00,Annual,Climate change mitigation technologies related to wastewater treatment or waste management,Number,Sweden,2007,2.21,
ESTAT:CEI_CIE020(1.0),05.07.22 23:00,Annual,Climate change mitigation technologies related to wastewater treatment or waste management,Number,Sweden,2008,8.44,
ESTAT:CEI_CIE020(1.0),05.07.22 23:00,Annual,Climate change mitigation technologies related to wastewater treatment or waste management,Number,Sweden,2009,1.3,
ESTAT:CEI_CIE020(1.0),05.07.22 23:00,Annual,Climate change mitigation technologies related to wastewater treatment or waste management,Number,Sweden,2010,3.34,
ESTAT:CEI_CIE020(1.0),05.07.22 23:00,Annual,Climate change mitigation technologies related to wastewater treatment or waste management,Number,Sweden,2011,7.33,
ESTAT:CEI_CIE020(1.0),05.07.22 23:00,Annual,Climate change mitigation technologies related to wastewater treatment or waste management,Number,Sweden,2012,4.64,
ESTAT:CEI_CIE020(1.0),05.07.22 23:00,Annual,Climate change mitigation technologies related to wastewater treatment or waste management,Number,Sweden,2013,6.71,
ESTAT:CEI_CIE020(1.0),05.07.22 23:00,Annual,Climate change mitigation technologies related to wastewater treatment or waste management,Number,Sweden,2014,4.8,
ESTAT:CEI_CIE020(1.0),05.07.22 23:00,Annual,Climate change mitigation technologies related to wastewater treatment or waste management,Number,Sweden,2015,9.63,
ESTAT:CEI_CIE020(1.0),05.07.22 23:00,Annual,Climate change mitigation technologies related to wastewater treatment or waste management,Number,Sweden,2016,5.82,
ESTAT:CEI_CIE020(1.0),05.07.22 23:00,Annual,Climate change mitigation technologies related to wastewater treatment or waste management,Number,Sweden,2017,12.61,
ESTAT:CEI_CIE020(1.0),05.07.22 23:00,Annual,Climate change mitigation technologies related to wastewater treatment or waste management,Number,Sweden,2018,14.84,
ESTAT:CEI_CIE020(1.0),05.07.22 23:00,Annual,Climate change mitigation technologies related to wastewater treatment or waste management,Number,Sweden,2019,10.37,
ESTAT:CEI_CIE020(1.0),05.07.22 23:00,Annual,Climate change mitigation technologies related to wastewater treatment or waste management,Number,Slovenia,2000,0,
ESTAT:CEI_CIE020(1.0),05.07.22 23:00,Annual,Climate change mitigation technologies related to wastewater treatment or waste management,Number,Slovenia,2001,0.08,
ESTAT:CEI_CIE020(1.0),05.07.22 23:00,Annual,Climate change mitigation technologies related to wastewater treatment or waste management,Number,Slovenia,2002,0.6,
ESTAT:CEI_CIE020(1.0),05.07.22 23:00,Annual,Climate change mitigation technologies related to wastewater treatment or waste management,Number,Slovenia,2003,1.67,
ESTAT:CEI_CIE020(1.0),05.07.22 23:00,Annual,Climate change mitigation technologies related to wastewater treatment or waste management,Number,Slovenia,2004,0,
ESTAT:CEI_CIE020(1.0),05.07.22 23:00,Annual,Climate change mitigation technologies related to wastewater treatment or waste management,Number,Slovenia,2005,1,
ESTAT:CEI_CIE020(1.0),05.07.22 23:00,Annual,Climate change mitigation technologies related to wastewater treatment or waste management,Number,Slovenia,2006,0.5,
ESTAT:CEI_CIE020(1.0),05.07.22 23:00,Annual,Climate change mitigation technologies related to wastewater treatment or waste management,Number,Slovenia,2007,0,
ESTAT:CEI_CIE020(1.0),05.07.22 23:00,Annual,Climate change mitigation technologies related to wastewater treatment or waste management,Number,Slovenia,2008,1,
ESTAT:CEI_CIE020(1.0),05.07.22 23:00,Annual,Climate change mitigation technologies related to wastewater treatment or waste management,Number,Slovenia,2009,1,
ESTAT:CEI_CIE020(1.0),05.07.22 23:00,Annual,Climate change mitigation technologies related to wastewater treatment or waste management,Number,Slovenia,2010,0,
ESTAT:CEI_CIE020(1.0),05.07.22 23:00,Annual,Climate change mitigation technologies related to wastewater treatment or waste management,Number,Slovenia,2011,0.2,
ESTAT:CEI_CIE020(1.0),05.07.22 23:00,Annual,Climate change mitigation technologies related to wastewater treatment or waste management,Number,Slovenia,2012,0,
ESTAT:CEI_CIE020(1.0),05.07.22 23:00,Annual,Climate change mitigation technologies related to wastewater treatment or waste management,Number,Slovenia,2013,2,
ESTAT:CEI_CIE020(1.0),05.07.22 23:00,Annual,Climate change mitigation technologies related to wastewater treatment or waste management,Number,Slovenia,2014,2.25,
ESTAT:CEI_CIE020(1.0),05.07.22 23:00,Annual,Climate change mitigation technologies related to wastewater treatment or waste management,Number,Slovenia,2015,0,
ESTAT:CEI_CIE020(1.0),05.07.22 23:00,Annual,Climate change mitigation technologies related to wastewater treatment or waste management,Number,Slovenia,2016,0,
ESTAT:CEI_CIE020(1.0),05.07.22 23:00,Annual,Climate change mitigation technologies related to wastewater treatment or waste management,Number,Slovenia,2017,0.99,
ESTAT:CEI_CIE020(1.0),05.07.22 23:00,Annual,Climate change mitigation technologies related to wastewater treatment or waste management,Number,Slovenia,2018,0,
ESTAT:CEI_CIE020(1.0),05.07.22 23:00,Annual,Climate change mitigation technologies related to wastewater treatment or waste management,Number,Slovenia,2019,1,
ESTAT:CEI_CIE020(1.0),05.07.22 23:00,Annual,Climate change mitigation technologies related to wastewater treatment or waste management,Number,Slovakia,2000,2.11,
ESTAT:CEI_CIE020(1.0),05.07.22 23:00,Annual,Climate change mitigation technologies related to wastewater treatment or waste management,Number,Slovakia,2001,0.5,
ESTAT:CEI_CIE020(1.0),05.07.22 23:00,Annual,Climate change mitigation technologies related to wastewater treatment or waste management,Number,Slovakia,2002,0.34,
ESTAT:CEI_CIE020(1.0),05.07.22 23:00,Annual,Climate change mitigation technologies related to wastewater treatment or waste management,Number,Slovakia,2003,1.93,
ESTAT:CEI_CIE020(1.0),05.07.22 23:00,Annual,Climate change mitigation technologies related to wastewater treatment or waste management,Number,Slovakia,2004,0,
ESTAT:CEI_CIE020(1.0),05.07.22 23:00,Annual,Climate change mitigation technologies related to wastewater treatment or waste management,Number,Slovakia,2005,0,
ESTAT:CEI_CIE020(1.0),05.07.22 23:00,Annual,Climate change mitigation technologies related to wastewater treatment or waste management,Number,Slovakia,2006,0.25,
ESTAT:CEI_CIE020(1.0),05.07.22 23:00,Annual,Climate change mitigation technologies related to wastewater treatment or waste management,Number,Slovakia,2007,0,
ESTAT:CEI_CIE020(1.0),05.07.22 23:00,Annual,Climate change mitigation technologies related to wastewater treatment or waste management,Number,Slovakia,2008,0.5,
ESTAT:CEI_CIE020(1.0),05.07.22 23:00,Annual,Climate change mitigation technologies related to wastewater treatment or waste management,Number,Slovakia,2009,1,
ESTAT:CEI_CIE020(1.0),05.07.22 23:00,Annual,Climate change mitigation technologies related to wastewater treatment or waste management,Number,Slovakia,2010,0,
ESTAT:CEI_CIE020(1.0),05.07.22 23:00,Annual,Climate change mitigation technologies related to wastewater treatment or waste management,Number,Slovakia,2011,0,
ESTAT:CEI_CIE020(1.0),05.07.22 23:00,Annual,Climate change mitigation technologies related to wastewater treatment or waste management,Number,Slovakia,2012,1.43,
ESTAT:CEI_CIE020(1.0),05.07.22 23:00,Annual,Climate change mitigation technologies related to wastewater treatment or waste management,Number,Slovakia,2013,1,
ESTAT:CEI_CIE020(1.0),05.07.22 23:00,Annual,Climate change mitigation technologies related to wastewater treatment or waste management,Number,Slovakia,2014,1.33,
ESTAT:CEI_CIE020(1.0),05.07.22 23:00,Annual,Climate change mitigation technologies related to wastewater treatment or waste management,Number,Slovakia,2015,4.25,
ESTAT:CEI_CIE020(1.0),05.07.22 23:00,Annual,Climate change mitigation technologies related to wastewater treatment or waste management,Number,Slovakia,2016,0,
ESTAT:CEI_CIE020(1.0),05.07.22 23:00,Annual,Climate change mitigation technologies related to wastewater treatment or waste management,Number,Slovakia,2017,2.26,
ESTAT:CEI_CIE020(1.0),05.07.22 23:00,Annual,Climate change mitigation technologies related to wastewater treatment or waste management,Number,Slovakia,2018,1.5,
ESTAT:CEI_CIE020(1.0),05.07.22 23:00,Annual,Climate change mitigation technologies related to wastewater treatment or waste management,Number,Slovakia,2019,3.67,
ESTAT:CEI_CIE020(1.0),05.07.22 23:00,Annual,Climate change mitigation technologies related to wastewater treatment or waste management,Number,United Kingdom,2000,21.83,
ESTAT:CEI_CIE020(1.0),05.07.22 23:00,Annual,Climate change mitigation technologies related to wastewater treatment or waste management,Number,United Kingdom,2001,18.55,
ESTAT:CEI_CIE020(1.0),05.07.22 23:00,Annual,Climate change mitigation technologies related to wastewater treatment or waste management,Number,United Kingdom,2002,33.59,
ESTAT:CEI_CIE020(1.0),05.07.22 23:00,Annual,Climate change mitigation technologies related to wastewater treatment or waste management,Number,United Kingdom,2003,26.98,
ESTAT:CEI_CIE020(1.0),05.07.22 23:00,Annual,Climate change mitigation technologies related to wastewater treatment or waste management,Number,United Kingdom,2004,29.57,
ESTAT:CEI_CIE020(1.0),05.07.22 23:00,Annual,Climate change mitigation technologies related to wastewater treatment or waste management,Number,United Kingdom,2005,21.33,
ESTAT:CEI_CIE020(1.0),05.07.22 23:00,Annual,Climate change mitigation technologies related to wastewater treatment or waste management,Number,United Kingdom,2006,22.22,
ESTAT:CEI_CIE020(1.0),05.07.22 23:00,Annual,Climate change mitigation technologies related to wastewater treatment or waste management,Number,United Kingdom,2007,20.33,
ESTAT:CEI_CIE020(1.0),05.07.22 23:00,Annual,Climate change mitigation technologies related to wastewater treatment or waste management,Number,United Kingdom,2008,18.67,
ESTAT:CEI_CIE020(1.0),05.07.22 23:00,Annual,Climate change mitigation technologies related to wastewater treatment or waste management,Number,United Kingdom,2009,19.95,
ESTAT:CEI_CIE020(1.0),05.07.22 23:00,Annual,Climate change mitigation technologies related to wastewater treatment or waste management,Number,United Kingdom,2010,27.24,
ESTAT:CEI_CIE020(1.0),05.07.22 23:00,Annual,Climate change mitigation technologies related to wastewater treatment or waste management,Number,United Kingdom,2011,27.27,
ESTAT:CEI_CIE020(1.0),05.07.22 23:00,Annual,Climate change mitigation technologies related to wastewater treatment or waste management,Number,United Kingdom,2012,32.28,
ESTAT:CEI_CIE020(1.0),05.07.22 23:00,Annual,Climate change mitigation technologies related to wastewater treatment or waste management,Number,United Kingdom,2013,26.02,
ESTAT:CEI_CIE020(1.0),05.07.22 23:00,Annual,Climate change mitigation technologies related to wastewater treatment or waste management,Number,United Kingdom,2014,22.05,
ESTAT:CEI_CIE020(1.0),05.07.22 23:00,Annual,Climate change mitigation technologies related to wastewater treatment or waste management,Number,United Kingdom,2015,20.64,
ESTAT:CEI_CIE020(1.0),05.07.22 23:00,Annual,Climate change mitigation technologies related to wastewater treatment or waste management,Number,United Kingdom,2016,30.04,
ESTAT:CEI_CIE020(1.0),05.07.22 23:00,Annual,Climate change mitigation technologies related to wastewater treatment or waste management,Number,United Kingdom,2017,22.77,
ESTAT:CEI_CIE020(1.0),05.07.22 23:00,Annual,Climate change mitigation technologies related to wastewater treatment or waste management,Number,United Kingdom,2018,20.25,
ESTAT:CEI_CIE020(1.0),05.07.22 23:00,Annual,Climate change mitigation technologies related to wastewater treatment or waste management,Number,United Kingdom,2019,25.83,