DATAFLOW,LAST UPDATE,freq,unit,hazard,wst_oper,waste,geo,TIME_PERIOD,OBS_VALUE,OBS_FLAG
ESTAT:ENV_WASTRT(1.0),15.09.22 11:00,Annual,Tonne,Hazardous and non-hazardous - Total,Waste treatment,Total waste,Albania,2014,1228883,
ESTAT:ENV_WASTRT(1.0),15.09.22 11:00,Annual,Tonne,Hazardous and non-hazardous - Total,Waste treatment,Total waste,Austria,2004,51627556,
ESTAT:ENV_WASTRT(1.0),15.09.22 11:00,Annual,Tonne,Hazardous and non-hazardous - Total,Waste treatment,Total waste,Austria,2006,47127938,
ESTAT:ENV_WASTRT(1.0),15.09.22 11:00,Annual,Tonne,Hazardous and non-hazardous - Total,Waste treatment,Total waste,Austria,2008,48353391,
ESTAT:ENV_WASTRT(1.0),15.09.22 11:00,Annual,Tonne,Hazardous and non-hazardous - Total,Waste treatment,Total waste,Austria,2010,29751239,
ESTAT:ENV_WASTRT(1.0),15.09.22 11:00,Annual,Tonne,Hazardous and non-hazardous - Total,Waste treatment,Total waste,Austria,2012,46119965,
ESTAT:ENV_WASTRT(1.0),15.09.22 11:00,Annual,Tonne,Hazardous and non-hazardous - Total,Waste treatment,Total waste,Austria,2014,53945545,
ESTAT:ENV_WASTRT(1.0),15.09.22 11:00,Annual,Tonne,Hazardous and non-hazardous - Total,Waste treatment,Total waste,Austria,2016,60030567,
ESTAT:ENV_WASTRT(1.0),15.09.22 11:00,Annual,Tonne,Hazardous and non-hazardous - Total,Waste treatment,Total waste,Austria,2018,63205725,
ESTAT:ENV_WASTRT(1.0),15.09.22 11:00,Annual,Tonne,Hazardous and non-hazardous - Total,Waste treatment,Total waste,Austria,2020,66393484,
ESTAT:ENV_WASTRT(1.0),15.09.22 11:00,Annual,Tonne,Hazardous and non-hazardous - Total,Waste treatment,Total waste,Belgium,2004,32985766,
ESTAT:ENV_WASTRT(1.0),15.09.22 11:00,Annual,Tonne,Hazardous and non-hazardous - Total,Waste treatment,Total waste,Belgium,2006,30025212,
ESTAT:ENV_WASTRT(1.0),15.09.22 11:00,Annual,Tonne,Hazardous and non-hazardous - Total,Waste treatment,Total waste,Belgium,2008,28730624,
ESTAT:ENV_WASTRT(1.0),15.09.22 11:00,Annual,Tonne,Hazardous and non-hazardous - Total,Waste treatment,Total waste,Belgium,2010,33792919,
ESTAT:ENV_WASTRT(1.0),15.09.22 11:00,Annual,Tonne,Hazardous and non-hazardous - Total,Waste treatment,Total waste,Belgium,2012,42237159,
ESTAT:ENV_WASTRT(1.0),15.09.22 11:00,Annual,Tonne,Hazardous and non-hazardous - Total,Waste treatment,Total waste,Belgium,2014,42929920,
ESTAT:ENV_WASTRT(1.0),15.09.22 11:00,Annual,Tonne,Hazardous and non-hazardous - Total,Waste treatment,Total waste,Belgium,2016,43506358,
ESTAT:ENV_WASTRT(1.0),15.09.22 11:00,Annual,Tonne,Hazardous and non-hazardous - Total,Waste treatment,Total waste,Belgium,2018,48919987,
ESTAT:ENV_WASTRT(1.0),15.09.22 11:00,Annual,Tonne,Hazardous and non-hazardous - Total,Waste treatment,Total waste,Belgium,2020,54578904,
ESTAT:ENV_WASTRT(1.0),15.09.22 11:00,Annual,Tonne,Hazardous and non-hazardous - Total,Waste treatment,Total waste,Bulgaria,2004,195064838,
ESTAT:ENV_WASTRT(1.0),15.09.22 11:00,Annual,Tonne,Hazardous and non-hazardous - Total,Waste treatment,Total waste,Bulgaria,2006,158316294,
ESTAT:ENV_WASTRT(1.0),15.09.22 11:00,Annual,Tonne,Hazardous and non-hazardous - Total,Waste treatment,Total waste,Bulgaria,2008,161161013,
ESTAT:ENV_WASTRT(1.0),15.09.22 11:00,Annual,Tonne,Hazardous and non-hazardous - Total,Waste treatment,Total waste,Bulgaria,2010,159954779,
ESTAT:ENV_WASTRT(1.0),15.09.22 11:00,Annual,Tonne,Hazardous and non-hazardous - Total,Waste treatment,Total waste,Bulgaria,2012,158751929,
ESTAT:ENV_WASTRT(1.0),15.09.22 11:00,Annual,Tonne,Hazardous and non-hazardous - Total,Waste treatment,Total waste,Bulgaria,2014,175705396,
ESTAT:ENV_WASTRT(1.0),15.09.22 11:00,Annual,Tonne,Hazardous and non-hazardous - Total,Waste treatment,Total waste,Bulgaria,2016,116858250,
ESTAT:ENV_WASTRT(1.0),15.09.22 11:00,Annual,Tonne,Hazardous and non-hazardous - Total,Waste treatment,Total waste,Bulgaria,2018,118631031,
ESTAT:ENV_WASTRT(1.0),15.09.22 11:00,Annual,Tonne,Hazardous and non-hazardous - Total,Waste treatment,Total waste,Bulgaria,2020,110128699,
ESTAT:ENV_WASTRT(1.0),15.09.22 11:00,Annual,Tonne,Hazardous and non-hazardous - Total,Waste treatment,Total waste,Cyprus,2004,1182660,
ESTAT:ENV_WASTRT(1.0),15.09.22 11:00,Annual,Tonne,Hazardous and non-hazardous - Total,Waste treatment,Total waste,Cyprus,2006,1248712,
ESTAT:ENV_WASTRT(1.0),15.09.22 11:00,Annual,Tonne,Hazardous and non-hazardous - Total,Waste treatment,Total waste,Cyprus,2008,1842781,
ESTAT:ENV_WASTRT(1.0),15.09.22 11:00,Annual,Tonne,Hazardous and non-hazardous - Total,Waste treatment,Total waste,Cyprus,2010,2371086,
ESTAT:ENV_WASTRT(1.0),15.09.22 11:00,Annual,Tonne,Hazardous and non-hazardous - Total,Waste treatment,Total waste,Cyprus,2012,1854978,
ESTAT:ENV_WASTRT(1.0),15.09.22 11:00,Annual,Tonne,Hazardous and non-hazardous - Total,Waste treatment,Total waste,Cyprus,2014,1711626,
ESTAT:ENV_WASTRT(1.0),15.09.22 11:00,Annual,Tonne,Hazardous and non-hazardous - Total,Waste treatment,Total waste,Cyprus,2016,1953732,
ESTAT:ENV_WASTRT(1.0),15.09.22 11:00,Annual,Tonne,Hazardous and non-hazardous - Total,Waste treatment,Total waste,Cyprus,2018,1823930,
ESTAT:ENV_WASTRT(1.0),15.09.22 11:00,Annual,Tonne,Hazardous and non-hazardous - Total,Waste treatment,Total waste,Cyprus,2020,1321200,
ESTAT:ENV_WASTRT(1.0),15.09.22 11:00,Annual,Tonne,Hazardous and non-hazardous - Total,Waste treatment,Total waste,Czechia,2004,22521031,
ESTAT:ENV_WASTRT(1.0),15.09.22 11:00,Annual,Tonne,Hazardous and non-hazardous - Total,Waste treatment,Total waste,Czechia,2006,16982501,
ESTAT:ENV_WASTRT(1.0),15.09.22 11:00,Annual,Tonne,Hazardous and non-hazardous - Total,Waste treatment,Total waste,Czechia,2008,18864101,
ESTAT:ENV_WASTRT(1.0),15.09.22 11:00,Annual,Tonne,Hazardous and non-hazardous - Total,Waste treatment,Total waste,Czechia,2010,18246507,
ESTAT:ENV_WASTRT(1.0),15.09.22 11:00,Annual,Tonne,Hazardous and non-hazardous - Total,Waste treatment,Total waste,Czechia,2012,18262628,
ESTAT:ENV_WASTRT(1.0),15.09.22 11:00,Annual,Tonne,Hazardous and non-hazardous - Total,Waste treatment,Total waste,Czechia,2014,19867699,
ESTAT:ENV_WASTRT(1.0),15.09.22 11:00,Annual,Tonne,Hazardous and non-hazardous - Total,Waste treatment,Total waste,Czechia,2016,22913480,
ESTAT:ENV_WASTRT(1.0),15.09.22 11:00,Annual,Tonne,Hazardous and non-hazardous - Total,Waste treatment,Total waste,Czechia,2018,33844884,b
ESTAT:ENV_WASTRT(1.0),15.09.22 11:00,Annual,Tonne,Hazardous and non-hazardous - Total,Waste treatment,Total waste,Czechia,2020,35380809,
ESTAT:ENV_WASTRT(1.0),15.09.22 11:00,Annual,Tonne,Hazardous and non-hazardous - Total,Waste treatment,Total waste,Germany,2004,346001167,
ESTAT:ENV_WASTRT(1.0),15.09.22 11:00,Annual,Tonne,Hazardous and non-hazardous - Total,Waste treatment,Total waste,Germany,2006,358364726,
ESTAT:ENV_WASTRT(1.0),15.09.22 11:00,Annual,Tonne,Hazardous and non-hazardous - Total,Waste treatment,Total waste,Germany,2008,367256297,
ESTAT:ENV_WASTRT(1.0),15.09.22 11:00,Annual,Tonne,Hazardous and non-hazardous - Total,Waste treatment,Total waste,Germany,2010,349563855,
ESTAT:ENV_WASTRT(1.0),15.09.22 11:00,Annual,Tonne,Hazardous and non-hazardous - Total,Waste treatment,Total waste,Germany,2012,352996320,
ESTAT:ENV_WASTRT(1.0),15.09.22 11:00,Annual,Tonne,Hazardous and non-hazardous - Total,Waste treatment,Total waste,Germany,2014,370740801,
ESTAT:ENV_WASTRT(1.0),15.09.22 11:00,Annual,Tonne,Hazardous and non-hazardous - Total,Waste treatment,Total waste,Germany,2016,383204029,
ESTAT:ENV_WASTRT(1.0),15.09.22 11:00,Annual,Tonne,Hazardous and non-hazardous - Total,Waste treatment,Total waste,Germany,2018,387770912,
ESTAT:ENV_WASTRT(1.0),15.09.22 11:00,Annual,Tonne,Hazardous and non-hazardous - Total,Waste treatment,Total waste,Germany,2020,381978065,
ESTAT:ENV_WASTRT(1.0),15.09.22 11:00,Annual,Tonne,Hazardous and non-hazardous - Total,Waste treatment,Total waste,Denmark,2004,12892738,
ESTAT:ENV_WASTRT(1.0),15.09.22 11:00,Annual,Tonne,Hazardous and non-hazardous - Total,Waste treatment,Total waste,Denmark,2006,14967958,
ESTAT:ENV_WASTRT(1.0),15.09.22 11:00,Annual,Tonne,Hazardous and non-hazardous - Total,Waste treatment,Total waste,Denmark,2008,14635672,
ESTAT:ENV_WASTRT(1.0),15.09.22 11:00,Annual,Tonne,Hazardous and non-hazardous - Total,Waste treatment,Total waste,Denmark,2010,13647289,
ESTAT:ENV_WASTRT(1.0),15.09.22 11:00,Annual,Tonne,Hazardous and non-hazardous - Total,Waste treatment,Total waste,Denmark,2012,14165252,
ESTAT:ENV_WASTRT(1.0),15.09.22 11:00,Annual,Tonne,Hazardous and non-hazardous - Total,Waste treatment,Total waste,Denmark,2014,17597706,
ESTAT:ENV_WASTRT(1.0),15.09.22 11:00,Annual,Tonne,Hazardous and non-hazardous - Total,Waste treatment,Total waste,Denmark,2016,19062523,
ESTAT:ENV_WASTRT(1.0),15.09.22 11:00,Annual,Tonne,Hazardous and non-hazardous - Total,Waste treatment,Total waste,Denmark,2018,18301486,
ESTAT:ENV_WASTRT(1.0),15.09.22 11:00,Annual,Tonne,Hazardous and non-hazardous - Total,Waste treatment,Total waste,Denmark,2020,17349957,
ESTAT:ENV_WASTRT(1.0),15.09.22 11:00,Annual,Tonne,Hazardous and non-hazardous - Total,Waste treatment,Total waste,Estonia,2004,15410921,
ESTAT:ENV_WASTRT(1.0),15.09.22 11:00,Annual,Tonne,Hazardous and non-hazardous - Total,Waste treatment,Total waste,Estonia,2006,17657870,
ESTAT:ENV_WASTRT(1.0),15.09.22 11:00,Annual,Tonne,Hazardous and non-hazardous - Total,Waste treatment,Total waste,Estonia,2008,17388305,
ESTAT:ENV_WASTRT(1.0),15.09.22 11:00,Annual,Tonne,Hazardous and non-hazardous - Total,Waste treatment,Total waste,Estonia,2010,17953473,
ESTAT:ENV_WASTRT(1.0),15.09.22 11:00,Annual,Tonne,Hazardous and non-hazardous - Total,Waste treatment,Total waste,Estonia,2012,20609512,
ESTAT:ENV_WASTRT(1.0),15.09.22 11:00,Annual,Tonne,Hazardous and non-hazardous - Total,Waste treatment,Total waste,Estonia,2014,20734361,
ESTAT:ENV_WASTRT(1.0),15.09.22 11:00,Annual,Tonne,Hazardous and non-hazardous - Total,Waste treatment,Total waste,Estonia,2016,19872869,
ESTAT:ENV_WASTRT(1.0),15.09.22 11:00,Annual,Tonne,Hazardous and non-hazardous - Total,Waste treatment,Total waste,Estonia,2018,21773182,
ESTAT:ENV_WASTRT(1.0),15.09.22 11:00,Annual,Tonne,Hazardous and non-hazardous - Total,Waste treatment,Total waste,Estonia,2020,15147198,
ESTAT:ENV_WASTRT(1.0),15.09.22 11:00,Annual,Tonne,Hazardous and non-hazardous - Total,Waste treatment,Total waste,Greece,2004,25499043,
ESTAT:ENV_WASTRT(1.0),15.09.22 11:00,Annual,Tonne,Hazardous and non-hazardous - Total,Waste treatment,Total waste,Greece,2006,52205596,
ESTAT:ENV_WASTRT(1.0),15.09.22 11:00,Annual,Tonne,Hazardous and non-hazardous - Total,Waste treatment,Total waste,Greece,2008,67523404,
ESTAT:ENV_WASTRT(1.0),15.09.22 11:00,Annual,Tonne,Hazardous and non-hazardous - Total,Waste treatment,Total waste,Greece,2010,70389644,
ESTAT:ENV_WASTRT(1.0),15.09.22 11:00,Annual,Tonne,Hazardous and non-hazardous - Total,Waste treatment,Total waste,Greece,2012,71333632,
ESTAT:ENV_WASTRT(1.0),15.09.22 11:00,Annual,Tonne,Hazardous and non-hazardous - Total,Waste treatment,Total waste,Greece,2014,67051622,
ESTAT:ENV_WASTRT(1.0),15.09.22 11:00,Annual,Tonne,Hazardous and non-hazardous - Total,Waste treatment,Total waste,Greece,2016,69958964,
ESTAT:ENV_WASTRT(1.0),15.09.22 11:00,Annual,Tonne,Hazardous and non-hazardous - Total,Waste treatment,Total waste,Greece,2018,42651993,
ESTAT:ENV_WASTRT(1.0),15.09.22 11:00,Annual,Tonne,Hazardous and non-hazardous - Total,Waste treatment,Total waste,Greece,2020,25806897,ep
ESTAT:ENV_WASTRT(1.0),15.09.22 11:00,Annual,Tonne,Hazardous and non-hazardous - Total,Waste treatment,Total waste,Spain,2004,136220011,
ESTAT:ENV_WASTRT(1.0),15.09.22 11:00,Annual,Tonne,Hazardous and non-hazardous - Total,Waste treatment,Total waste,Spain,2006,143885581,
ESTAT:ENV_WASTRT(1.0),15.09.22 11:00,Annual,Tonne,Hazardous and non-hazardous - Total,Waste treatment,Total waste,Spain,2008,137687475,
ESTAT:ENV_WASTRT(1.0),15.09.22 11:00,Annual,Tonne,Hazardous and non-hazardous - Total,Waste treatment,Total waste,Spain,2010,132687982,
ESTAT:ENV_WASTRT(1.0),15.09.22 11:00,Annual,Tonne,Hazardous and non-hazardous - Total,Waste treatment,Total waste,Spain,2012,108475037,
ESTAT:ENV_WASTRT(1.0),15.09.22 11:00,Annual,Tonne,Hazardous and non-hazardous - Total,Waste treatment,Total waste,Spain,2014,103397339,
ESTAT:ENV_WASTRT(1.0),15.09.22 11:00,Annual,Tonne,Hazardous and non-hazardous - Total,Waste treatment,Total waste,Spain,2016,106715249,
ESTAT:ENV_WASTRT(1.0),15.09.22 11:00,Annual,Tonne,Hazardous and non-hazardous - Total,Waste treatment,Total waste,Spain,2018,121957549,
ESTAT:ENV_WASTRT(1.0),15.09.22 11:00,Annual,Tonne,Hazardous and non-hazardous - Total,Waste treatment,Total waste,Spain,2020,93820762,
ESTAT:ENV_WASTRT(1.0),15.09.22 11:00,Annual,Tonne,Hazardous and non-hazardous - Total,Waste treatment,Total waste,European Union,2004,1897000000,
ESTAT:ENV_WASTRT(1.0),15.09.22 11:00,Annual,Tonne,Hazardous and non-hazardous - Total,Waste treatment,Total waste,European Union,2006,1932880000,
ESTAT:ENV_WASTRT(1.0),15.09.22 11:00,Annual,Tonne,Hazardous and non-hazardous - Total,Waste treatment,Total waste,European Union,2008,1949520000,
ESTAT:ENV_WASTRT(1.0),15.09.22 11:00,Annual,Tonne,Hazardous and non-hazardous - Total,Waste treatment,Total waste,European Union,2010,2030050000,
ESTAT:ENV_WASTRT(1.0),15.09.22 11:00,Annual,Tonne,Hazardous and non-hazardous - Total,Waste treatment,Total waste,European Union,2012,2111770000,
ESTAT:ENV_WASTRT(1.0),15.09.22 11:00,Annual,Tonne,Hazardous and non-hazardous - Total,Waste treatment,Total waste,European Union,2014,2111450000,
ESTAT:ENV_WASTRT(1.0),15.09.22 11:00,Annual,Tonne,Hazardous and non-hazardous - Total,Waste treatment,Total waste,European Union,2016,2097160000,
ESTAT:ENV_WASTRT(1.0),15.09.22 11:00,Annual,Tonne,Hazardous and non-hazardous - Total,Waste treatment,Total waste,European Union,2018,2172520000,
ESTAT:ENV_WASTRT(1.0),15.09.22 11:00,Annual,Tonne,Hazardous and non-hazardous - Total,Waste treatment,Total waste,European Union,2020,2029190000,s
ESTAT:ENV_WASTRT(1.0),15.09.22 11:00,Annual,Tonne,Hazardous and non-hazardous - Total,Waste treatment,Total waste,Finland,2004,67015648,
ESTAT:ENV_WASTRT(1.0),15.09.22 11:00,Annual,Tonne,Hazardous and non-hazardous - Total,Waste treatment,Total waste,Finland,2006,65248632,
ESTAT:ENV_WASTRT(1.0),15.09.22 11:00,Annual,Tonne,Hazardous and non-hazardous - Total,Waste treatment,Total waste,Finland,2008,74851325,
ESTAT:ENV_WASTRT(1.0),15.09.22 11:00,Annual,Tonne,Hazardous and non-hazardous - Total,Waste treatment,Total waste,Finland,2010,105630419,
ESTAT:ENV_WASTRT(1.0),15.09.22 11:00,Annual,Tonne,Hazardous and non-hazardous - Total,Waste treatment,Total waste,Finland,2012,90477546,
ESTAT:ENV_WASTRT(1.0),15.09.22 11:00,Annual,Tonne,Hazardous and non-hazardous - Total,Waste treatment,Total waste,Finland,2014,93254044,
ESTAT:ENV_WASTRT(1.0),15.09.22 11:00,Annual,Tonne,Hazardous and non-hazardous - Total,Waste treatment,Total waste,Finland,2016,125455649,
ESTAT:ENV_WASTRT(1.0),15.09.22 11:00,Annual,Tonne,Hazardous and non-hazardous - Total,Waste treatment,Total waste,Finland,2018,125233522,
ESTAT:ENV_WASTRT(1.0),15.09.22 11:00,Annual,Tonne,Hazardous and non-hazardous - Total,Waste treatment,Total waste,Finland,2020,112828334,
ESTAT:ENV_WASTRT(1.0),15.09.22 11:00,Annual,Tonne,Hazardous and non-hazardous - Total,Waste treatment,Total waste,France,2004,283391472,s
ESTAT:ENV_WASTRT(1.0),15.09.22 11:00,Annual,Tonne,Hazardous and non-hazardous - Total,Waste treatment,Total waste,France,2006,292502076,s
ESTAT:ENV_WASTRT(1.0),15.09.22 11:00,Annual,Tonne,Hazardous and non-hazardous - Total,Waste treatment,Total waste,France,2008,322641264,
ESTAT:ENV_WASTRT(1.0),15.09.22 11:00,Annual,Tonne,Hazardous and non-hazardous - Total,Waste treatment,Total waste,France,2010,331053355,
ESTAT:ENV_WASTRT(1.0),15.09.22 11:00,Annual,Tonne,Hazardous and non-hazardous - Total,Waste treatment,Total waste,France,2012,315146903,
ESTAT:ENV_WASTRT(1.0),15.09.22 11:00,Annual,Tonne,Hazardous and non-hazardous - Total,Waste treatment,Total waste,France,2014,299663057,
ESTAT:ENV_WASTRT(1.0),15.09.22 11:00,Annual,Tonne,Hazardous and non-hazardous - Total,Waste treatment,Total waste,France,2016,304814284,
ESTAT:ENV_WASTRT(1.0),15.09.22 11:00,Annual,Tonne,Hazardous and non-hazardous - Total,Waste treatment,Total waste,France,2018,325288449,
ESTAT:ENV_WASTRT(1.0),15.09.22 11:00,Annual,Tonne,Hazardous and non-hazardous - Total,Waste treatment,Total waste,France,2020,294455431,
ESTAT:ENV_WASTRT(1.0),15.09.22 11:00,Annual,Tonne,Hazardous and non-hazardous - Total,Waste treatment,Total waste,Croatia,2004,4756565,
ESTAT:ENV_WASTRT(1.0),15.09.22 11:00,Annual,Tonne,Hazardous and non-hazardous - Total,Waste treatment,Total waste,Croatia,2006,2814238,
ESTAT:ENV_WASTRT(1.0),15.09.22 11:00,Annual,Tonne,Hazardous and non-hazardous - Total,Waste treatment,Total waste,Croatia,2008,3350936,
ESTAT:ENV_WASTRT(1.0),15.09.22 11:00,Annual,Tonne,Hazardous and non-hazardous - Total,Waste treatment,Total waste,Croatia,2010,2584714,
ESTAT:ENV_WASTRT(1.0),15.09.22 11:00,Annual,Tonne,Hazardous and non-hazardous - Total,Waste treatment,Total waste,Croatia,2012,2990572,
ESTAT:ENV_WASTRT(1.0),15.09.22 11:00,Annual,Tonne,Hazardous and non-hazardous - Total,Waste treatment,Total waste,Croatia,2014,3460358,
ESTAT:ENV_WASTRT(1.0),15.09.22 11:00,Annual,Tonne,Hazardous and non-hazardous - Total,Waste treatment,Total waste,Croatia,2016,3684489,
ESTAT:ENV_WASTRT(1.0),15.09.22 11:00,Annual,Tonne,Hazardous and non-hazardous - Total,Waste treatment,Total waste,Croatia,2018,3766584,
ESTAT:ENV_WASTRT(1.0),15.09.22 11:00,Annual,Tonne,Hazardous and non-hazardous - Total,Waste treatment,Total waste,Croatia,2020,4147836,
ESTAT:ENV_WASTRT(1.0),15.09.22 11:00,Annual,Tonne,Hazardous and non-hazardous - Total,Waste treatment,Total waste,Hungary,2004,9826086,
ESTAT:ENV_WASTRT(1.0),15.09.22 11:00,Annual,Tonne,Hazardous and non-hazardous - Total,Waste treatment,Total waste,Hungary,2006,14978073,
ESTAT:ENV_WASTRT(1.0),15.09.22 11:00,Annual,Tonne,Hazardous and non-hazardous - Total,Waste treatment,Total waste,Hungary,2008,15955767,
ESTAT:ENV_WASTRT(1.0),15.09.22 11:00,Annual,Tonne,Hazardous and non-hazardous - Total,Waste treatment,Total waste,Hungary,2010,13423841,
ESTAT:ENV_WASTRT(1.0),15.09.22 11:00,Annual,Tonne,Hazardous and non-hazardous - Total,Waste treatment,Total waste,Hungary,2012,12963885,
ESTAT:ENV_WASTRT(1.0),15.09.22 11:00,Annual,Tonne,Hazardous and non-hazardous - Total,Waste treatment,Total waste,Hungary,2014,13681198,
ESTAT:ENV_WASTRT(1.0),15.09.22 11:00,Annual,Tonne,Hazardous and non-hazardous - Total,Waste treatment,Total waste,Hungary,2016,13960246,
ESTAT:ENV_WASTRT(1.0),15.09.22 11:00,Annual,Tonne,Hazardous and non-hazardous - Total,Waste treatment,Total waste,Hungary,2018,16927612,
ESTAT:ENV_WASTRT(1.0),15.09.22 11:00,Annual,Tonne,Hazardous and non-hazardous - Total,Waste treatment,Total waste,Hungary,2020,20626167,
ESTAT:ENV_WASTRT(1.0),15.09.22 11:00,Annual,Tonne,Hazardous and non-hazardous - Total,Waste treatment,Total waste,Ireland,2004,18227850,
ESTAT:ENV_WASTRT(1.0),15.09.22 11:00,Annual,Tonne,Hazardous and non-hazardous - Total,Waste treatment,Total waste,Ireland,2006,22730497,
ESTAT:ENV_WASTRT(1.0),15.09.22 11:00,Annual,Tonne,Hazardous and non-hazardous - Total,Waste treatment,Total waste,Ireland,2008,16245217,
ESTAT:ENV_WASTRT(1.0),15.09.22 11:00,Annual,Tonne,Hazardous and non-hazardous - Total,Waste treatment,Total waste,Ireland,2010,9420759,
ESTAT:ENV_WASTRT(1.0),15.09.22 11:00,Annual,Tonne,Hazardous and non-hazardous - Total,Waste treatment,Total waste,Ireland,2012,8032920,
ESTAT:ENV_WASTRT(1.0),15.09.22 11:00,Annual,Tonne,Hazardous and non-hazardous - Total,Waste treatment,Total waste,Ireland,2014,9987986,
ESTAT:ENV_WASTRT(1.0),15.09.22 11:00,Annual,Tonne,Hazardous and non-hazardous - Total,Waste treatment,Total waste,Ireland,2016,11767578,
ESTAT:ENV_WASTRT(1.0),15.09.22 11:00,Annual,Tonne,Hazardous and non-hazardous - Total,Waste treatment,Total waste,Ireland,2018,12260094,
ESTAT:ENV_WASTRT(1.0),15.09.22 11:00,Annual,Tonne,Hazardous and non-hazardous - Total,Waste treatment,Total waste,Iceland,2004,488700,
ESTAT:ENV_WASTRT(1.0),15.09.22 11:00,Annual,Tonne,Hazardous and non-hazardous - Total,Waste treatment,Total waste,Iceland,2008,728125,
ESTAT:ENV_WASTRT(1.0),15.09.22 11:00,Annual,Tonne,Hazardous and non-hazardous - Total,Waste treatment,Total waste,Iceland,2010,501776,
ESTAT:ENV_WASTRT(1.0),15.09.22 11:00,Annual,Tonne,Hazardous and non-hazardous - Total,Waste treatment,Total waste,Iceland,2012,521083,
ESTAT:ENV_WASTRT(1.0),15.09.22 11:00,Annual,Tonne,Hazardous and non-hazardous - Total,Waste treatment,Total waste,Iceland,2014,815141,
ESTAT:ENV_WASTRT(1.0),15.09.22 11:00,Annual,Tonne,Hazardous and non-hazardous - Total,Waste treatment,Total waste,Iceland,2016,1067318,
ESTAT:ENV_WASTRT(1.0),15.09.22 11:00,Annual,Tonne,Hazardous and non-hazardous - Total,Waste treatment,Total waste,Iceland,2018,1293514,
ESTAT:ENV_WASTRT(1.0),15.09.22 11:00,Annual,Tonne,Hazardous and non-hazardous - Total,Waste treatment,Total waste,Italy,2004,102352518,
ESTAT:ENV_WASTRT(1.0),15.09.22 11:00,Annual,Tonne,Hazardous and non-hazardous - Total,Waste treatment,Total waste,Italy,2006,115960860,
ESTAT:ENV_WASTRT(1.0),15.09.22 11:00,Annual,Tonne,Hazardous and non-hazardous - Total,Waste treatment,Total waste,Italy,2008,127894045,
ESTAT:ENV_WASTRT(1.0),15.09.22 11:00,Annual,Tonne,Hazardous and non-hazardous - Total,Waste treatment,Total waste,Italy,2010,127156431,
ESTAT:ENV_WASTRT(1.0),15.09.22 11:00,Annual,Tonne,Hazardous and non-hazardous - Total,Waste treatment,Total waste,Italy,2012,130460276,
ESTAT:ENV_WASTRT(1.0),15.09.22 11:00,Annual,Tonne,Hazardous and non-hazardous - Total,Waste treatment,Total waste,Italy,2014,129673711,
ESTAT:ENV_WASTRT(1.0),15.09.22 11:00,Annual,Tonne,Hazardous and non-hazardous - Total,Waste treatment,Total waste,Italy,2016,136041718,
ESTAT:ENV_WASTRT(1.0),15.09.22 11:00,Annual,Tonne,Hazardous and non-hazardous - Total,Waste treatment,Total waste,Italy,2018,147413229,
ESTAT:ENV_WASTRT(1.0),15.09.22 11:00,Annual,Tonne,Hazardous and non-hazardous - Total,Waste treatment,Total waste,Italy,2020,147037168,
ESTAT:ENV_WASTRT(1.0),15.09.22 11:00,Annual,Tonne,Hazardous and non-hazardous - Total,Waste treatment,Total waste,Lithuania,2004,4579718,
ESTAT:ENV_WASTRT(1.0),15.09.22 11:00,Annual,Tonne,Hazardous and non-hazardous - Total,Waste treatment,Total waste,Lithuania,2006,5205504,
ESTAT:ENV_WASTRT(1.0),15.09.22 11:00,Annual,Tonne,Hazardous and non-hazardous - Total,Waste treatment,Total waste,Lithuania,2008,5626417,
ESTAT:ENV_WASTRT(1.0),15.09.22 11:00,Annual,Tonne,Hazardous and non-hazardous - Total,Waste treatment,Total waste,Lithuania,2010,4545657,
ESTAT:ENV_WASTRT(1.0),15.09.22 11:00,Annual,Tonne,Hazardous and non-hazardous - Total,Waste treatment,Total waste,Lithuania,2012,4286864,
ESTAT:ENV_WASTRT(1.0),15.09.22 11:00,Annual,Tonne,Hazardous and non-hazardous - Total,Waste treatment,Total waste,Lithuania,2014,4540740,
ESTAT:ENV_WASTRT(1.0),15.09.22 11:00,Annual,Tonne,Hazardous and non-hazardous - Total,Waste treatment,Total waste,Lithuania,2016,4840314,
ESTAT:ENV_WASTRT(1.0),15.09.22 11:00,Annual,Tonne,Hazardous and non-hazardous - Total,Waste treatment,Total waste,Lithuania,2018,4622311,
ESTAT:ENV_WASTRT(1.0),15.09.22 11:00,Annual,Tonne,Hazardous and non-hazardous - Total,Waste treatment,Total waste,Lithuania,2020,4142543,
ESTAT:ENV_WASTRT(1.0),15.09.22 11:00,Annual,Tonne,Hazardous and non-hazardous - Total,Waste treatment,Total waste,Luxembourg,2004,10217449,
ESTAT:ENV_WASTRT(1.0),15.09.22 11:00,Annual,Tonne,Hazardous and non-hazardous - Total,Waste treatment,Total waste,Luxembourg,2006,10243110,
ESTAT:ENV_WASTRT(1.0),15.09.22 11:00,Annual,Tonne,Hazardous and non-hazardous - Total,Waste treatment,Total waste,Luxembourg,2008,11632148,
ESTAT:ENV_WASTRT(1.0),15.09.22 11:00,Annual,Tonne,Hazardous and non-hazardous - Total,Waste treatment,Total waste,Luxembourg,2010,12424150,
ESTAT:ENV_WASTRT(1.0),15.09.22 11:00,Annual,Tonne,Hazardous and non-hazardous - Total,Waste treatment,Total waste,Luxembourg,2012,10301845,
ESTAT:ENV_WASTRT(1.0),15.09.22 11:00,Annual,Tonne,Hazardous and non-hazardous - Total,Waste treatment,Total waste,Luxembourg,2014,8534002,
ESTAT:ENV_WASTRT(1.0),15.09.22 11:00,Annual,Tonne,Hazardous and non-hazardous - Total,Waste treatment,Total waste,Luxembourg,2016,11327677,
ESTAT:ENV_WASTRT(1.0),15.09.22 11:00,Annual,Tonne,Hazardous and non-hazardous - Total,Waste treatment,Total waste,Luxembourg,2018,10420312,
ESTAT:ENV_WASTRT(1.0),15.09.22 11:00,Annual,Tonne,Hazardous and non-hazardous - Total,Waste treatment,Total waste,Luxembourg,2020,9731917,
ESTAT:ENV_WASTRT(1.0),15.09.22 11:00,Annual,Tonne,Hazardous and non-hazardous - Total,Waste treatment,Total waste,Latvia,2004,988139,
ESTAT:ENV_WASTRT(1.0),15.09.22 11:00,Annual,Tonne,Hazardous and non-hazardous - Total,Waste treatment,Total waste,Latvia,2006,1151491,
ESTAT:ENV_WASTRT(1.0),15.09.22 11:00,Annual,Tonne,Hazardous and non-hazardous - Total,Waste treatment,Total waste,Latvia,2008,1386268,
ESTAT:ENV_WASTRT(1.0),15.09.22 11:00,Annual,Tonne,Hazardous and non-hazardous - Total,Waste treatment,Total waste,Latvia,2010,1005754,
ESTAT:ENV_WASTRT(1.0),15.09.22 11:00,Annual,Tonne,Hazardous and non-hazardous - Total,Waste treatment,Total waste,Latvia,2012,1573391,
ESTAT:ENV_WASTRT(1.0),15.09.22 11:00,Annual,Tonne,Hazardous and non-hazardous - Total,Waste treatment,Total waste,Latvia,2014,1940568,
ESTAT:ENV_WASTRT(1.0),15.09.22 11:00,Annual,Tonne,Hazardous and non-hazardous - Total,Waste treatment,Total waste,Latvia,2016,1836258,
ESTAT:ENV_WASTRT(1.0),15.09.22 11:00,Annual,Tonne,Hazardous and non-hazardous - Total,Waste treatment,Total waste,Latvia,2018,1712697,
ESTAT:ENV_WASTRT(1.0),15.09.22 11:00,Annual,Tonne,Hazardous and non-hazardous - Total,Waste treatment,Total waste,Latvia,2020,2136323,
ESTAT:ENV_WASTRT(1.0),15.09.22 11:00,Annual,Tonne,Hazardous and non-hazardous - Total,Waste treatment,Total waste,Montenegro,2012,1002973,
ESTAT:ENV_WASTRT(1.0),15.09.22 11:00,Annual,Tonne,Hazardous and non-hazardous - Total,Waste treatment,Total waste,Montenegro,2014,1037658,
ESTAT:ENV_WASTRT(1.0),15.09.22 11:00,Annual,Tonne,Hazardous and non-hazardous - Total,Waste treatment,Total waste,Montenegro,2016,991610,
ESTAT:ENV_WASTRT(1.0),15.09.22 11:00,Annual,Tonne,Hazardous and non-hazardous - Total,Waste treatment,Total waste,Montenegro,2018,1048957,
ESTAT:ENV_WASTRT(1.0),15.09.22 11:00,Annual,Tonne,Hazardous and non-hazardous - Total,Waste treatment,Total waste,Montenegro,2020,1055441,
ESTAT:ENV_WASTRT(1.0),15.09.22 11:00,Annual,Tonne,Hazardous and non-hazardous - Total,Waste treatment,Total waste,North Macedonia,2008,1502977,
ESTAT:ENV_WASTRT(1.0),15.09.22 11:00,Annual,Tonne,Hazardous and non-hazardous - Total,Waste treatment,Total waste,North Macedonia,2010,2106039,
ESTAT:ENV_WASTRT(1.0),15.09.22 11:00,Annual,Tonne,Hazardous and non-hazardous - Total,Waste treatment,Total waste,North Macedonia,2012,9023357,
ESTAT:ENV_WASTRT(1.0),15.09.22 11:00,Annual,Tonne,Hazardous and non-hazardous - Total,Waste treatment,Total waste,North Macedonia,2014,1499136,
ESTAT:ENV_WASTRT(1.0),15.09.22 11:00,Annual,Tonne,Hazardous and non-hazardous - Total,Waste treatment,Total waste,North Macedonia,2018,1216475,
ESTAT:ENV_WASTRT(1.0),15.09.22 11:00,Annual,Tonne,Hazardous and non-hazardous - Total,Waste treatment,Total waste,North Macedonia,2020,1456673,
ESTAT:ENV_WASTRT(1.0),15.09.22 11:00,Annual,Tonne,Hazardous and non-hazardous - Total,Waste treatment,Total waste,Malta,2004,3097939,
ESTAT:ENV_WASTRT(1.0),15.09.22 11:00,Annual,Tonne,Hazardous and non-hazardous - Total,Waste treatment,Total waste,Malta,2006,2778385,
ESTAT:ENV_WASTRT(1.0),15.09.22 11:00,Annual,Tonne,Hazardous and non-hazardous - Total,Waste treatment,Total waste,Malta,2008,1951039,
ESTAT:ENV_WASTRT(1.0),15.09.22 11:00,Annual,Tonne,Hazardous and non-hazardous - Total,Waste treatment,Total waste,Malta,2010,1214149,
ESTAT:ENV_WASTRT(1.0),15.09.22 11:00,Annual,Tonne,Hazardous and non-hazardous - Total,Waste treatment,Total waste,Malta,2012,1298971,
ESTAT:ENV_WASTRT(1.0),15.09.22 11:00,Annual,Tonne,Hazardous and non-hazardous - Total,Waste treatment,Total waste,Malta,2014,1287613,
ESTAT:ENV_WASTRT(1.0),15.09.22 11:00,Annual,Tonne,Hazardous and non-hazardous - Total,Waste treatment,Total waste,Malta,2016,1349095,
ESTAT:ENV_WASTRT(1.0),15.09.22 11:00,Annual,Tonne,Hazardous and non-hazardous - Total,Waste treatment,Total waste,Malta,2018,2143021,
ESTAT:ENV_WASTRT(1.0),15.09.22 11:00,Annual,Tonne,Hazardous and non-hazardous - Total,Waste treatment,Total waste,Malta,2020,2743644,
ESTAT:ENV_WASTRT(1.0),15.09.22 11:00,Annual,Tonne,Hazardous and non-hazardous - Total,Waste treatment,Total waste,Netherlands,2004,85826150,
ESTAT:ENV_WASTRT(1.0),15.09.22 11:00,Annual,Tonne,Hazardous and non-hazardous - Total,Waste treatment,Total waste,Netherlands,2006,93008395,
ESTAT:ENV_WASTRT(1.0),15.09.22 11:00,Annual,Tonne,Hazardous and non-hazardous - Total,Waste treatment,Total waste,Netherlands,2008,97272468,
ESTAT:ENV_WASTRT(1.0),15.09.22 11:00,Annual,Tonne,Hazardous and non-hazardous - Total,Waste treatment,Total waste,Netherlands,2010,113720073,
ESTAT:ENV_WASTRT(1.0),15.09.22 11:00,Annual,Tonne,Hazardous and non-hazardous - Total,Waste treatment,Total waste,Netherlands,2012,118051339,
ESTAT:ENV_WASTRT(1.0),15.09.22 11:00,Annual,Tonne,Hazardous and non-hazardous - Total,Waste treatment,Total waste,Netherlands,2014,130094410,
ESTAT:ENV_WASTRT(1.0),15.09.22 11:00,Annual,Tonne,Hazardous and non-hazardous - Total,Waste treatment,Total waste,Netherlands,2016,139879536,
ESTAT:ENV_WASTRT(1.0),15.09.22 11:00,Annual,Tonne,Hazardous and non-hazardous - Total,Waste treatment,Total waste,Netherlands,2018,144742308,
ESTAT:ENV_WASTRT(1.0),15.09.22 11:00,Annual,Tonne,Hazardous and non-hazardous - Total,Waste treatment,Total waste,Netherlands,2020,121994530,
ESTAT:ENV_WASTRT(1.0),15.09.22 11:00,Annual,Tonne,Hazardous and non-hazardous - Total,Waste treatment,Total waste,Norway,2004,6501333,
ESTAT:ENV_WASTRT(1.0),15.09.22 11:00,Annual,Tonne,Hazardous and non-hazardous - Total,Waste treatment,Total waste,Norway,2006,8708776,
ESTAT:ENV_WASTRT(1.0),15.09.22 11:00,Annual,Tonne,Hazardous and non-hazardous - Total,Waste treatment,Total waste,Norway,2008,9536530,
ESTAT:ENV_WASTRT(1.0),15.09.22 11:00,Annual,Tonne,Hazardous and non-hazardous - Total,Waste treatment,Total waste,Norway,2010,6292239,
ESTAT:ENV_WASTRT(1.0),15.09.22 11:00,Annual,Tonne,Hazardous and non-hazardous - Total,Waste treatment,Total waste,Norway,2012,10102881,
ESTAT:ENV_WASTRT(1.0),15.09.22 11:00,Annual,Tonne,Hazardous and non-hazardous - Total,Waste treatment,Total waste,Norway,2014,10190153,
ESTAT:ENV_WASTRT(1.0),15.09.22 11:00,Annual,Tonne,Hazardous and non-hazardous - Total,Waste treatment,Total waste,Norway,2016,11031502,
ESTAT:ENV_WASTRT(1.0),15.09.22 11:00,Annual,Tonne,Hazardous and non-hazardous - Total,Waste treatment,Total waste,Norway,2018,14128951,
ESTAT:ENV_WASTRT(1.0),15.09.22 11:00,Annual,Tonne,Hazardous and non-hazardous - Total,Waste treatment,Total waste,Norway,2020,12481210,b
ESTAT:ENV_WASTRT(1.0),15.09.22 11:00,Annual,Tonne,Hazardous and non-hazardous - Total,Waste treatment,Total waste,Poland,2004,128581819,
ESTAT:ENV_WASTRT(1.0),15.09.22 11:00,Annual,Tonne,Hazardous and non-hazardous - Total,Waste treatment,Total waste,Poland,2006,170285471,
ESTAT:ENV_WASTRT(1.0),15.09.22 11:00,Annual,Tonne,Hazardous and non-hazardous - Total,Waste treatment,Total waste,Poland,2008,139523648,
ESTAT:ENV_WASTRT(1.0),15.09.22 11:00,Annual,Tonne,Hazardous and non-hazardous - Total,Waste treatment,Total waste,Poland,2010,146580065,
ESTAT:ENV_WASTRT(1.0),15.09.22 11:00,Annual,Tonne,Hazardous and non-hazardous - Total,Waste treatment,Total waste,Poland,2012,160696840,
ESTAT:ENV_WASTRT(1.0),15.09.22 11:00,Annual,Tonne,Hazardous and non-hazardous - Total,Waste treatment,Total waste,Poland,2014,182435351,
ESTAT:ENV_WASTRT(1.0),15.09.22 11:00,Annual,Tonne,Hazardous and non-hazardous - Total,Waste treatment,Total waste,Poland,2016,163002317,
ESTAT:ENV_WASTRT(1.0),15.09.22 11:00,Annual,Tonne,Hazardous and non-hazardous - Total,Waste treatment,Total waste,Poland,2018,160334190,
ESTAT:ENV_WASTRT(1.0),15.09.22 11:00,Annual,Tonne,Hazardous and non-hazardous - Total,Waste treatment,Total waste,Poland,2020,184372893,
ESTAT:ENV_WASTRT(1.0),15.09.22 11:00,Annual,Tonne,Hazardous and non-hazardous - Total,Waste treatment,Total waste,Portugal,2004,23945324,
ESTAT:ENV_WASTRT(1.0),15.09.22 11:00,Annual,Tonne,Hazardous and non-hazardous - Total,Waste treatment,Total waste,Portugal,2006,24597037,
ESTAT:ENV_WASTRT(1.0),15.09.22 11:00,Annual,Tonne,Hazardous and non-hazardous - Total,Waste treatment,Total waste,Portugal,2008,13406272,
ESTAT:ENV_WASTRT(1.0),15.09.22 11:00,Annual,Tonne,Hazardous and non-hazardous - Total,Waste treatment,Total waste,Portugal,2010,9985613,
ESTAT:ENV_WASTRT(1.0),15.09.22 11:00,Annual,Tonne,Hazardous and non-hazardous - Total,Waste treatment,Total waste,Portugal,2012,9789974,
ESTAT:ENV_WASTRT(1.0),15.09.22 11:00,Annual,Tonne,Hazardous and non-hazardous - Total,Waste treatment,Total waste,Portugal,2014,10940974,
ESTAT:ENV_WASTRT(1.0),15.09.22 11:00,Annual,Tonne,Hazardous and non-hazardous - Total,Waste treatment,Total waste,Portugal,2016,9669229,
ESTAT:ENV_WASTRT(1.0),15.09.22 11:00,Annual,Tonne,Hazardous and non-hazardous - Total,Waste treatment,Total waste,Portugal,2018,10346970,
ESTAT:ENV_WASTRT(1.0),15.09.22 11:00,Annual,Tonne,Hazardous and non-hazardous - Total,Waste treatment,Total waste,Portugal,2020,10916902,
ESTAT:ENV_WASTRT(1.0),15.09.22 11:00,Annual,Tonne,Hazardous and non-hazardous - Total,Waste treatment,Total waste,Romania,2004,210514539,
ESTAT:ENV_WASTRT(1.0),15.09.22 11:00,Annual,Tonne,Hazardous and non-hazardous - Total,Waste treatment,Total waste,Romania,2006,163066731,
ESTAT:ENV_WASTRT(1.0),15.09.22 11:00,Annual,Tonne,Hazardous and non-hazardous - Total,Waste treatment,Total waste,Romania,2008,158506769,
ESTAT:ENV_WASTRT(1.0),15.09.22 11:00,Annual,Tonne,Hazardous and non-hazardous - Total,Waste treatment,Total waste,Romania,2010,199134910,
ESTAT:ENV_WASTRT(1.0),15.09.22 11:00,Annual,Tonne,Hazardous and non-hazardous - Total,Waste treatment,Total waste,Romania,2012,247552111,
ESTAT:ENV_WASTRT(1.0),15.09.22 11:00,Annual,Tonne,Hazardous and non-hazardous - Total,Waste treatment,Total waste,Romania,2014,172452079,
ESTAT:ENV_WASTRT(1.0),15.09.22 11:00,Annual,Tonne,Hazardous and non-hazardous - Total,Waste treatment,Total waste,Romania,2016,175698723,
ESTAT:ENV_WASTRT(1.0),15.09.22 11:00,Annual,Tonne,Hazardous and non-hazardous - Total,Waste treatment,Total waste,Romania,2018,200027786,
ESTAT:ENV_WASTRT(1.0),15.09.22 11:00,Annual,Tonne,Hazardous and non-hazardous - Total,Waste treatment,Total waste,Romania,2020,137909622,
ESTAT:ENV_WASTRT(1.0),15.09.22 11:00,Annual,Tonne,Hazardous and non-hazardous - Total,Waste treatment,Total waste,Serbia,2010,33145725,
ESTAT:ENV_WASTRT(1.0),15.09.22 11:00,Annual,Tonne,Hazardous and non-hazardous - Total,Waste treatment,Total waste,Serbia,2012,55022633,
ESTAT:ENV_WASTRT(1.0),15.09.22 11:00,Annual,Tonne,Hazardous and non-hazardous - Total,Waste treatment,Total waste,Serbia,2014,49444834,
ESTAT:ENV_WASTRT(1.0),15.09.22 11:00,Annual,Tonne,Hazardous and non-hazardous - Total,Waste treatment,Total waste,Serbia,2016,48515826,b
ESTAT:ENV_WASTRT(1.0),15.09.22 11:00,Annual,Tonne,Hazardous and non-hazardous - Total,Waste treatment,Total waste,Serbia,2018,50993105,
ESTAT:ENV_WASTRT(1.0),15.09.22 11:00,Annual,Tonne,Hazardous and non-hazardous - Total,Waste treatment,Total waste,Serbia,2020,58186023,
ESTAT:ENV_WASTRT(1.0),15.09.22 11:00,Annual,Tonne,Hazardous and non-hazardous - Total,Waste treatment,Total waste,Sweden,2004,87181191,
ESTAT:ENV_WASTRT(1.0),15.09.22 11:00,Annual,Tonne,Hazardous and non-hazardous - Total,Waste treatment,Total waste,Sweden,2006,90563083,
ESTAT:ENV_WASTRT(1.0),15.09.22 11:00,Annual,Tonne,Hazardous and non-hazardous - Total,Waste treatment,Total waste,Sweden,2008,81352104,
ESTAT:ENV_WASTRT(1.0),15.09.22 11:00,Annual,Tonne,Hazardous and non-hazardous - Total,Waste treatment,Total waste,Sweden,2010,110475753,
ESTAT:ENV_WASTRT(1.0),15.09.22 11:00,Annual,Tonne,Hazardous and non-hazardous - Total,Waste treatment,Total waste,Sweden,2012,151224958,
ESTAT:ENV_WASTRT(1.0),15.09.22 11:00,Annual,Tonne,Hazardous and non-hazardous - Total,Waste treatment,Total waste,Sweden,2014,163286978,
ESTAT:ENV_WASTRT(1.0),15.09.22 11:00,Annual,Tonne,Hazardous and non-hazardous - Total,Waste treatment,Total waste,Sweden,2016,137021154,
ESTAT:ENV_WASTRT(1.0),15.09.22 11:00,Annual,Tonne,Hazardous and non-hazardous - Total,Waste treatment,Total waste,Sweden,2018,131575916,
ESTAT:ENV_WASTRT(1.0),15.09.22 11:00,Annual,Tonne,Hazardous and non-hazardous - Total,Waste treatment,Total waste,Sweden,2020,144471109,
ESTAT:ENV_WASTRT(1.0),15.09.22 11:00,Annual,Tonne,Hazardous and non-hazardous - Total,Waste treatment,Total waste,Slovenia,2004,4990764,
ESTAT:ENV_WASTRT(1.0),15.09.22 11:00,Annual,Tonne,Hazardous and non-hazardous - Total,Waste treatment,Total waste,Slovenia,2006,4237840,
ESTAT:ENV_WASTRT(1.0),15.09.22 11:00,Annual,Tonne,Hazardous and non-hazardous - Total,Waste treatment,Total waste,Slovenia,2008,5242487,
ESTAT:ENV_WASTRT(1.0),15.09.22 11:00,Annual,Tonne,Hazardous and non-hazardous - Total,Waste treatment,Total waste,Slovenia,2010,5638491,
ESTAT:ENV_WASTRT(1.0),15.09.22 11:00,Annual,Tonne,Hazardous and non-hazardous - Total,Waste treatment,Total waste,Slovenia,2012,5068287,
ESTAT:ENV_WASTRT(1.0),15.09.22 11:00,Annual,Tonne,Hazardous and non-hazardous - Total,Waste treatment,Total waste,Slovenia,2014,5444784,
ESTAT:ENV_WASTRT(1.0),15.09.22 11:00,Annual,Tonne,Hazardous and non-hazardous - Total,Waste treatment,Total waste,Slovenia,2016,4810258,
ESTAT:ENV_WASTRT(1.0),15.09.22 11:00,Annual,Tonne,Hazardous and non-hazardous - Total,Waste treatment,Total waste,Slovenia,2018,8313813,
ESTAT:ENV_WASTRT(1.0),15.09.22 11:00,Annual,Tonne,Hazardous and non-hazardous - Total,Waste treatment,Total waste,Slovenia,2020,7144864,
ESTAT:ENV_WASTRT(1.0),15.09.22 11:00,Annual,Tonne,Hazardous and non-hazardous - Total,Waste treatment,Total waste,Slovakia,2004,12104130,
ESTAT:ENV_WASTRT(1.0),15.09.22 11:00,Annual,Tonne,Hazardous and non-hazardous - Total,Waste treatment,Total waste,Slovakia,2006,12729725,
ESTAT:ENV_WASTRT(1.0),15.09.22 11:00,Annual,Tonne,Hazardous and non-hazardous - Total,Waste treatment,Total waste,Slovakia,2008,9242610,
ESTAT:ENV_WASTRT(1.0),15.09.22 11:00,Annual,Tonne,Hazardous and non-hazardous - Total,Waste treatment,Total waste,Slovakia,2010,7692334,
ESTAT:ENV_WASTRT(1.0),15.09.22 11:00,Annual,Tonne,Hazardous and non-hazardous - Total,Waste treatment,Total waste,Slovakia,2012,7051623,
ESTAT:ENV_WASTRT(1.0),15.09.22 11:00,Annual,Tonne,Hazardous and non-hazardous - Total,Waste treatment,Total waste,Slovakia,2014,7091829,
ESTAT:ENV_WASTRT(1.0),15.09.22 11:00,Annual,Tonne,Hazardous and non-hazardous - Total,Waste treatment,Total waste,Slovakia,2016,7923648,
ESTAT:ENV_WASTRT(1.0),15.09.22 11:00,Annual,Tonne,Hazardous and non-hazardous - Total,Waste treatment,Total waste,Slovakia,2018,8508895,
ESTAT:ENV_WASTRT(1.0),15.09.22 11:00,Annual,Tonne,Hazardous and non-hazardous - Total,Waste treatment,Total waste,Slovakia,2020,10369015,
ESTAT:ENV_WASTRT(1.0),15.09.22 11:00,Annual,Tonne,Hazardous and non-hazardous - Total,Waste treatment,Total waste,Turkiye,2004,56480006,
ESTAT:ENV_WASTRT(1.0),15.09.22 11:00,Annual,Tonne,Hazardous and non-hazardous - Total,Waste treatment,Total waste,Turkiye,2006,41039294,
ESTAT:ENV_WASTRT(1.0),15.09.22 11:00,Annual,Tonne,Hazardous and non-hazardous - Total,Waste treatment,Total waste,Turkiye,2008,60230196,
ESTAT:ENV_WASTRT(1.0),15.09.22 11:00,Annual,Tonne,Hazardous and non-hazardous - Total,Waste treatment,Total waste,Turkiye,2010,55239243,
ESTAT:ENV_WASTRT(1.0),15.09.22 11:00,Annual,Tonne,Hazardous and non-hazardous - Total,Waste treatment,Total waste,Turkiye,2012,67944569,
ESTAT:ENV_WASTRT(1.0),15.09.22 11:00,Annual,Tonne,Hazardous and non-hazardous - Total,Waste treatment,Total waste,Turkiye,2014,79268271,
ESTAT:ENV_WASTRT(1.0),15.09.22 11:00,Annual,Tonne,Hazardous and non-hazardous - Total,Waste treatment,Total waste,Turkiye,2016,100473043,
ESTAT:ENV_WASTRT(1.0),15.09.22 11:00,Annual,Tonne,Hazardous and non-hazardous - Total,Waste treatment,Total waste,Turkiye,2018,134277450,
ESTAT:ENV_WASTRT(1.0),15.09.22 11:00,Annual,Tonne,Hazardous and non-hazardous - Total,Waste treatment,Total waste,Turkiye,2020,153269004,
ESTAT:ENV_WASTRT(1.0),15.09.22 11:00,Annual,Tonne,Hazardous and non-hazardous - Total,Waste treatment,Total waste,United Kingdom,2004,217189763,
ESTAT:ENV_WASTRT(1.0),15.09.22 11:00,Annual,Tonne,Hazardous and non-hazardous - Total,Waste treatment,Total waste,United Kingdom,2006,241460991,
ESTAT:ENV_WASTRT(1.0),15.09.22 11:00,Annual,Tonne,Hazardous and non-hazardous - Total,Waste treatment,Total waste,United Kingdom,2008,265086442,
ESTAT:ENV_WASTRT(1.0),15.09.22 11:00,Annual,Tonne,Hazardous and non-hazardous - Total,Waste treatment,Total waste,United Kingdom,2010,200194746,
ESTAT:ENV_WASTRT(1.0),15.09.22 11:00,Annual,Tonne,Hazardous and non-hazardous - Total,Waste treatment,Total waste,United Kingdom,2012,192858221,
ESTAT:ENV_WASTRT(1.0),15.09.22 11:00,Annual,Tonne,Hazardous and non-hazardous - Total,Waste treatment,Total waste,United Kingdom,2014,205109476,
ESTAT:ENV_WASTRT(1.0),15.09.22 11:00,Annual,Tonne,Hazardous and non-hazardous - Total,Waste treatment,Total waste,United Kingdom,2016,211489671,
ESTAT:ENV_WASTRT(1.0),15.09.22 11:00,Annual,Tonne,Hazardous and non-hazardous - Total,Waste treatment,Total waste,United Kingdom,2018,214836586,
ESTAT:ENV_WASTRT(1.0),15.09.22 11:00,Annual,Tonne,Hazardous and non-hazardous - Total,Waste treatment,Total waste,Kosovo (under United Nations Security Council Resolution 1244/99),2016,395251,
ESTAT:ENV_WASTRT(1.0),15.09.22 11:00,Annual,Tonne,Hazardous and non-hazardous - Total,Waste treatment,Total waste,Kosovo (under United Nations Security Council Resolution 1244/99),2020,2592895,